Alignment_position	IsPETase_position	IsPETase_residue	Global_consensus	Global_conservation	Actinomadura-like_consensus	Actinomadura-like_conservation	Actinomadura-like_nseq	Amycolatopsis-like_consensus	Amycolatopsis-like_conservation	Amycolatopsis-like_nseq	IsPETase-like_consensus	IsPETase-like_conservation	IsPETase-like_nseq	LCC-like_consensus	LCC-like_conservation	LCC-like_nseq	Microbispora-like_consensus	Microbispora-like_conservation	Microbispora-like_nseq	Nocardiopsis-like_consensus	Nocardiopsis-like_conservation	Nocardiopsis-like_nseq	Other_bacterial_consensus	Other_bacterial_conservation	Other_bacterial_nseq	Streptomyces-like_consensus	Streptomyces-like_conservation	Streptomyces-like_nseq	Thermobifida-like_consensus	Thermobifida-like_conservation	Thermobifida-like_nseq
1	NA	-	M	100.0	NA	NA	0	NA	NA	0	NA	NA	0	NA	NA	0	NA	NA	0	NA	NA	0	M	100.0	1	NA	NA	0	NA	NA	0
2	NA	-	R	100.0	NA	NA	0	NA	NA	0	NA	NA	0	NA	NA	0	NA	NA	0	NA	NA	0	R	100.0	1	NA	NA	0	NA	NA	0
3	NA	-	V	100.0	NA	NA	0	NA	NA	0	NA	NA	0	NA	NA	0	NA	NA	0	NA	NA	0	V	100.0	1	NA	NA	0	NA	NA	0
4	NA	-	M	50.0	M	100.0	1	NA	NA	0	NA	NA	0	NA	NA	0	NA	NA	0	NA	NA	0	L	100.0	1	NA	NA	0	NA	NA	0
5	NA	-	T	100.0	T	100.0	1	NA	NA	0	NA	NA	0	NA	NA	0	NA	NA	0	NA	NA	0	T	100.0	1	NA	NA	0	NA	NA	0
6	NA	-	G	100.0	G	100.0	1	NA	NA	0	NA	NA	0	NA	NA	0	NA	NA	0	NA	NA	0	G	100.0	1	NA	NA	0	NA	NA	0
7	NA	-	D	100.0	D	100.0	1	NA	NA	0	NA	NA	0	NA	NA	0	NA	NA	0	NA	NA	0	NA	NA	0	NA	NA	0	NA	NA	0
8	NA	-	F	100.0	F	100.0	1	NA	NA	0	NA	NA	0	NA	NA	0	NA	NA	0	NA	NA	0	NA	NA	0	NA	NA	0	NA	NA	0
9	NA	-	A	100.0	A	100.0	1	NA	NA	0	NA	NA	0	NA	NA	0	NA	NA	0	NA	NA	0	NA	NA	0	NA	NA	0	NA	NA	0
10	NA	-	D	100.0	D	100.0	1	NA	NA	0	NA	NA	0	NA	NA	0	NA	NA	0	NA	NA	0	NA	NA	0	NA	NA	0	NA	NA	0
11	NA	-	A	100.0	A	100.0	1	NA	NA	0	NA	NA	0	NA	NA	0	NA	NA	0	NA	NA	0	NA	NA	0	NA	NA	0	NA	NA	0
12	NA	-	R	100.0	R	100.0	1	NA	NA	0	NA	NA	0	NA	NA	0	NA	NA	0	NA	NA	0	NA	NA	0	NA	NA	0	NA	NA	0
13	NA	-	G	100.0	G	100.0	1	NA	NA	0	NA	NA	0	NA	NA	0	NA	NA	0	NA	NA	0	NA	NA	0	NA	NA	0	NA	NA	0
14	NA	-	P	100.0	P	100.0	1	NA	NA	0	NA	NA	0	NA	NA	0	NA	NA	0	NA	NA	0	NA	NA	0	NA	NA	0	NA	NA	0
15	NA	-	A	100.0	A	100.0	1	NA	NA	0	NA	NA	0	NA	NA	0	NA	NA	0	NA	NA	0	NA	NA	0	NA	NA	0	NA	NA	0
16	NA	-	A	100.0	A	100.0	1	NA	NA	0	NA	NA	0	NA	NA	0	NA	NA	0	NA	NA	0	NA	NA	0	NA	NA	0	NA	NA	0
17	NA	-	C	100.0	C	100.0	1	NA	NA	0	NA	NA	0	NA	NA	0	NA	NA	0	NA	NA	0	NA	NA	0	NA	NA	0	NA	NA	0
18	NA	-	A	100.0	A	100.0	1	NA	NA	0	NA	NA	0	NA	NA	0	NA	NA	0	NA	NA	0	NA	NA	0	NA	NA	0	NA	NA	0
19	NA	-	D	100.0	D	100.0	1	NA	NA	0	NA	NA	0	NA	NA	0	NA	NA	0	NA	NA	0	NA	NA	0	NA	NA	0	NA	NA	0
20	NA	-	C	50.0	C	100.0	1	NA	NA	0	NA	NA	0	NA	NA	0	NA	NA	0	NA	NA	0	G	100.0	1	NA	NA	0	NA	NA	0
21	NA	-	M	84.62	A	50.0	2	NA	NA	0	NA	NA	0	NA	NA	0	NA	NA	0	NA	NA	0	M	88.89	9	NA	NA	0	M	100.0	2
22	NA	-	A	26.67	M	50.0	4	NA	NA	0	NA	NA	0	NA	NA	0	NA	NA	0	NA	NA	0	A	44.44	9	NA	NA	0	P	100.0	2
23	NA	-	P	33.33	P	75.0	4	NA	NA	0	NA	NA	0	NA	NA	0	NA	NA	0	NA	NA	0	T	44.44	9	NA	NA	0	P	100.0	2
24	NA	-	G	33.33	G	100.0	3	NA	NA	0	NA	NA	0	NA	NA	0	NA	NA	0	NA	NA	0	D	42.86	7	NA	NA	0	H	100.0	2
25	NA	-	A	41.67	A	100.0	3	NA	NA	0	NA	NA	0	NA	NA	0	NA	NA	0	NA	NA	0	S	57.14	7	NA	NA	0	A	100.0	2
26	NA	-	S	45.45	G	66.67	3	NA	NA	0	NA	NA	0	NA	NA	0	NA	NA	0	NA	NA	0	S	83.33	6	NA	NA	0	A	100.0	2
27	NA	-	H	45.45	T	50.0	2	NA	NA	0	NA	NA	0	NA	NA	0	NA	NA	0	NA	NA	0	H	71.43	7	NA	NA	0	R	100.0	2
28	NA	-	R	60.0	R	100.0	2	NA	NA	0	NA	NA	0	NA	NA	0	NA	NA	0	NA	NA	0	G	33.33	3	NA	NA	0	NA	NA	0
29	NA	-	A	33.33	A	50.0	4	NA	NA	0	NA	NA	0	NA	NA	0	NA	NA	0	NA	NA	0	V	50.0	2	NA	NA	0	NA	NA	0
30	NA	-	P	75.0	E	50.0	4	NA	NA	0	NA	NA	0	NA	NA	0	NA	NA	0	NA	NA	0	P	100.0	2	NA	NA	0	P	100.0	2
31	NA	-	G	37.5	N	50.0	4	NA	NA	0	NA	NA	0	NA	NA	0	NA	NA	0	NA	NA	0	G	50.0	2	NA	NA	0	G	100.0	2
32	NA	-	P	61.54	V	50.0	4	NA	NA	0	NA	NA	0	NA	NA	0	NA	NA	0	NA	NA	0	P	85.71	7	NA	NA	0	P	100.0	2
33	NA	-	P	23.08	R	50.0	4	NA	NA	0	NA	NA	0	NA	NA	0	NA	NA	0	NA	NA	0	P	42.86	7	NA	NA	0	A	100.0	2
34	NA	-	M	31.58	Y	25.0	4	NA	NA	0	NA	NA	0	NA	NA	0	NA	NA	0	NA	NA	0	M	46.15	13	NA	NA	0	Q	100.0	2
35	NA	-	S	50.0	E	40.0	5	NA	NA	0	NA	NA	0	NA	NA	0	NA	NA	0	NA	NA	0	S	73.33	15	NA	NA	0	N	100.0	2
36	NA	-	R	59.09	E	40.0	5	NA	NA	0	NA	NA	0	NA	NA	0	NA	NA	0	NA	NA	0	R	73.33	15	NA	NA	0	R	100.0	2
37	NA	-	E	52.0	P	40.0	5	NA	NA	0	NA	NA	0	NA	NA	0	NA	NA	0	NA	NA	0	E	61.11	18	NA	NA	0	R	100.0	2
38	NA	-	Y	34.48	M	37.5	8	M	100.0	1	NA	NA	0	NA	NA	0	NA	NA	0	NA	NA	0	Y	55.56	18	NA	NA	0	G	100.0	2
39	NA	-	M	32.61	P	63.64	11	T	100.0	1	NA	NA	0	NA	NA	0	NA	NA	0	M	100.0	1	D	37.93	29	M	100.0	2	R	100.0	2
40	NA	-	D	26.92	R	36.36	11	T	100.0	1	NA	NA	0	NA	NA	0	NA	NA	0	N	100.0	1	D	34.29	35	T	50.0	2	A	100.0	2
41	NA	-	M	90.49	M	86.11	72	M	100.0	14	M	100.0	5	M	100.0	7	M	100.0	7	M	96.0	25	M	89.09	275	M	100.0	13	M	100.0	13
42	NA	-	R	20.86	R	27.4	73	G	33.33	9	S	33.33	6	S	28.57	7	P	71.43	7	R	44.0	25	R	19.25	265	Q	33.33	12	A	46.15	13
43	NA	-	S	15.15	R	32.35	68	G	22.22	18	S	33.33	6	G	28.57	7	T	57.14	7	T	48.0	25	S	16.12	242	S	30.0	10	V	84.62	13
44	NA	-	R	35.12	R	26.47	68	R	27.78	18	T	33.33	6	T	50.0	6	R	71.43	7	R	58.33	12	R	39.29	196	R	30.0	10	T	30.77	13
45	NA	-	P	17.98	P	25.0	24	R	36.36	11	N	100.0	1	R	100.0	1	P	100.0	2	N	100.0	1	P	14.62	130	P	62.5	8	NA	NA	0
46	NA	-	P	18.09	R	35.71	14	T	50.0	2	S	100.0	1	NA	NA	0	P	100.0	2	T	100.0	1	P	20.29	69	F	40.0	5	NA	NA	0
47	NA	-	T	22.62	R	45.45	11	I	50.0	2	NA	NA	0	NA	NA	0	T	100.0	2	P	100.0	1	T	25.0	68	NA	NA	0	NA	NA	0
48	NA	-	L	35.71	NA	NA	0	NA	NA	0	NA	NA	0	NA	NA	0	NA	NA	0	NA	NA	0	L	35.71	14	NA	NA	0	NA	NA	0
49	NA	-	R	25.0	NA	NA	0	NA	NA	0	NA	NA	0	NA	NA	0	NA	NA	0	NA	NA	0	N	23.08	13	R	66.67	3	NA	NA	0
50	NA	-	G	100.0	NA	NA	0	NA	NA	0	NA	NA	0	NA	NA	0	NA	NA	0	NA	NA	0	G	100.0	1	NA	NA	0	NA	NA	0
51	NA	-	R	100.0	NA	NA	0	NA	NA	0	NA	NA	0	NA	NA	0	NA	NA	0	NA	NA	0	R	100.0	1	NA	NA	0	NA	NA	0
52	NA	-	P	100.0	NA	NA	0	NA	NA	0	NA	NA	0	NA	NA	0	NA	NA	0	NA	NA	0	P	100.0	1	NA	NA	0	NA	NA	0
53	NA	-	D	100.0	NA	NA	0	NA	NA	0	NA	NA	0	NA	NA	0	NA	NA	0	NA	NA	0	D	100.0	1	NA	NA	0	NA	NA	0
54	NA	-	R	100.0	NA	NA	0	NA	NA	0	NA	NA	0	NA	NA	0	NA	NA	0	NA	NA	0	R	100.0	1	NA	NA	0	NA	NA	0
55	NA	-	A	100.0	NA	NA	0	NA	NA	0	NA	NA	0	NA	NA	0	NA	NA	0	NA	NA	0	A	100.0	1	NA	NA	0	NA	NA	0
56	NA	-	H	100.0	NA	NA	0	NA	NA	0	NA	NA	0	NA	NA	0	NA	NA	0	NA	NA	0	H	100.0	1	NA	NA	0	NA	NA	0
57	NA	-	K	20.0	NA	NA	0	NA	NA	0	NA	NA	0	NA	NA	0	NA	NA	0	NA	NA	0	K	20.0	10	NA	NA	0	NA	NA	0
58	NA	-	S	40.91	S	100.0	3	NA	NA	0	NA	NA	0	NA	NA	0	NA	NA	0	NA	NA	0	S	31.58	19	NA	NA	0	NA	NA	0
59	NA	-	R	19.23	D	100.0	3	NA	NA	0	NA	NA	0	NA	NA	0	NA	NA	0	L	33.33	3	R	25.0	20	NA	NA	0	NA	NA	0
60	NA	-	T	20.0	S	100.0	3	NA	NA	0	NA	NA	0	NA	NA	0	NA	NA	0	Y	33.33	12	T	30.0	20	NA	NA	0	NA	NA	0
61	NA	-	P	23.68	A	100.0	3	NA	NA	0	NA	NA	0	NA	NA	0	NA	NA	0	P	58.33	12	A	21.74	23	NA	NA	0	NA	NA	0
62	NA	-	E	22.5	L	100.0	1	NA	NA	0	NA	NA	0	S	33.33	3	NA	NA	0	L	54.55	11	E	32.0	25	NA	NA	0	NA	NA	0
63	NA	-	T	25.86	E	50.0	2	NA	NA	0	S	50.0	2	T	50.0	4	NA	NA	0	S	61.54	13	Q	29.63	27	NA	NA	0	T	100.0	10
64	NA	-	P	87.76	P	100.0	6	A	50.0	2	P	100.0	2	P	75.0	4	P	100.0	2	P	100.0	15	P	82.46	57	NA	NA	0	P	100.0	10
65	NA	-	R	63.64	NA	NA	0	NA	NA	0	R	50.0	2	R	50.0	2	NA	NA	0	NA	NA	0	R	25.0	8	NA	NA	0	R	100.0	10
66	NA	-	R	43.33	NA	NA	0	NA	NA	0	Q	50.0	2	R	25.0	4	NA	NA	0	NA	NA	0	E	57.14	14	NA	NA	0	R	100.0	10
67	NA	-	E	32.14	NA	NA	0	NA	NA	0	D	100.0	1	F	50.0	4	NA	NA	0	NA	NA	0	A	46.15	13	NA	NA	0	E	90.0	10
68	NA	-	A	42.86	NA	NA	0	NA	NA	0	T	100.0	1	A	66.67	3	NA	NA	0	NA	NA	0	A	40.0	10	NA	NA	0	NA	NA	0
69	NA	-	C	100.0	NA	NA	0	NA	NA	0	NA	NA	0	NA	NA	0	NA	NA	0	NA	NA	0	C	100.0	1	NA	NA	0	NA	NA	0
70	NA	-	R	100.0	NA	NA	0	NA	NA	0	NA	NA	0	NA	NA	0	NA	NA	0	NA	NA	0	R	100.0	1	NA	NA	0	NA	NA	0
71	NA	-	R	100.0	NA	NA	0	NA	NA	0	NA	NA	0	NA	NA	0	NA	NA	0	NA	NA	0	R	100.0	1	NA	NA	0	NA	NA	0
72	NA	-	F	100.0	NA	NA	0	NA	NA	0	NA	NA	0	NA	NA	0	NA	NA	0	NA	NA	0	F	100.0	1	NA	NA	0	NA	NA	0
73	NA	-	T	100.0	NA	NA	0	NA	NA	0	NA	NA	0	NA	NA	0	NA	NA	0	NA	NA	0	T	100.0	1	NA	NA	0	NA	NA	0
74	NA	-	D	100.0	NA	NA	0	NA	NA	0	NA	NA	0	NA	NA	0	NA	NA	0	NA	NA	0	D	100.0	1	NA	NA	0	NA	NA	0
75	NA	-	G	100.0	NA	NA	0	NA	NA	0	NA	NA	0	NA	NA	0	NA	NA	0	NA	NA	0	G	100.0	1	NA	NA	0	NA	NA	0
76	NA	-	R	100.0	NA	NA	0	NA	NA	0	NA	NA	0	NA	NA	0	NA	NA	0	NA	NA	0	R	100.0	1	NA	NA	0	NA	NA	0
77	NA	-	R	50.0	NA	NA	0	NA	NA	0	NA	NA	0	NA	NA	0	NA	NA	0	NA	NA	0	R	50.0	4	NA	NA	0	NA	NA	0
78	NA	-	T	31.58	P	100.0	3	T	100.0	1	NA	NA	0	E	66.67	3	NA	NA	0	NA	NA	0	T	41.67	12	NA	NA	0	NA	NA	0
79	NA	-	I	21.05	I	100.0	3	S	100.0	1	NA	NA	0	H	66.67	3	NA	NA	0	NA	NA	0	A	25.0	12	NA	NA	0	NA	NA	0
80	NA	-	S	35.71	R	50.0	6	S	100.0	1	NA	NA	0	T	66.67	3	NA	NA	0	E	80.0	5	S	61.54	13	NA	NA	0	NA	NA	0
81	NA	-	E	29.73	G	50.0	6	G	100.0	1	NA	NA	0	D	100.0	3	NA	NA	0	E	53.85	13	E	36.36	11	T	66.67	3	NA	NA	0
82	NA	-	T	34.09	S	50.0	6	D	50.0	2	NA	NA	0	S	100.0	3	NA	NA	0	T	64.29	14	T	37.5	16	G	66.67	3	NA	NA	0
83	NA	-	D	17.39	R	50.0	6	R	50.0	2	NA	NA	0	D	66.67	3	NA	NA	0	D	33.33	12	Q	25.0	20	D	33.33	3	NA	NA	0
84	NA	-	G	15.91	L	71.43	7	V	50.0	2	NA	NA	0	V	66.67	3	NA	NA	0	G	50.0	8	A	27.27	22	I	50.0	2	NA	NA	0
85	NA	-	P	20.83	T	50.0	6	R	50.0	2	NA	NA	0	S	66.67	3	NA	NA	0	A	50.0	8	P	25.0	28	Q	100.0	1	NA	NA	0
86	NA	-	L	25.61	A	71.43	7	P	50.0	2	A	50.0	2	V	66.67	3	L	100.0	2	R	37.5	8	L	36.73	49	A	66.67	3	R	100.0	6
87	NA	-	S	34.38	P	100.0	9	L	50.0	2	S	50.0	2	S	50.0	4	L	100.0	2	S	30.0	10	S	38.89	54	P	100.0	3	S	60.0	10
88	NA	-	T	25.74	P	37.5	8	R	100.0	2	S	100.0	2	P	50.0	4	R	100.0	2	G	25.0	12	T	37.29	59	R	50.0	2	S	100.0	10
89	NA	-	P	62.39	P	85.71	7	S	50.0	2	A	100.0	2	S	50.0	4	R	100.0	2	P	91.67	12	P	73.53	68	R	50.0	2	L	100.0	10
90	NA	-	R	26.39	R	50.0	6	P	50.0	2	NA	NA	0	NA	NA	0	L	50.0	2	R	60.0	5	R	21.82	55	H	50.0	2	NA	NA	0
91	NA	-	R	53.33	Q	28.57	7	H	50.0	2	NA	NA	0	NA	NA	0	S	100.0	2	S	33.33	6	R	62.5	56	R	100.0	2	NA	NA	0
92	NA	-	G	33.33	NA	NA	0	NA	NA	0	NA	NA	0	NA	NA	0	NA	NA	0	NA	NA	0	G	100.0	1	M	50.0	2	NA	NA	0
93	NA	-	E	33.33	E	60.0	5	NA	NA	0	NA	NA	0	NA	NA	0	NA	NA	0	NA	NA	0	G	50.0	2	S	50.0	2	NA	NA	0
94	NA	-	R	37.5	R	60.0	5	NA	NA	0	NA	NA	0	NA	NA	0	NA	NA	0	NA	NA	0	F	100.0	1	K	50.0	2	NA	NA	0
95	NA	-	S	62.5	S	60.0	5	NA	NA	0	NA	NA	0	NA	NA	0	NA	NA	0	NA	NA	0	S	100.0	1	S	50.0	2	NA	NA	0
96	NA	-	R	50.0	D	50.0	6	NA	NA	0	NA	NA	0	NA	NA	0	NA	NA	0	NA	NA	0	R	100.0	1	G	66.67	3	NA	NA	0
97	NA	-	V	36.36	V	50.0	6	NA	NA	0	NA	NA	0	NA	NA	0	NA	NA	0	NA	NA	0	M	50.0	2	S	33.33	3	NA	NA	0
98	NA	-	R	75.0	R	100.0	7	NA	NA	0	NA	NA	0	NA	NA	0	NA	NA	0	NA	NA	0	K	100.0	2	R	66.67	3	NA	NA	0
99	NA	-	S	25.0	S	42.86	7	NA	NA	0	NA	NA	0	NA	NA	0	NA	NA	0	NA	NA	0	R	50.0	2	R	66.67	3	NA	NA	0
100	NA	-	L	83.33	L	83.33	6	NA	NA	0	NA	NA	0	NA	NA	0	NA	NA	0	NA	NA	0	NA	NA	0	NA	NA	0	NA	NA	0
101	NA	-	P	100.0	P	100.0	3	NA	NA	0	NA	NA	0	NA	NA	0	NA	NA	0	NA	NA	0	NA	NA	0	NA	NA	0	NA	NA	0
102	1	M	G	17.14	R	28.57	7	NA	NA	0	M	50.0	2	L	100.0	1	NA	NA	0	NA	NA	0	G	27.27	22	A	100.0	3	NA	NA	0
103	NA	-	R	26.09	R	57.14	7	A	75.0	8	NA	NA	0	NA	NA	0	S	100.0	5	R	25.0	8	R	29.82	57	L	50.0	4	S	66.67	3
104	2	N	F	14.37	A	36.36	11	W	55.56	9	I	50.0	4	W	100.0	1	M	100.0	6	P	50.0	10	F	16.95	118	I	20.0	5	L	100.0	3
105	3	F	L	19.89	L	32.08	53	L	30.0	20	L	42.86	7	R	83.33	6	T	75.0	8	R	48.0	25	M	15.81	234	R	36.36	11	L	76.92	13
106	NA	-	I	50.0	NA	NA	0	NA	NA	0	NA	NA	0	NA	NA	0	NA	NA	0	A	100.0	1	I	100.0	1	NA	NA	0	NA	NA	0
107	4	P	R	29.16	R	27.59	58	K	33.33	24	K	28.57	7	S	66.67	6	A	54.55	11	R	40.74	27	R	31.79	302	G	20.0	15	S	76.92	13
108	5	R	R	64.14	R	59.42	69	R	41.67	24	R	85.71	7	R	50.0	6	R	54.55	11	R	62.96	27	R	65.56	302	R	66.67	15	R	100.0	13
109	NA	-	G	40.0	NA	NA	0	NA	NA	0	NA	NA	0	NA	NA	0	NA	NA	0	NA	NA	0	G	40.0	5	NA	NA	0	NA	NA	0
110	6	A	A	21.33	A	40.0	65	A	31.58	19	L	42.86	7	G	33.33	6	T	100.0	11	V	20.0	20	L	18.39	223	A	21.43	14	A	100.0	10
111	7	S	L	23.0	L	30.77	39	L	66.67	3	S	50.0	4	A	40.0	5	NA	NA	0	A	36.84	19	A	21.54	130	L	100.0	3	L	80.0	10
112	8	R	R	39.52	R	42.11	38	H	50.0	2	R	50.0	4	R	40.0	5	NA	NA	0	R	57.89	19	R	28.26	46	NA	NA	0	R	50.0	10
113	9	L	R	17.02	A	40.0	10	Q	50.0	2	T	50.0	4	I	40.0	5	NA	NA	0	F	30.0	20	R	25.58	43	NA	NA	0	V	50.0	10
114	NA	-	L	23.08	F	100.0	1	N	100.0	1	A	100.0	1	NA	NA	0	NA	NA	0	NA	NA	0	L	30.0	10	NA	NA	0	NA	NA	0
115	NA	-	S	33.33	NA	NA	0	A	100.0	1	NA	NA	0	NA	NA	0	NA	NA	0	NA	NA	0	S	50.0	2	NA	NA	0	NA	NA	0
116	NA	-	G	100.0	NA	NA	0	NA	NA	0	NA	NA	0	NA	NA	0	NA	NA	0	NA	NA	0	G	100.0	1	NA	NA	0	NA	NA	0
117	NA	-	P	100.0	NA	NA	0	NA	NA	0	NA	NA	0	NA	NA	0	NA	NA	0	NA	NA	0	P	100.0	1	NA	NA	0	NA	NA	0
118	NA	-	G	100.0	NA	NA	0	NA	NA	0	NA	NA	0	NA	NA	0	NA	NA	0	NA	NA	0	G	100.0	1	NA	NA	0	NA	NA	0
119	NA	-	R	100.0	NA	NA	0	NA	NA	0	NA	NA	0	NA	NA	0	NA	NA	0	NA	NA	0	R	100.0	1	NA	NA	0	NA	NA	0
120	NA	-	G	100.0	NA	NA	0	NA	NA	0	NA	NA	0	NA	NA	0	NA	NA	0	NA	NA	0	G	100.0	1	NA	NA	0	NA	NA	0
121	NA	-	A	100.0	NA	NA	0	NA	NA	0	NA	NA	0	NA	NA	0	NA	NA	0	NA	NA	0	A	100.0	1	NA	NA	0	NA	NA	0
122	NA	-	R	100.0	NA	NA	0	NA	NA	0	NA	NA	0	NA	NA	0	NA	NA	0	NA	NA	0	R	100.0	1	NA	NA	0	NA	NA	0
123	NA	-	G	100.0	NA	NA	0	NA	NA	0	NA	NA	0	NA	NA	0	NA	NA	0	NA	NA	0	G	100.0	1	NA	NA	0	NA	NA	0
124	NA	-	L	100.0	NA	NA	0	NA	NA	0	NA	NA	0	NA	NA	0	NA	NA	0	NA	NA	0	L	100.0	1	NA	NA	0	NA	NA	0
125	NA	-	W	100.0	NA	NA	0	NA	NA	0	NA	NA	0	NA	NA	0	NA	NA	0	NA	NA	0	W	100.0	1	NA	NA	0	NA	NA	0
126	NA	-	P	100.0	NA	NA	0	NA	NA	0	NA	NA	0	NA	NA	0	NA	NA	0	NA	NA	0	P	100.0	1	NA	NA	0	NA	NA	0
127	NA	-	S	100.0	NA	NA	0	NA	NA	0	NA	NA	0	NA	NA	0	NA	NA	0	NA	NA	0	S	100.0	1	NA	NA	0	NA	NA	0
128	NA	-	R	20.0	F	100.0	1	NA	NA	0	V	50.0	2	NA	NA	0	NA	NA	0	P	100.0	1	R	100.0	1	NA	NA	0	NA	NA	0
129	NA	-	L	45.83	L	60.0	5	NA	NA	0	R	100.0	2	NA	NA	0	NA	NA	0	L	100.0	1	L	43.75	16	NA	NA	0	NA	NA	0
130	10	M	A	39.16	A	80.0	20	A	100.0	2	V	50.0	4	A	50.0	4	T	60.0	5	A	89.47	19	L	34.88	86	V	66.67	3	NA	NA	0
131	11	Q	A	39.02	M	40.0	10	A	100.0	1	A	66.67	3	G	100.0	3	L	100.0	5	A	73.68	19	T	39.02	82	NA	NA	0	NA	NA	0
132	12	A	R	29.07	L	40.0	10	L	100.0	1	A	100.0	3	T	100.0	3	A	60.0	5	R	68.42	19	K	33.33	45	NA	NA	0	NA	NA	0
133	13	A	L	52.38	L	70.0	10	T	100.0	1	R	66.67	3	L	100.0	3	L	100.0	5	S	31.58	19	L	62.79	43	NA	NA	0	NA	NA	0
134	NA	-	K	38.1	K	66.67	9	NA	NA	0	NA	NA	0	NA	NA	0	NA	NA	0	A	100.0	1	A	27.27	11	NA	NA	0	NA	NA	0
135	NA	-	I	100.0	NA	NA	0	NA	NA	0	NA	NA	0	NA	NA	0	NA	NA	0	NA	NA	0	I	100.0	1	NA	NA	0	NA	NA	0
136	NA	-	S	100.0	NA	NA	0	NA	NA	0	NA	NA	0	NA	NA	0	NA	NA	0	NA	NA	0	S	100.0	1	NA	NA	0	NA	NA	0
137	NA	-	T	33.33	NA	NA	0	R	100.0	1	NA	NA	0	NA	NA	0	NA	NA	0	NA	NA	0	T	50.0	2	NA	NA	0	NA	NA	0
138	NA	-	P	50.0	NA	NA	0	G	100.0	1	NA	NA	0	NA	NA	0	NA	NA	0	NA	NA	0	P	66.67	3	NA	NA	0	NA	NA	0
139	NA	-	R	26.67	NA	NA	0	N	100.0	1	NA	NA	0	NA	NA	0	NA	NA	0	NA	NA	0	R	28.57	14	NA	NA	0	NA	NA	0
140	NA	-	A	20.93	R	40.0	10	R	100.0	1	NA	NA	0	NA	NA	0	NA	NA	0	S	100.0	1	A	19.35	31	NA	NA	0	NA	NA	0
141	14	V	A	24.19	K	18.84	69	A	50.0	4	T	40.0	5	A	66.67	6	V	100.0	5	A	55.0	20	A	21.94	155	A	66.67	3	T	80.0	10
142	15	L	L	42.03	L	51.35	74	L	52.94	17	L	50.0	6	M	50.0	6	L	54.55	11	L	25.0	28	L	42.06	340	A	42.86	7	A	76.92	13
143	NA	-	R	40.0	NA	NA	0	R	100.0	2	NA	NA	0	NA	NA	0	NA	NA	0	NA	NA	0	K	37.5	8	NA	NA	0	NA	NA	0
144	NA	-	L	40.0	NA	NA	0	R	100.0	1	NA	NA	0	NA	NA	0	NA	NA	0	NA	NA	0	L	50.0	4	NA	NA	0	NA	NA	0
145	NA	-	R	50.0	NA	NA	0	NA	NA	0	NA	NA	0	NA	NA	0	NA	NA	0	NA	NA	0	R	50.0	2	NA	NA	0	NA	NA	0
146	NA	-	C	80.0	NA	NA	0	NA	NA	0	NA	NA	0	NA	NA	0	NA	NA	0	NA	NA	0	C	80.0	5	NA	NA	0	NA	NA	0
147	NA	-	A	40.0	A	100.0	3	NA	NA	0	NA	NA	0	NA	NA	0	NA	NA	0	NA	NA	0	A	50.0	6	S	50.0	6	NA	NA	0
148	NA	-	R	42.86	A	100.0	3	NA	NA	0	NA	NA	0	NA	NA	0	NA	NA	0	NA	NA	0	V	20.0	5	R	100.0	6	NA	NA	0
149	NA	-	L	42.86	L	100.0	3	NA	NA	0	NA	NA	0	NA	NA	0	NA	NA	0	NA	NA	0	L	40.0	5	A	33.33	6	NA	NA	0
150	NA	-	A	26.67	A	50.0	4	NA	NA	0	NA	NA	0	NA	NA	0	NA	NA	0	NA	NA	0	A	40.0	5	L	33.33	6	NA	NA	0
151	NA	-	G	52.17	A	50.0	4	NA	NA	0	NA	NA	0	NA	NA	0	NA	NA	0	NA	NA	0	G	46.15	13	G	83.33	6	NA	NA	0
152	16	G	A	33.72	A	46.97	66	V	31.82	22	A	50.0	6	A	85.71	7	L	91.67	12	A	40.0	30	A	29.6	348	T	26.67	15	A	76.92	13
153	17	G	G	30.43	R	100.0	2	NA	NA	0	G	100.0	2	S	50.0	2	NA	NA	0	NA	NA	0	A	29.41	17	NA	NA	0	NA	NA	0
154	NA	-	A	50.0	T	100.0	1	NA	NA	0	NA	NA	0	NA	NA	0	NA	NA	0	NA	NA	0	A	60.0	5	NA	NA	0	NA	NA	0
155	NA	-	P	100.0	NA	NA	0	NA	NA	0	NA	NA	0	NA	NA	0	NA	NA	0	NA	NA	0	P	100.0	1	NA	NA	0	NA	NA	0
156	NA	-	T	100.0	NA	NA	0	NA	NA	0	NA	NA	0	NA	NA	0	NA	NA	0	NA	NA	0	T	100.0	1	NA	NA	0	NA	NA	0
157	NA	-	D	100.0	NA	NA	0	NA	NA	0	NA	NA	0	NA	NA	0	NA	NA	0	NA	NA	0	D	100.0	1	NA	NA	0	NA	NA	0
158	NA	-	S	100.0	NA	NA	0	NA	NA	0	NA	NA	0	NA	NA	0	NA	NA	0	NA	NA	0	S	100.0	1	NA	NA	0	NA	NA	0
159	NA	-	I	100.0	NA	NA	0	NA	NA	0	NA	NA	0	NA	NA	0	NA	NA	0	NA	NA	0	I	100.0	1	NA	NA	0	NA	NA	0
160	NA	-	Q	50.0	NA	NA	0	NA	NA	0	NA	NA	0	NA	NA	0	NA	NA	0	NA	NA	0	Q	50.0	2	NA	NA	0	NA	NA	0
161	NA	-	A	18.18	R	100.0	1	NA	NA	0	NA	NA	0	NA	NA	0	NA	NA	0	NA	NA	0	A	20.0	10	NA	NA	0	NA	NA	0
162	NA	-	F	30.0	R	100.0	2	NA	NA	0	NA	NA	0	NA	NA	0	NA	NA	0	NA	NA	0	F	37.5	8	NA	NA	0	NA	NA	0
163	NA	-	A	33.88	P	44.68	47	A	59.09	22	G	50.0	2	NA	NA	0	A	100.0	6	A	70.0	10	A	34.1	261	V	33.33	12	T	66.67	3
164	NA	-	L	44.88	L	42.7	89	L	44.0	25	L	40.0	5	A	80.0	5	L	50.0	12	L	43.33	30	L	46.54	361	L	58.82	17	A	76.92	13
165	NA	-	L	24.14	T	100.0	1	NA	NA	0	L	50.0	2	NA	NA	0	NA	NA	0	NA	NA	0	L	23.08	26	NA	NA	0	NA	NA	0
166	NA	-	T	31.58	NA	NA	0	NA	NA	0	S	50.0	2	NA	NA	0	NA	NA	0	NA	NA	0	T	35.29	17	NA	NA	0	NA	NA	0
167	NA	-	F	50.0	NA	NA	0	NA	NA	0	F	100.0	1	NA	NA	0	NA	NA	0	NA	NA	0	C	100.0	1	NA	NA	0	NA	NA	0
168	NA	-	L	44.44	L	90.0	10	NA	NA	0	S	100.0	2	NA	NA	0	NA	NA	0	NA	NA	0	A	33.33	15	NA	NA	0	NA	NA	0
169	NA	-	A	30.77	P	30.0	10	NA	NA	0	A	100.0	2	NA	NA	0	NA	NA	0	NA	NA	0	S	35.71	14	NA	NA	0	NA	NA	0
170	18	L	A	42.76	A	61.11	90	V	36.0	25	A	83.33	6	A	42.86	7	T	66.67	6	L	30.0	30	A	38.98	372	A	41.18	17	A	76.92	13
171	19	M	A	36.72	A	54.26	94	A	44.0	25	M	33.33	6	L	57.14	7	A	66.67	12	L	61.29	31	A	33.25	388	A	70.59	17	T	72.73	11
172	NA	-	S	21.43	NA	NA	0	NA	NA	0	NA	NA	0	NA	NA	0	NA	NA	0	NA	NA	0	I	25.0	12	S	100.0	2	NA	NA	0
173	20	A	A	42.86	A	57.29	96	A	44.0	25	A	50.0	6	A	100.0	7	L	50.0	12	A	38.71	31	A	39.23	390	A	35.29	17	A	72.73	11
174	21	V	L	51.03	L	67.01	97	L	31.82	22	V	50.0	6	M	42.86	7	A	66.67	6	L	38.71	31	L	49.61	383	L	52.94	17	L	81.82	11
175	22	S	A	33.43	A	41.76	91	V	37.5	8	S	50.0	6	A	85.71	7	NA	NA	0	G	47.62	21	A	32.69	208	L	80.0	10	V	100.0	8
176	NA	-	L	24.64	A	40.0	5	V	100.0	1	NA	NA	0	NA	NA	0	NA	NA	0	G	100.0	1	L	27.59	58	T	75.0	4	NA	NA	0
177	NA	-	V	50.0	NA	NA	0	NA	NA	0	NA	NA	0	NA	NA	0	NA	NA	0	NA	NA	0	V	50.0	2	NA	NA	0	NA	NA	0
178	NA	-	G	75.0	NA	NA	0	NA	NA	0	NA	NA	0	NA	NA	0	NA	NA	0	NA	NA	0	G	75.0	4	NA	NA	0	NA	NA	0
179	NA	-	L	75.0	NA	NA	0	NA	NA	0	NA	NA	0	NA	NA	0	NA	NA	0	NA	NA	0	L	75.0	4	NA	NA	0	NA	NA	0
180	NA	-	T	75.0	NA	NA	0	NA	NA	0	NA	NA	0	NA	NA	0	NA	NA	0	NA	NA	0	T	75.0	4	NA	NA	0	NA	NA	0
181	NA	-	G	50.0	NA	NA	0	NA	NA	0	NA	NA	0	NA	NA	0	NA	NA	0	NA	NA	0	G	50.0	4	NA	NA	0	NA	NA	0
182	NA	-	C	100.0	NA	NA	0	NA	NA	0	NA	NA	0	NA	NA	0	NA	NA	0	NA	NA	0	C	100.0	3	NA	NA	0	NA	NA	0
183	NA	-	G	66.67	NA	NA	0	NA	NA	0	NA	NA	0	NA	NA	0	NA	NA	0	NA	NA	0	G	66.67	3	NA	NA	0	NA	NA	0
184	NA	-	A	66.67	NA	NA	0	NA	NA	0	NA	NA	0	NA	NA	0	NA	NA	0	NA	NA	0	A	66.67	3	NA	NA	0	NA	NA	0
185	NA	-	K	66.67	NA	NA	0	NA	NA	0	NA	NA	0	NA	NA	0	NA	NA	0	NA	NA	0	K	66.67	3	NA	NA	0	NA	NA	0
186	NA	-	V	33.33	NA	NA	0	NA	NA	0	NA	NA	0	NA	NA	0	NA	NA	0	NA	NA	0	V	33.33	3	NA	NA	0	NA	NA	0
187	NA	-	A	66.67	NA	NA	0	NA	NA	0	NA	NA	0	NA	NA	0	NA	NA	0	NA	NA	0	A	66.67	3	NA	NA	0	NA	NA	0
188	NA	-	P	33.33	NA	NA	0	NA	NA	0	NA	NA	0	NA	NA	0	NA	NA	0	NA	NA	0	P	33.33	3	NA	NA	0	NA	NA	0
189	NA	-	G	66.67	NA	NA	0	NA	NA	0	NA	NA	0	NA	NA	0	NA	NA	0	NA	NA	0	G	66.67	3	NA	NA	0	NA	NA	0
190	NA	-	A	33.33	NA	NA	0	NA	NA	0	NA	NA	0	NA	NA	0	NA	NA	0	NA	NA	0	A	33.33	3	NA	NA	0	NA	NA	0
191	NA	-	T	66.67	NA	NA	0	NA	NA	0	NA	NA	0	NA	NA	0	NA	NA	0	NA	NA	0	T	66.67	3	NA	NA	0	NA	NA	0
192	NA	-	P	66.67	NA	NA	0	NA	NA	0	NA	NA	0	NA	NA	0	NA	NA	0	NA	NA	0	P	66.67	3	NA	NA	0	NA	NA	0
193	NA	-	S	50.0	NA	NA	0	NA	NA	0	NA	NA	0	NA	NA	0	NA	NA	0	NA	NA	0	S	50.0	2	NA	NA	0	NA	NA	0
194	NA	-	D	100.0	NA	NA	0	NA	NA	0	NA	NA	0	NA	NA	0	NA	NA	0	NA	NA	0	D	100.0	2	NA	NA	0	NA	NA	0
195	NA	-	V	50.0	NA	NA	0	NA	NA	0	NA	NA	0	NA	NA	0	NA	NA	0	NA	NA	0	V	50.0	2	NA	NA	0	NA	NA	0
196	NA	-	A	50.0	NA	NA	0	NA	NA	0	NA	NA	0	NA	NA	0	NA	NA	0	NA	NA	0	A	50.0	2	NA	NA	0	NA	NA	0
197	NA	-	A	100.0	NA	NA	0	NA	NA	0	NA	NA	0	NA	NA	0	NA	NA	0	NA	NA	0	A	100.0	2	NA	NA	0	NA	NA	0
198	NA	-	T	50.0	NA	NA	0	NA	NA	0	NA	NA	0	NA	NA	0	NA	NA	0	NA	NA	0	T	50.0	2	NA	NA	0	NA	NA	0
199	NA	-	E	50.0	NA	NA	0	NA	NA	0	NA	NA	0	NA	NA	0	NA	NA	0	NA	NA	0	E	50.0	2	NA	NA	0	NA	NA	0
200	NA	-	Q	50.0	NA	NA	0	NA	NA	0	NA	NA	0	NA	NA	0	NA	NA	0	NA	NA	0	Q	50.0	2	NA	NA	0	NA	NA	0
201	NA	-	A	50.0	NA	NA	0	NA	NA	0	NA	NA	0	NA	NA	0	NA	NA	0	NA	NA	0	A	50.0	2	NA	NA	0	NA	NA	0
202	NA	-	S	100.0	NA	NA	0	NA	NA	0	NA	NA	0	NA	NA	0	NA	NA	0	NA	NA	0	S	100.0	2	NA	NA	0	NA	NA	0
203	NA	-	G	50.0	NA	NA	0	NA	NA	0	NA	NA	0	NA	NA	0	NA	NA	0	NA	NA	0	G	50.0	2	NA	NA	0	NA	NA	0
204	NA	-	D	100.0	NA	NA	0	NA	NA	0	NA	NA	0	NA	NA	0	NA	NA	0	NA	NA	0	D	100.0	2	NA	NA	0	NA	NA	0
205	NA	-	P	50.0	NA	NA	0	NA	NA	0	NA	NA	0	NA	NA	0	NA	NA	0	NA	NA	0	P	50.0	2	NA	NA	0	NA	NA	0
206	NA	-	A	50.0	NA	NA	0	NA	NA	0	NA	NA	0	NA	NA	0	NA	NA	0	NA	NA	0	A	50.0	2	NA	NA	0	NA	NA	0
207	NA	-	G	100.0	NA	NA	0	NA	NA	0	NA	NA	0	NA	NA	0	NA	NA	0	NA	NA	0	G	100.0	2	NA	NA	0	NA	NA	0
208	NA	-	T	50.0	NA	NA	0	NA	NA	0	NA	NA	0	NA	NA	0	NA	NA	0	NA	NA	0	T	50.0	2	NA	NA	0	NA	NA	0
209	NA	-	A	100.0	NA	NA	0	NA	NA	0	NA	NA	0	NA	NA	0	NA	NA	0	NA	NA	0	A	100.0	2	NA	NA	0	NA	NA	0
210	NA	-	D	50.0	NA	NA	0	NA	NA	0	NA	NA	0	NA	NA	0	NA	NA	0	NA	NA	0	D	50.0	2	NA	NA	0	NA	NA	0
211	NA	-	G	50.0	NA	NA	0	NA	NA	0	NA	NA	0	NA	NA	0	NA	NA	0	NA	NA	0	G	50.0	2	NA	NA	0	NA	NA	0
212	NA	-	D	66.67	NA	NA	0	NA	NA	0	NA	NA	0	NA	NA	0	NA	NA	0	NA	NA	0	D	66.67	3	NA	NA	0	NA	NA	0
213	NA	-	P	60.0	NA	NA	0	NA	NA	0	NA	NA	0	NA	NA	0	NA	NA	0	NA	NA	0	P	60.0	5	NA	NA	0	NA	NA	0
214	NA	-	A	66.67	NA	NA	0	NA	NA	0	NA	NA	0	NA	NA	0	NA	NA	0	NA	NA	0	A	66.67	6	NA	NA	0	NA	NA	0
215	NA	-	V	35.71	A	100.0	2	V	80.0	10	NA	NA	0	NA	NA	0	V	100.0	6	NA	NA	0	V	20.41	49	G	66.67	3	NA	NA	0
216	NA	-	A	30.46	L	37.5	8	A	71.43	14	NA	NA	0	NA	NA	0	V	100.0	6	L	80.0	10	A	30.0	150	L	50.0	6	L	100.0	3
217	NA	-	L	36.13	A	37.5	16	L	50.0	14	NA	NA	0	NA	NA	0	L	100.0	6	T	50.0	10	L	38.8	183	A	66.67	6	A	66.67	3
218	23	A	A	42.3	A	73.63	91	T	60.0	15	A	66.67	6	G	42.86	7	A	100.0	12	A	30.0	30	A	33.64	327	L	33.33	12	A	53.85	13
219	NA	-	G	44.44	NA	NA	0	NA	NA	0	NA	NA	0	NA	NA	0	NA	NA	0	G	100.0	3	P	33.33	6	NA	NA	0	NA	NA	0
220	NA	-	K	100.0	NA	NA	0	NA	NA	0	NA	NA	0	NA	NA	0	NA	NA	0	NA	NA	0	K	100.0	1	NA	NA	0	NA	NA	0
221	NA	-	T	40.0	NA	NA	0	NA	NA	0	NA	NA	0	NA	NA	0	NA	NA	0	T	100.0	2	M	33.33	3	NA	NA	0	NA	NA	0
222	NA	-	Q	18.75	NA	NA	0	NA	NA	0	NA	NA	0	NA	NA	0	NA	NA	0	V	100.0	2	Q	21.43	14	NA	NA	0	NA	NA	0
223	24	A	A	29.71	L	44.44	27	A	47.37	19	A	100.0	2	W	100.0	1	G	100.0	6	A	38.46	13	A	29.31	232	A	40.0	10	A	100.0	3
224	25	A	G	33.15	A	42.71	96	A	59.09	22	A	28.57	7	V	80.0	5	G	50.0	12	A	51.61	31	G	38.76	338	G	46.15	13	A	46.15	13
225	NA	-	L	30.0	L	45.45	11	NA	NA	0	L	100.0	1	NA	NA	0	NA	NA	0	NA	NA	0	G	50.0	6	M	50.0	2	NA	NA	0
226	NA	-	T	25.0	T	28.57	7	NA	NA	0	NA	NA	0	NA	NA	0	NA	NA	0	NA	NA	0	T	33.33	3	S	100.0	2	NA	NA	0
227	NA	-	A	33.33	A	42.86	7	NA	NA	0	NA	NA	0	NA	NA	0	NA	NA	0	NA	NA	0	G	50.0	2	NA	NA	0	NA	NA	0
228	NA	-	T	83.33	T	83.33	6	NA	NA	0	NA	NA	0	NA	NA	0	NA	NA	0	NA	NA	0	NA	NA	0	NA	NA	0	NA	NA	0
229	NA	-	A	40.0	A	40.0	5	NA	NA	0	NA	NA	0	NA	NA	0	NA	NA	0	NA	NA	0	NA	NA	0	NA	NA	0	NA	NA	0
230	NA	-	A	40.0	A	40.0	5	NA	NA	0	NA	NA	0	NA	NA	0	NA	NA	0	NA	NA	0	NA	NA	0	NA	NA	0	NA	NA	0
231	NA	-	P	100.0	P	100.0	2	NA	NA	0	NA	NA	0	NA	NA	0	NA	NA	0	NA	NA	0	NA	NA	0	NA	NA	0	NA	NA	0
232	NA	-	G	100.0	G	100.0	1	NA	NA	0	NA	NA	0	NA	NA	0	NA	NA	0	NA	NA	0	NA	NA	0	NA	NA	0	NA	NA	0
233	NA	-	R	100.0	R	100.0	1	NA	NA	0	NA	NA	0	NA	NA	0	NA	NA	0	NA	NA	0	NA	NA	0	NA	NA	0	NA	NA	0
234	NA	-	A	100.0	A	100.0	1	NA	NA	0	NA	NA	0	NA	NA	0	NA	NA	0	NA	NA	0	NA	NA	0	NA	NA	0	NA	NA	0
235	NA	-	A	100.0	A	100.0	1	NA	NA	0	NA	NA	0	NA	NA	0	NA	NA	0	NA	NA	0	NA	NA	0	NA	NA	0	NA	NA	0
236	NA	-	P	100.0	P	100.0	1	NA	NA	0	NA	NA	0	NA	NA	0	NA	NA	0	NA	NA	0	NA	NA	0	NA	NA	0	NA	NA	0
237	NA	-	G	100.0	G	100.0	1	NA	NA	0	NA	NA	0	NA	NA	0	NA	NA	0	NA	NA	0	NA	NA	0	NA	NA	0	NA	NA	0
238	NA	-	A	100.0	A	100.0	1	NA	NA	0	NA	NA	0	NA	NA	0	NA	NA	0	NA	NA	0	NA	NA	0	NA	NA	0	NA	NA	0
239	NA	-	S	100.0	S	100.0	1	NA	NA	0	NA	NA	0	NA	NA	0	NA	NA	0	NA	NA	0	NA	NA	0	NA	NA	0	NA	NA	0
240	NA	-	P	100.0	P	100.0	1	NA	NA	0	NA	NA	0	NA	NA	0	NA	NA	0	NA	NA	0	NA	NA	0	NA	NA	0	NA	NA	0
241	NA	-	A	100.0	A	100.0	1	NA	NA	0	NA	NA	0	NA	NA	0	NA	NA	0	NA	NA	0	NA	NA	0	NA	NA	0	NA	NA	0
242	NA	-	T	100.0	T	100.0	1	NA	NA	0	NA	NA	0	NA	NA	0	NA	NA	0	NA	NA	0	NA	NA	0	NA	NA	0	NA	NA	0
243	NA	-	G	100.0	G	100.0	1	NA	NA	0	NA	NA	0	NA	NA	0	NA	NA	0	NA	NA	0	NA	NA	0	NA	NA	0	NA	NA	0
244	NA	-	R	100.0	R	100.0	1	NA	NA	0	NA	NA	0	NA	NA	0	NA	NA	0	NA	NA	0	NA	NA	0	NA	NA	0	NA	NA	0
245	NA	-	A	100.0	A	100.0	1	NA	NA	0	NA	NA	0	NA	NA	0	NA	NA	0	NA	NA	0	NA	NA	0	NA	NA	0	NA	NA	0
246	NA	-	P	100.0	P	100.0	1	NA	NA	0	NA	NA	0	NA	NA	0	NA	NA	0	NA	NA	0	NA	NA	0	NA	NA	0	NA	NA	0
247	NA	-	V	100.0	V	100.0	1	NA	NA	0	NA	NA	0	NA	NA	0	NA	NA	0	NA	NA	0	NA	NA	0	NA	NA	0	NA	NA	0
248	NA	-	A	100.0	A	100.0	1	NA	NA	0	NA	NA	0	NA	NA	0	NA	NA	0	NA	NA	0	NA	NA	0	NA	NA	0	NA	NA	0
249	NA	-	G	100.0	G	100.0	1	NA	NA	0	NA	NA	0	NA	NA	0	NA	NA	0	NA	NA	0	NA	NA	0	NA	NA	0	NA	NA	0
250	NA	-	R	100.0	R	100.0	1	NA	NA	0	NA	NA	0	NA	NA	0	NA	NA	0	NA	NA	0	NA	NA	0	NA	NA	0	NA	NA	0
251	NA	-	A	100.0	A	100.0	1	NA	NA	0	NA	NA	0	NA	NA	0	NA	NA	0	NA	NA	0	NA	NA	0	NA	NA	0	NA	NA	0
252	NA	-	S	100.0	S	100.0	1	NA	NA	0	NA	NA	0	NA	NA	0	NA	NA	0	NA	NA	0	NA	NA	0	NA	NA	0	NA	NA	0
253	NA	-	E	33.33	V	100.0	1	NA	NA	0	NA	NA	0	NA	NA	0	NA	NA	0	NA	NA	0	E	50.0	2	NA	NA	0	NA	NA	0
254	NA	-	Q	33.33	A	100.0	1	NA	NA	0	NA	NA	0	NA	NA	0	NA	NA	0	NA	NA	0	Q	50.0	2	NA	NA	0	NA	NA	0
255	NA	-	N	66.67	D	100.0	1	NA	NA	0	NA	NA	0	NA	NA	0	NA	NA	0	NA	NA	0	N	100.0	2	NA	NA	0	NA	NA	0
256	NA	-	E	33.33	R	100.0	1	NA	NA	0	NA	NA	0	NA	NA	0	NA	NA	0	NA	NA	0	E	50.0	2	NA	NA	0	NA	NA	0
257	NA	-	Q	33.33	A	100.0	1	NA	NA	0	NA	NA	0	NA	NA	0	NA	NA	0	NA	NA	0	Q	50.0	2	NA	NA	0	NA	NA	0
258	NA	-	S	40.0	S	100.0	1	NA	NA	0	NA	NA	0	NA	NA	0	NA	NA	0	NA	NA	0	Q	50.0	4	NA	NA	0	NA	NA	0
259	NA	-	V	100.0	V	100.0	1	NA	NA	0	NA	NA	0	NA	NA	0	NA	NA	0	NA	NA	0	NA	NA	0	NA	NA	0	NA	NA	0
260	NA	-	A	100.0	A	100.0	1	NA	NA	0	NA	NA	0	NA	NA	0	NA	NA	0	NA	NA	0	NA	NA	0	NA	NA	0	NA	NA	0
261	NA	-	F	50.0	H	50.0	2	NA	NA	0	NA	NA	0	NA	NA	0	NA	NA	0	NA	NA	0	F	100.0	2	NA	NA	0	NA	NA	0
262	NA	-	D	50.0	R	50.0	2	NA	NA	0	NA	NA	0	NA	NA	0	NA	NA	0	NA	NA	0	D	100.0	2	NA	NA	0	NA	NA	0
263	NA	-	L	20.0	V	50.0	2	NA	NA	0	NA	NA	0	NA	NA	0	NA	NA	0	NA	NA	0	L	25.0	8	NA	NA	0	NA	NA	0
264	NA	-	V	27.78	A	30.0	10	NA	NA	0	NA	NA	0	NA	NA	0	NA	NA	0	NA	NA	0	V	30.77	26	NA	NA	0	NA	NA	0
265	26	T	G	33.74	A	34.78	46	G	66.67	3	V	57.14	7	G	57.14	7	G	100.0	6	G	47.62	21	G	34.27	143	T	66.67	3	V	100.0	10
266	NA	-	L	36.0	L	43.01	93	V	33.33	21	A	40.0	5	V	50.0	4	G	60.0	10	G	32.26	31	L	37.46	355	L	33.33	18	S	46.15	13
267	NA	-	P	27.27	R	100.0	1	NA	NA	0	P	100.0	1	NA	NA	0	NA	NA	0	NA	NA	0	R	22.22	9	NA	NA	0	NA	NA	0
268	NA	-	P	16.67	F	100.0	1	NA	NA	0	T	100.0	1	NA	NA	0	NA	NA	0	NA	NA	0	P	25.0	4	NA	NA	0	NA	NA	0
269	NA	-	P	60.0	NA	NA	0	NA	NA	0	P	100.0	1	NA	NA	0	NA	NA	0	NA	NA	0	P	50.0	4	NA	NA	0	NA	NA	0
270	NA	-	D	50.0	NA	NA	0	NA	NA	0	D	100.0	1	NA	NA	0	NA	NA	0	NA	NA	0	R	33.33	3	NA	NA	0	NA	NA	0
271	NA	-	Y	50.0	NA	NA	0	NA	NA	0	P	100.0	1	NA	NA	0	NA	NA	0	NA	NA	0	Y	66.67	3	NA	NA	0	NA	NA	0
272	NA	-	A	28.78	A	37.97	79	V	50.0	18	V	40.0	5	L	57.14	7	A	100.0	6	V	50.0	22	A	27.39	314	A	40.0	15	L	100.0	10
273	NA	-	A	35.77	A	36.9	84	A	42.86	14	A	60.0	5	A	85.71	7	L	50.0	12	V	45.45	22	A	31.44	334	A	38.89	18	A	100.0	10
274	NA	-	A	55.65	A	63.53	85	P	25.0	12	N	40.0	5	A	57.14	7	A	83.33	6	A	71.43	21	A	53.4	309	A	28.57	14	A	100.0	10
275	NA	-	T	33.33	NA	NA	0	NA	NA	0	NA	NA	0	NA	NA	0	NA	NA	0	NA	NA	0	T	33.33	3	NA	NA	0	NA	NA	0
276	NA	-	V	52.94	L	100.0	1	NA	NA	0	NA	NA	0	NA	NA	0	NA	NA	0	NA	NA	0	V	75.0	12	L	100.0	4	NA	NA	0
277	NA	-	A	41.05	A	37.5	16	A	50.0	6	NA	NA	0	NA	NA	0	NA	NA	0	A	100.0	1	A	44.26	61	T	54.55	11	NA	NA	0
278	NA	-	A	33.77	A	47.06	17	A	50.0	6	NA	NA	0	NA	NA	0	NA	NA	0	G	100.0	1	A	30.23	43	T	30.0	10	NA	NA	0
279	NA	-	G	30.0	NA	NA	0	NA	NA	0	NA	NA	0	NA	NA	0	NA	NA	0	NA	NA	0	G	30.0	10	NA	NA	0	NA	NA	0
280	NA	-	T	33.33	NA	NA	0	NA	NA	0	NA	NA	0	NA	NA	0	NA	NA	0	NA	NA	0	T	33.33	3	NA	NA	0	NA	NA	0
281	NA	-	V	50.0	NA	NA	0	NA	NA	0	NA	NA	0	NA	NA	0	NA	NA	0	NA	NA	0	V	50.0	2	NA	NA	0	NA	NA	0
282	NA	-	T	50.0	NA	NA	0	NA	NA	0	NA	NA	0	NA	NA	0	NA	NA	0	NA	NA	0	T	50.0	2	NA	NA	0	NA	NA	0
283	NA	-	T	100.0	NA	NA	0	NA	NA	0	NA	NA	0	NA	NA	0	NA	NA	0	NA	NA	0	T	100.0	2	NA	NA	0	NA	NA	0
284	NA	-	G	100.0	NA	NA	0	NA	NA	0	NA	NA	0	NA	NA	0	NA	NA	0	NA	NA	0	G	100.0	4	NA	NA	0	NA	NA	0
285	NA	-	S	100.0	NA	NA	0	NA	NA	0	NA	NA	0	NA	NA	0	NA	NA	0	NA	NA	0	S	100.0	1	NA	NA	0	NA	NA	0
286	NA	-	T	50.0	NA	NA	0	NA	NA	0	NA	NA	0	NA	NA	0	NA	NA	0	NA	NA	0	T	50.0	2	NA	NA	0	NA	NA	0
287	NA	-	G	100.0	NA	NA	0	NA	NA	0	NA	NA	0	NA	NA	0	NA	NA	0	NA	NA	0	G	100.0	1	NA	NA	0	NA	NA	0
288	NA	-	I	25.0	NA	NA	0	NA	NA	0	NA	NA	0	NA	NA	0	NA	NA	0	NA	NA	0	I	28.57	7	S	100.0	1	NA	NA	0
289	NA	-	G	21.74	NA	NA	0	NA	NA	0	NA	NA	0	NA	NA	0	NA	NA	0	NA	NA	0	G	26.32	19	A	100.0	4	NA	NA	0
290	NA	-	V	18.39	V	40.0	5	L	100.0	2	NA	NA	0	NA	NA	0	NA	NA	0	L	33.33	9	V	20.97	62	P	50.0	6	L	100.0	3
291	NA	-	P	68.05	P	88.78	98	P	100.0	10	P	80.0	5	P	100.0	7	NA	NA	0	P	83.87	31	P	59.43	350	A	46.67	15	P	100.0	13
292	NA	-	Q	57.14	Q	88.24	17	NA	NA	0	NA	NA	0	Q	100.0	1	NA	NA	0	NA	NA	0	A	100.0	10	NA	NA	0	NA	NA	0
293	NA	-	A	72.73	A	63.64	11	NA	NA	0	NA	NA	0	T	100.0	1	NA	NA	0	NA	NA	0	A	90.0	10	NA	NA	0	NA	NA	0
294	NA	-	Q	43.75	A	33.33	6	NA	NA	0	NA	NA	0	NA	NA	0	NA	NA	0	NA	NA	0	Q	70.0	10	NA	NA	0	NA	NA	0
295	NA	-	A	57.14	Q	33.33	6	NA	NA	0	NA	NA	0	NA	NA	0	NA	NA	0	NA	NA	0	A	87.5	8	NA	NA	0	NA	NA	0
296	NA	-	V	44.44	Q	100.0	1	NA	NA	0	NA	NA	0	NA	NA	0	NA	NA	0	NA	NA	0	V	50.0	8	NA	NA	0	NA	NA	0
297	NA	-	P	40.0	NA	NA	0	NA	NA	0	NA	NA	0	NA	NA	0	NA	NA	0	NA	NA	0	P	40.0	5	NA	NA	0	NA	NA	0
298	NA	-	F	50.0	NA	NA	0	NA	NA	0	NA	NA	0	NA	NA	0	NA	NA	0	NA	NA	0	F	50.0	4	NA	NA	0	NA	NA	0
299	NA	-	A	53.33	A	100.0	1	NA	NA	0	NA	NA	0	NA	NA	0	T	66.67	6	NA	NA	0	A	62.5	8	NA	NA	0	NA	NA	0
300	NA	-	A	80.0	L	100.0	1	NA	NA	0	NA	NA	0	NA	NA	0	A	100.0	6	NA	NA	0	A	75.0	8	NA	NA	0	NA	NA	0
301	NA	-	P	59.09	T	33.33	3	NA	NA	0	NA	NA	0	NA	NA	0	P	100.0	6	NA	NA	0	P	53.85	13	NA	NA	0	NA	NA	0
302	NA	-	A	51.2	A	64.18	67	T	100.0	1	NA	NA	0	G	100.0	1	A	100.0	6	NA	NA	0	A	40.91	88	G	100.0	3	NA	NA	0
303	NA	-	A	45.45	A	46.15	13	NA	NA	0	NA	NA	0	NA	NA	0	NA	NA	0	NA	NA	0	A	44.44	9	NA	NA	0	NA	NA	0
304	NA	-	Y	25.0	M	50.0	2	NA	NA	0	NA	NA	0	NA	NA	0	NA	NA	0	NA	NA	0	Y	50.0	2	NA	NA	0	NA	NA	0
305	NA	-	A	16.67	P	33.33	6	NA	NA	0	NA	NA	0	NA	NA	0	NA	NA	0	NA	NA	0	D	16.67	6	NA	NA	0	NA	NA	0
306	NA	-	A	78.9	A	84.93	73	A	100.0	5	S	50.0	2	A	100.0	1	A	100.0	6	P	100.0	1	A	74.8	127	A	100.0	3	NA	NA	0
307	NA	-	Q	37.93	Q	28.95	76	P	66.67	3	P	50.0	2	T	100.0	1	H	100.0	6	A	100.0	1	Q	46.85	111	Q	100.0	3	NA	NA	0
308	NA	-	A	26.67	Y	20.0	5	NA	NA	0	NA	NA	0	NA	NA	0	NA	NA	0	NA	NA	0	A	30.0	10	NA	NA	0	NA	NA	0
309	NA	-	L	42.86	NA	NA	0	NA	NA	0	NA	NA	0	NA	NA	0	NA	NA	0	NA	NA	0	L	42.86	7	NA	NA	0	NA	NA	0
310	NA	-	A	42.86	NA	NA	0	NA	NA	0	NA	NA	0	NA	NA	0	NA	NA	0	NA	NA	0	A	42.86	7	NA	NA	0	NA	NA	0
311	NA	-	D	66.67	NA	NA	0	NA	NA	0	NA	NA	0	NA	NA	0	NA	NA	0	NA	NA	0	D	66.67	3	NA	NA	0	NA	NA	0
312	NA	-	G	44.44	NA	NA	0	NA	NA	0	NA	NA	0	NA	NA	0	NA	NA	0	NA	NA	0	G	50.0	8	L	100.0	1	NA	NA	0
313	NA	-	F	31.25	NA	NA	0	NA	NA	0	NA	NA	0	NA	NA	0	NA	NA	0	NA	NA	0	F	38.46	13	G	66.67	3	NA	NA	0
314	NA	-	A	59.6	A	71.11	45	H	50.0	2	NA	NA	0	NA	NA	0	NA	NA	0	S	100.0	1	A	54.17	48	Q	66.67	3	NA	NA	0
315	NA	-	A	77.21	A	84.04	94	A	65.0	20	A	100.0	3	A	85.71	7	A	100.0	12	A	80.65	31	A	74.17	333	A	83.33	18	A	76.92	13
316	NA	-	A	44.0	A	57.14	14	NA	NA	0	NA	NA	0	NA	NA	0	NA	NA	0	NA	NA	0	T	27.27	11	NA	NA	0	NA	NA	0
317	NA	-	T	29.63	A	29.41	17	NA	NA	0	NA	NA	0	NA	NA	0	NA	NA	0	NA	NA	0	T	40.0	10	NA	NA	0	NA	NA	0
318	NA	-	A	30.0	A	28.57	7	NA	NA	0	NA	NA	0	NA	NA	0	NA	NA	0	NA	NA	0	A	33.33	3	NA	NA	0	NA	NA	0
319	NA	-	A	100.0	NA	NA	0	NA	NA	0	NA	NA	0	NA	NA	0	NA	NA	0	NA	NA	0	A	100.0	1	NA	NA	0	NA	NA	0
320	NA	-	A	60.87	A	59.09	22	NA	NA	0	NA	NA	0	NA	NA	0	NA	NA	0	NA	NA	0	A	100.0	1	NA	NA	0	NA	NA	0
321	NA	-	P	91.3	P	90.91	22	NA	NA	0	NA	NA	0	NA	NA	0	NA	NA	0	NA	NA	0	P	100.0	1	NA	NA	0	NA	NA	0
322	NA	-	A	59.09	A	61.9	21	NA	NA	0	NA	NA	0	NA	NA	0	NA	NA	0	NA	NA	0	L	100.0	1	NA	NA	0	NA	NA	0
323	NA	-	A	50.0	A	52.38	21	NA	NA	0	NA	NA	0	NA	NA	0	NA	NA	0	NA	NA	0	V	100.0	1	NA	NA	0	NA	NA	0
324	NA	-	P	66.67	P	66.67	21	NA	NA	0	NA	NA	0	NA	NA	0	NA	NA	0	NA	NA	0	P	66.67	3	NA	NA	0	NA	NA	0
325	NA	-	A	34.78	A	40.0	20	NA	NA	0	NA	NA	0	NA	NA	0	NA	NA	0	NA	NA	0	Y	33.33	3	NA	NA	0	NA	NA	0
326	NA	-	A	31.58	A	37.5	16	NA	NA	0	NA	NA	0	NA	NA	0	NA	NA	0	NA	NA	0	D	33.33	3	NA	NA	0	NA	NA	0
327	NA	-	V	100.0	V	100.0	2	NA	NA	0	NA	NA	0	NA	NA	0	NA	NA	0	NA	NA	0	NA	NA	0	NA	NA	0	NA	NA	0
328	NA	-	A	50.0	A	80.0	5	NA	NA	0	D	50.0	2	NA	NA	0	NA	NA	0	NA	NA	0	A	33.33	3	NA	NA	0	NA	NA	0
329	NA	-	G	33.33	G	50.0	4	NA	NA	0	P	100.0	2	NA	NA	0	NA	NA	0	NA	NA	0	C	66.67	3	NA	NA	0	NA	NA	0
330	NA	-	R	100.0	R	100.0	1	NA	NA	0	NA	NA	0	NA	NA	0	NA	NA	0	NA	NA	0	NA	NA	0	NA	NA	0	NA	NA	0
331	NA	-	S	25.0	S	25.0	4	NA	NA	0	NA	NA	0	NA	NA	0	NA	NA	0	NA	NA	0	NA	NA	0	NA	NA	0	NA	NA	0
332	NA	-	P	46.15	P	54.55	11	NA	NA	0	NA	NA	0	NA	NA	0	NA	NA	0	NA	NA	0	A	100.0	2	NA	NA	0	NA	NA	0
333	NA	-	A	47.06	A	50.0	14	NA	NA	0	NA	NA	0	NA	NA	0	NA	NA	0	NA	NA	0	S	33.33	3	NA	NA	0	NA	NA	0
334	NA	-	A	70.0	A	70.59	17	NA	NA	0	NA	NA	0	NA	NA	0	NA	NA	0	NA	NA	0	A	66.67	3	NA	NA	0	NA	NA	0
335	NA	-	V	30.0	V	35.29	17	NA	NA	0	NA	NA	0	NA	NA	0	NA	NA	0	NA	NA	0	S	66.67	3	NA	NA	0	NA	NA	0
336	NA	-	Q	30.0	Q	35.29	17	NA	NA	0	NA	NA	0	NA	NA	0	NA	NA	0	NA	NA	0	A	66.67	3	NA	NA	0	NA	NA	0
337	NA	-	R	77.78	R	77.78	9	NA	NA	0	NA	NA	0	NA	NA	0	NA	NA	0	NA	NA	0	NA	NA	0	NA	NA	0	NA	NA	0
338	NA	-	N	25.0	N	100.0	1	NA	NA	0	NA	NA	0	NA	NA	0	NA	NA	0	NA	NA	0	G	33.33	3	NA	NA	0	NA	NA	0
339	NA	-	A	25.95	A	35.71	14	P	50.0	12	G	50.0	2	V	100.0	1	S	100.0	6	P	50.0	6	A	31.4	86	P	100.0	1	T	66.67	3
340	NA	-	A	14.81	A	20.0	55	G	40.91	22	Q	40.0	5	Q	33.33	6	S	66.67	6	Q	46.15	26	A	15.79	266	A	23.08	13	H	46.15	13
341	27	A	A	81.55	A	88.04	92	A	54.17	24	A	71.43	7	A	100.0	7	A	75.0	12	A	76.67	30	A	82.99	341	A	68.75	16	A	76.92	13
342	NA	-	D	33.33	Q	100.0	1	NA	NA	0	NA	NA	0	D	50.0	2	NA	NA	0	E	100.0	2	D	36.36	22	NA	NA	0	NA	NA	0
343	NA	-	V	33.33	NA	NA	0	NA	NA	0	NA	NA	0	NA	NA	0	NA	NA	0	P	100.0	2	V	40.0	10	NA	NA	0	NA	NA	0
344	NA	-	T	100.0	NA	NA	0	NA	NA	0	NA	NA	0	NA	NA	0	NA	NA	0	NA	NA	0	T	100.0	1	NA	NA	0	NA	NA	0
345	NA	-	C	63.64	NA	NA	0	NA	NA	0	NA	NA	0	NA	NA	0	NA	NA	0	A	100.0	2	C	77.78	9	NA	NA	0	NA	NA	0
346	NA	-	A	66.67	NA	NA	0	NA	NA	0	NA	NA	0	NA	NA	0	NA	NA	0	A	100.0	2	T	100.0	1	NA	NA	0	NA	NA	0
347	NA	-	Q	50.0	NA	NA	0	NA	NA	0	NA	NA	0	A	100.0	1	NA	NA	0	Q	100.0	2	P	33.33	3	NA	NA	0	NA	NA	0
348	28	Q	A	38.09	A	36.59	82	A	41.18	17	E	40.0	10	D	50.0	8	V	50.0	12	A	70.97	31	A	36.99	346	T	21.43	14	A	76.92	13
349	NA	-	G	27.78	NA	NA	0	NA	NA	0	NA	NA	0	NA	NA	0	NA	NA	0	NA	NA	0	G	29.41	17	R	100.0	1	NA	NA	0
350	NA	-	G	75.0	NA	NA	0	NA	NA	0	NA	NA	0	NA	NA	0	NA	NA	0	NA	NA	0	G	75.0	4	NA	NA	0	NA	NA	0
351	29	T	A	47.46	A	77.78	18	A	75.0	12	F	42.86	7	S	100.0	1	K	50.0	6	A	63.64	11	A	40.54	111	A	75.0	8	A	100.0	3
352	30	N	N	33.26	N	58.82	85	G	25.0	16	N	77.78	9	N	100.0	8	P	100.0	6	N	48.39	31	G	20.97	248	A	27.27	11	N	76.92	13
353	NA	-	P	28.38	P	35.71	14	P	33.33	12	E	50.0	2	NA	NA	0	P	83.33	6	A	66.67	3	P	25.24	103	A	37.5	8	NA	NA	0
354	NA	-	P	35.79	A	44.44	9	E	41.67	12	NA	NA	0	NA	NA	0	P	100.0	6	A	100.0	1	P	40.0	60	C	42.86	7	NA	NA	0
355	NA	-	T	50.0	NA	NA	0	NA	NA	0	NA	NA	0	NA	NA	0	NA	NA	0	NA	NA	0	T	50.0	2	NA	NA	0	NA	NA	0
356	31	P	P	71.97	P	86.21	87	A	53.33	15	P	77.78	9	P	100.0	8	P	100.0	6	P	80.95	21	P	64.73	224	P	75.0	16	P	100.0	10
357	32	Y	Y	59.48	Y	74.71	87	E	33.33	15	Y	100.0	10	Y	87.5	8	K	100.0	6	Y	59.09	22	Y	55.71	210	S	23.53	17	Y	100.0	10
358	33	A	E	44.0	E	51.16	86	V	28.57	14	Q	50.0	10	E	87.5	8	NA	NA	0	E	90.91	22	E	37.61	234	A	31.25	16	E	100.0	10
359	NA	-	S	22.22	I	100.0	1	NA	NA	0	NA	NA	0	NA	NA	0	NA	NA	0	NA	NA	0	S	25.0	8	NA	NA	0	NA	NA	0
360	NA	-	P	22.22	T	100.0	1	NA	NA	0	NA	NA	0	NA	NA	0	NA	NA	0	NA	NA	0	P	25.0	8	NA	NA	0	NA	NA	0
361	NA	-	T	25.0	S	100.0	1	NA	NA	0	NA	NA	0	NA	NA	0	NA	NA	0	NA	NA	0	T	28.57	7	NA	NA	0	NA	NA	0
362	NA	-	T	50.0	S	100.0	1	NA	NA	0	NA	NA	0	NA	NA	0	NA	NA	0	NA	NA	0	T	57.14	7	NA	NA	0	NA	NA	0
363	NA	-	P	80.0	NA	NA	0	NA	NA	0	NA	NA	0	NA	NA	0	NA	NA	0	NA	NA	0	P	80.0	5	NA	NA	0	NA	NA	0
364	NA	-	A	33.33	A	37.5	8	T	50.0	2	NA	NA	0	NA	NA	0	NA	NA	0	NA	NA	0	A	36.36	11	NA	NA	0	NA	NA	0
365	NA	-	P	18.75	A	28.57	7	NA	NA	0	NA	NA	0	NA	NA	0	NA	NA	0	NA	NA	0	P	22.22	9	NA	NA	0	NA	NA	0
366	NA	-	A	50.0	A	87.5	8	NA	NA	0	NA	NA	0	NA	NA	0	NA	NA	0	NA	NA	0	S	50.0	8	NA	NA	0	NA	NA	0
367	NA	-	G	35.0	A	40.0	5	NA	NA	0	NA	NA	0	NA	NA	0	NA	NA	0	P	100.0	1	G	46.15	13	G	100.0	1	NA	NA	0
368	NA	-	G	47.06	D	100.0	1	NA	NA	0	NA	NA	0	NA	NA	0	NA	NA	0	G	100.0	1	G	50.0	14	A	100.0	1	NA	NA	0
369	NA	-	G	40.0	A	60.0	5	NA	NA	0	NA	NA	0	NA	NA	0	NA	NA	0	T	100.0	1	G	60.0	15	R	25.0	4	NA	NA	0
370	NA	-	L	100.0	NA	NA	0	NA	NA	0	NA	NA	0	NA	NA	0	NA	NA	0	NA	NA	0	L	100.0	1	NA	NA	0	NA	NA	0
371	NA	-	F	25.0	NA	NA	0	NA	NA	0	NA	NA	0	NA	NA	0	NA	NA	0	NA	NA	0	F	25.0	4	NA	NA	0	NA	NA	0
372	NA	-	L	75.0	NA	NA	0	NA	NA	0	NA	NA	0	NA	NA	0	NA	NA	0	NA	NA	0	L	75.0	4	NA	NA	0	NA	NA	0
373	NA	-	G	50.0	NA	NA	0	NA	NA	0	NA	NA	0	NA	NA	0	NA	NA	0	NA	NA	0	G	50.0	4	NA	NA	0	NA	NA	0
374	NA	-	R	75.0	NA	NA	0	NA	NA	0	NA	NA	0	NA	NA	0	NA	NA	0	NA	NA	0	R	75.0	4	NA	NA	0	NA	NA	0
375	NA	-	W	50.0	NA	NA	0	NA	NA	0	NA	NA	0	NA	NA	0	NA	NA	0	NA	NA	0	W	50.0	6	NA	NA	0	NA	NA	0
376	NA	-	R	33.33	NA	NA	0	NA	NA	0	NA	NA	0	NA	NA	0	NA	NA	0	NA	NA	0	R	33.33	6	NA	NA	0	NA	NA	0
377	NA	-	E	100.0	NA	NA	0	NA	NA	0	NA	NA	0	NA	NA	0	NA	NA	0	NA	NA	0	E	100.0	1	NA	NA	0	NA	NA	0
378	NA	-	A	36.51	A	50.0	14	A	55.56	9	NA	NA	0	NA	NA	0	NA	NA	0	A	100.0	1	D	29.41	34	I	60.0	5	NA	NA	0
379	NA	-	I	26.67	NA	NA	0	I	50.0	2	NA	NA	0	NA	NA	0	NA	NA	0	NA	NA	0	I	25.93	27	S	100.0	1	NA	NA	0
380	NA	-	D	18.75	T	100.0	1	D	50.0	2	NA	NA	0	NA	NA	0	NA	NA	0	NA	NA	0	C	23.08	13	NA	NA	0	NA	NA	0
381	34	R	R	82.23	R	90.54	74	R	60.0	5	R	60.0	10	R	100.0	8	H	100.0	6	R	100.0	21	R	78.67	150	R	100.0	3	R	100.0	10
382	35	G	G	82.52	G	100.0	75	A	41.67	12	G	100.0	10	G	100.0	8	G	50.0	12	G	100.0	21	G	76.44	174	G	75.0	4	G	100.0	10
383	36	P	P	87.74	P	93.33	90	P	81.25	16	P	100.0	10	P	100.0	8	P	100.0	12	P	95.45	22	P	84.08	245	P	72.73	11	P	100.0	10
384	37	N	A	33.78	A	60.0	90	A	44.44	9	D	60.0	10	A	37.5	8	D	100.0	6	D	52.17	23	D	27.88	208	A	44.44	9	N	90.0	10
385	NA	-	T	22.73	NA	NA	0	A	100.0	1	NA	NA	0	NA	NA	0	NA	NA	0	NA	NA	0	T	23.81	21	NA	NA	0	NA	NA	0
386	NA	-	R	28.57	NA	NA	0	NA	NA	0	NA	NA	0	NA	NA	0	NA	NA	0	NA	NA	0	R	28.57	7	NA	NA	0	NA	NA	0
387	NA	-	D	33.33	NA	NA	0	NA	NA	0	NA	NA	0	NA	NA	0	NA	NA	0	NA	NA	0	D	33.33	3	NA	NA	0	NA	NA	0
388	NA	-	S	33.33	NA	NA	0	NA	NA	0	NA	NA	0	NA	NA	0	NA	NA	0	NA	NA	0	S	33.33	3	NA	NA	0	NA	NA	0
389	NA	-	A	33.33	NA	NA	0	NA	NA	0	NA	NA	0	NA	NA	0	NA	NA	0	NA	NA	0	A	33.33	3	NA	NA	0	NA	NA	0
390	NA	-	G	50.0	NA	NA	0	NA	NA	0	NA	NA	0	NA	NA	0	NA	NA	0	NA	NA	0	G	50.0	2	NA	NA	0	NA	NA	0
391	NA	-	H	100.0	NA	NA	0	NA	NA	0	NA	NA	0	NA	NA	0	NA	NA	0	NA	NA	0	H	100.0	1	NA	NA	0	NA	NA	0
392	NA	-	I	100.0	NA	NA	0	NA	NA	0	NA	NA	0	NA	NA	0	NA	NA	0	NA	NA	0	I	100.0	1	NA	NA	0	NA	NA	0
393	NA	-	Y	100.0	NA	NA	0	NA	NA	0	NA	NA	0	NA	NA	0	NA	NA	0	NA	NA	0	Y	100.0	1	NA	NA	0	NA	NA	0
394	NA	-	E	50.0	NA	NA	0	NA	NA	0	NA	NA	0	NA	NA	0	NA	NA	0	NA	NA	0	E	50.0	2	NA	NA	0	NA	NA	0
395	NA	-	F	33.33	NA	NA	0	NA	NA	0	NA	NA	0	NA	NA	0	NA	NA	0	NA	NA	0	F	33.33	3	NA	NA	0	NA	NA	0
396	NA	-	V	100.0	NA	NA	0	NA	NA	0	NA	NA	0	NA	NA	0	NA	NA	0	NA	NA	0	V	100.0	2	NA	NA	0	NA	NA	0
397	NA	-	A	44.35	S	100.0	1	T	75.0	4	NA	NA	0	NA	NA	0	NA	NA	0	NA	NA	0	A	46.96	115	V	75.0	4	NA	NA	0
398	NA	-	A	23.49	A	100.0	1	G	42.86	7	NA	NA	0	NA	NA	0	NA	NA	0	D	75.0	8	A	23.08	143	R	75.0	4	A	100.0	3
399	NA	-	F	33.33	L	100.0	1	C	100.0	1	NA	NA	0	NA	NA	0	NA	NA	0	NA	NA	0	F	36.0	25	NA	NA	0	NA	NA	0
400	NA	-	L	50.0	P	100.0	1	L	100.0	1	NA	NA	0	NA	NA	0	NA	NA	0	NA	NA	0	NA	NA	0	NA	NA	0	NA	NA	0
401	38	P	P	69.74	P	98.72	78	P	58.33	12	P	100.0	10	P	100.0	8	P	100.0	6	P	75.86	29	P	60.13	301	P	44.44	9	P	76.92	13
402	39	T	T	52.8	T	95.0	80	P	32.0	25	T	100.0	10	T	75.0	8	T	50.0	12	T	70.0	30	T	40.71	312	A	30.0	10	T	100.0	13
403	40	A	E	42.57	E	58.82	85	A	32.0	25	A	40.0	10	E	62.5	8	D	50.0	12	E	86.67	30	E	41.35	312	R	23.08	13	D	60.0	10
404	41	A	A	34.1	A	42.53	87	P	28.0	25	S	70.0	10	S	62.5	8	A	50.0	12	Q	19.35	31	A	35.38	325	T	41.18	17	A	60.0	10
405	42	S	S	33.52	S	69.32	88	P	32.0	25	S	50.0	10	S	75.0	8	L	54.55	11	S	67.74	31	S	23.84	344	D	43.75	16	L	60.0	10
406	43	L	I	19.24	I	45.45	99	A	36.0	25	L	80.0	10	I	62.5	8	L	54.55	11	V	54.84	31	Y	22.95	366	W	31.25	16	L	90.91	11
407	44	E	E	28.26	T	32.32	99	S	32.0	25	E	90.0	10	E	87.5	8	E	50.0	12	T	51.61	31	E	26.6	376	G	29.41	17	E	76.92	13
408	45	A	A	56.95	A	76.77	99	E	36.0	25	A	70.0	10	A	100.0	8	A	33.33	12	A	67.74	31	A	51.57	382	A	64.71	17	A	76.92	13
409	NA	-	V	55.56	NA	NA	0	NA	NA	0	NA	NA	0	NA	NA	0	NA	NA	0	NA	NA	0	V	55.56	27	NA	NA	0	NA	NA	0
410	NA	-	S	27.27	NA	NA	0	NA	NA	0	NA	NA	0	NA	NA	0	NA	NA	0	NA	NA	0	S	27.27	11	NA	NA	0	NA	NA	0
411	NA	-	F	50.0	NA	NA	0	NA	NA	0	NA	NA	0	NA	NA	0	NA	NA	0	NA	NA	0	F	50.0	2	NA	NA	0	NA	NA	0
412	NA	-	R	50.0	NA	NA	0	NA	NA	0	NA	NA	0	NA	NA	0	NA	NA	0	NA	NA	0	R	50.0	4	NA	NA	0	NA	NA	0
413	NA	-	G	50.0	NA	NA	0	NA	NA	0	NA	NA	0	NA	NA	0	NA	NA	0	NA	NA	0	G	50.0	2	NA	NA	0	NA	NA	0
414	46	S	P	29.19	E	22.11	95	P	61.54	13	N	30.0	10	S	62.5	8	S	100.0	6	P	31.82	22	P	31.68	303	P	56.25	16	R	70.0	10
415	47	A	R	61.7	R	59.74	77	R	33.33	3	R	42.86	7	R	42.86	7	R	100.0	6	R	66.67	21	R	67.12	146	R	60.0	5	S	100.0	10
416	NA	-	D	37.5	NA	NA	0	NA	NA	0	NA	NA	0	NA	NA	0	NA	NA	0	NA	NA	0	D	37.5	8	NA	NA	0	NA	NA	0
417	NA	-	E	20.0	NA	NA	0	NA	NA	0	NA	NA	0	NA	NA	0	NA	NA	0	NA	NA	0	E	20.0	5	NA	NA	0	NA	NA	0
418	NA	-	T	50.0	NA	NA	0	NA	NA	0	NA	NA	0	NA	NA	0	NA	NA	0	NA	NA	0	T	50.0	2	NA	NA	0	NA	NA	0
419	NA	-	D	25.0	NA	NA	0	NA	NA	0	NA	NA	0	NA	NA	0	NA	NA	0	NA	NA	0	D	25.0	4	NA	NA	0	NA	NA	0
420	NA	-	G	22.22	NA	NA	0	NA	NA	0	NA	NA	0	NA	NA	0	NA	NA	0	NA	NA	0	G	22.22	9	NA	NA	0	NA	NA	0
421	NA	-	N	37.5	NA	NA	0	NA	NA	0	NA	NA	0	NA	NA	0	NA	NA	0	NA	NA	0	N	37.5	16	NA	NA	0	NA	NA	0
422	48	G	G	90.92	G	98.99	99	G	64.0	25	G	100.0	10	G	100.0	8	G	50.0	12	G	100.0	31	G	90.8	402	G	82.35	17	G	100.0	13
423	49	P	P	74.88	P	90.91	99	P	56.0	25	P	100.0	10	P	75.0	8	P	50.0	12	P	48.39	31	P	73.86	394	P	64.71	17	P	100.0	13
424	50	F	F	44.43	F	72.16	97	H	56.0	25	F	70.0	10	F	62.5	8	Y	50.0	12	F	58.06	31	F	37.28	397	Y	47.06	17	F	76.92	13
425	51	T	A	36.99	A	52.04	98	P	36.0	25	S	40.0	10	S	37.5	8	A	58.33	12	D	80.65	31	A	37.28	397	A	47.06	17	S	76.92	13
426	52	V	V	40.69	T	34.69	98	V	60.0	25	V	50.0	10	V	100.0	8	T	100.0	12	T	61.29	31	V	41.46	398	V	82.35	17	V	76.92	13
427	53	R	A	23.68	S	39.8	98	V	56.0	25	R	50.0	10	S	37.5	8	A	50.0	12	D	58.06	31	A	24.16	356	A	35.29	17	S	76.92	13
428	54	S	Q	16.93	Q	32.65	98	R	36.0	25	S	50.0	10	E	62.5	8	Q	50.0	12	T	41.94	31	Q	15.58	353	V	35.29	17	E	76.92	13
429	55	F	T	24.2	T	27.55	98	E	60.0	25	T	40.0	10	E	37.5	8	E	50.0	12	V	32.26	31	T	24.43	352	T	41.18	17	E	76.92	13
430	56	T	S	22.56	S	26.53	98	A	48.0	25	S	50.0	10	S	50.0	8	D	50.0	12	S	32.26	31	T	22.92	349	S	35.29	17	R	53.85	13
431	57	V	V	47.55	V	77.55	98	A	40.0	25	V	100.0	10	V	87.5	8	V	50.0	12	V	67.74	31	V	39.47	337	L	23.53	17	A	53.85	13
432	NA	-	A	15.41	A	22.73	22	A	40.91	22	NA	NA	0	NA	NA	0	E	50.0	6	W	50.0	10	S	12.87	202	A	28.57	14	I	66.67	3
433	NA	-	R	34.84	R	100.0	4	R	41.67	12	NA	NA	0	NA	NA	0	G	100.0	6	R	100.0	9	R	27.97	118	W	66.67	3	R	100.0	3
434	NA	-	L	65.32	L	100.0	4	T	75.0	12	NA	NA	0	NA	NA	0	L	100.0	6	L	100.0	9	L	62.92	89	T	100.0	1	L	100.0	3
435	NA	-	P	35.54	R	75.0	4	G	50.0	12	NA	NA	0	NA	NA	0	P	100.0	6	R	88.89	9	P	38.37	86	E	100.0	1	R	66.67	3
436	NA	-	D	33.33	N	50.0	4	D	75.0	12	NA	NA	0	NA	NA	0	G	100.0	6	D	88.89	9	D	21.95	82	G	100.0	1	D	66.67	3
437	NA	-	Y	20.69	NA	NA	0	Y	66.67	9	NA	NA	0	NA	NA	0	NA	NA	0	NA	NA	0	E	31.58	19	S	100.0	1	NA	NA	0
438	NA	-	A	37.93	NA	NA	0	A	100.0	9	NA	NA	0	NA	NA	0	NA	NA	0	NA	NA	0	S	42.11	19	A	100.0	1	NA	NA	0
439	NA	-	L	28.57	NA	NA	0	NA	NA	0	NA	NA	0	NA	NA	0	NA	NA	0	NA	NA	0	L	28.57	14	NA	NA	0	NA	NA	0
440	NA	-	A	33.33	NA	NA	0	NA	NA	0	NA	NA	0	NA	NA	0	NA	NA	0	NA	NA	0	A	33.33	15	NA	NA	0	NA	NA	0
441	NA	-	G	64.29	NA	NA	0	NA	NA	0	NA	NA	0	NA	NA	0	NA	NA	0	NA	NA	0	G	64.29	14	NA	NA	0	NA	NA	0
442	NA	-	M	42.86	NA	NA	0	NA	NA	0	NA	NA	0	NA	NA	0	NA	NA	0	NA	NA	0	M	42.86	14	NA	NA	0	NA	NA	0
443	NA	-	V	46.67	NA	NA	0	NA	NA	0	NA	NA	0	NA	NA	0	NA	NA	0	NA	NA	0	V	46.67	15	NA	NA	0	NA	NA	0
444	NA	-	A	35.71	NA	NA	0	NA	NA	0	NA	NA	0	NA	NA	0	NA	NA	0	NA	NA	0	A	35.71	14	NA	NA	0	NA	NA	0
445	NA	-	H	50.0	NA	NA	0	NA	NA	0	NA	NA	0	NA	NA	0	NA	NA	0	NA	NA	0	H	50.0	14	NA	NA	0	NA	NA	0
446	NA	-	I	35.71	NA	NA	0	NA	NA	0	NA	NA	0	NA	NA	0	NA	NA	0	NA	NA	0	I	35.71	14	NA	NA	0	NA	NA	0
447	NA	-	T	21.43	NA	NA	0	NA	NA	0	NA	NA	0	NA	NA	0	NA	NA	0	NA	NA	0	T	21.43	14	NA	NA	0	NA	NA	0
448	NA	-	V	57.14	NA	NA	0	NA	NA	0	NA	NA	0	NA	NA	0	NA	NA	0	NA	NA	0	V	57.14	14	NA	NA	0	NA	NA	0
449	NA	-	I	100.0	NA	NA	0	NA	NA	0	NA	NA	0	NA	NA	0	NA	NA	0	NA	NA	0	I	100.0	1	NA	NA	0	NA	NA	0
450	NA	-	G	100.0	NA	NA	0	NA	NA	0	NA	NA	0	NA	NA	0	NA	NA	0	NA	NA	0	G	100.0	1	NA	NA	0	NA	NA	0
451	NA	-	H	58.33	NA	NA	0	NA	NA	0	NA	NA	0	NA	NA	0	NA	NA	0	NA	NA	0	H	58.33	12	NA	NA	0	NA	NA	0
452	NA	-	L	33.33	NA	NA	0	NA	NA	0	NA	NA	0	NA	NA	0	NA	NA	0	NA	NA	0	L	33.33	12	NA	NA	0	NA	NA	0
453	NA	-	F	50.0	NA	NA	0	NA	NA	0	NA	NA	0	NA	NA	0	NA	NA	0	NA	NA	0	F	50.0	12	NA	NA	0	NA	NA	0
454	NA	-	G	84.62	NA	NA	0	NA	NA	0	NA	NA	0	NA	NA	0	NA	NA	0	NA	NA	0	G	84.62	13	NA	NA	0	NA	NA	0
455	NA	-	N	100.0	NA	NA	0	NA	NA	0	NA	NA	0	NA	NA	0	NA	NA	0	NA	NA	0	N	100.0	3	NA	NA	0	NA	NA	0
456	NA	-	N	83.33	NA	NA	0	NA	NA	0	NA	NA	0	NA	NA	0	NA	NA	0	NA	NA	0	N	83.33	12	NA	NA	0	NA	NA	0
457	NA	-	R	33.33	NA	NA	0	NA	NA	0	NA	NA	0	NA	NA	0	NA	NA	0	NA	NA	0	R	33.33	12	NA	NA	0	NA	NA	0
458	NA	-	D	33.33	NA	NA	0	NA	NA	0	NA	NA	0	NA	NA	0	NA	NA	0	NA	NA	0	D	33.33	12	NA	NA	0	NA	NA	0
459	NA	-	D	75.0	NA	NA	0	NA	NA	0	NA	NA	0	NA	NA	0	NA	NA	0	NA	NA	0	D	75.0	12	NA	NA	0	NA	NA	0
460	NA	-	L	41.67	NA	NA	0	NA	NA	0	NA	NA	0	NA	NA	0	NA	NA	0	NA	NA	0	L	41.67	12	NA	NA	0	NA	NA	0
461	NA	-	T	46.15	NA	NA	0	NA	NA	0	NA	NA	0	NA	NA	0	NA	NA	0	NA	NA	0	T	46.15	13	NA	NA	0	NA	NA	0
462	NA	-	C	71.43	NA	NA	0	NA	NA	0	NA	NA	0	NA	NA	0	NA	NA	0	NA	NA	0	C	71.43	49	NA	NA	0	NA	NA	0
463	NA	-	C	38.67	V	100.0	1	NA	NA	0	NA	NA	0	NA	NA	0	NA	NA	0	NA	NA	0	C	41.43	70	V	100.0	4	NA	NA	0
464	58	S	S	60.91	P	44.16	77	S	66.67	3	S	100.0	10	S	87.5	8	S	100.0	6	S	95.24	21	S	58.77	211	S	100.0	7	S	100.0	10
465	59	R	S	47.33	A	44.16	77	S	33.33	3	R	60.0	10	S	62.5	8	S	100.0	6	S	95.24	21	S	47.01	251	A	57.14	7	R	100.0	10
466	60	P	L	56.63	G	34.72	72	L	66.67	3	L	40.0	10	L	71.43	7	L	100.0	6	L	76.19	21	L	62.59	147	L	100.0	3	L	50.0	10
467	NA	-	S	49.1	S	71.01	69	S	50.0	2	S	60.0	5	F	42.86	7	S	66.67	6	S	60.0	5	S	38.26	115	S	33.33	3	G	70.0	10
468	NA	-	N	50.0	NA	NA	0	NA	NA	0	NA	NA	0	NA	NA	0	NA	NA	0	NA	NA	0	N	50.0	4	NA	NA	0	NA	NA	0
469	NA	-	V	52.49	G	38.67	75	V	100.0	2	V	75.0	8	V	87.5	8	V	83.33	6	V	100.0	20	V	52.69	167	V	60.0	5	A	100.0	10
470	61	S	S	34.62	T	41.03	78	R	33.33	3	S	70.0	10	S	75.0	8	S	100.0	6	S	71.43	21	S	34.69	271	R	33.33	9	D	70.0	10
471	62	G	G	87.26	G	97.44	78	G	100.0	3	G	100.0	10	G	100.0	8	G	100.0	6	G	100.0	21	G	81.18	271	G	100.0	9	G	100.0	10
472	NA	-	R	20.83	A	54.55	11	NA	NA	0	NA	NA	0	NA	NA	0	NA	NA	0	NA	NA	0	D	20.47	127	R	66.67	6	NA	NA	0
473	NA	-	S	42.42	S	100.0	1	NA	NA	0	NA	NA	0	NA	NA	0	NA	NA	0	NA	NA	0	S	40.8	125	S	66.67	6	NA	NA	0
474	NA	-	S	50.0	NA	NA	0	NA	NA	0	NA	NA	0	NA	NA	0	NA	NA	0	NA	NA	0	S	50.0	4	NA	NA	0	NA	NA	0
475	NA	-	P	25.0	NA	NA	0	NA	NA	0	NA	NA	0	NA	NA	0	NA	NA	0	NA	NA	0	P	25.0	4	NA	NA	0	NA	NA	0
476	NA	-	A	66.67	NA	NA	0	NA	NA	0	NA	NA	0	NA	NA	0	NA	NA	0	NA	NA	0	A	66.67	3	NA	NA	0	NA	NA	0
477	NA	-	E	33.33	NA	NA	0	NA	NA	0	NA	NA	0	NA	NA	0	NA	NA	0	NA	NA	0	E	33.33	3	NA	NA	0	NA	NA	0
478	63	Y	F	82.02	F	94.81	77	F	100.0	3	F	80.0	10	F	100.0	8	F	100.0	6	F	100.0	21	F	72.32	177	F	60.0	5	F	100.0	10
479	64	G	G	56.6	G	56.25	80	A	40.0	20	G	100.0	10	G	100.0	8	G	100.0	6	G	95.24	21	G	53.12	256	Y	30.77	13	G	100.0	10
480	65	A	G	56.46	G	44.21	95	E	36.36	22	G	80.0	10	G	100.0	8	G	100.0	6	G	95.45	22	G	57.44	289	G	33.33	18	G	100.0	10
481	66	G	G	43.18	G	76.77	99	H	44.0	25	G	100.0	10	G	100.0	8	G	50.0	12	G	67.74	31	G	32.19	407	T	33.33	18	G	76.92	13
482	67	T	T	64.37	T	87.88	99	T	92.0	25	T	70.0	10	T	87.5	8	T	100.0	12	T	96.77	31	T	51.84	407	T	61.11	18	T	100.0	13
483	68	V	I	50.88	I	76.77	99	V	48.0	25	I	50.0	10	I	87.5	8	I	50.0	12	I	74.19	31	I	43.63	408	V	58.82	17	I	100.0	13
484	69	Y	Y	75.28	Y	91.92	99	Y	96.0	25	Y	90.0	10	Y	87.5	8	Y	100.0	12	Y	96.77	31	Y	67.16	408	Y	52.94	17	Y	100.0	13
485	70	Y	Y	68.26	Y	70.71	99	R	64.0	25	Y	100.0	10	Y	100.0	8	Y	50.0	12	Y	61.29	31	Y	69.17	412	Y	70.59	17	Y	76.92	13
486	71	P	P	99.04	P	100.0	99	P	100.0	25	P	100.0	10	P	100.0	8	P	100.0	12	P	100.0	31	P	98.54	412	P	100.0	18	P	100.0	13
487	72	T	T	37.0	T	61.62	99	A	60.0	25	T	80.0	10	T	37.5	8	A	58.33	12	T	61.29	31	T	31.39	411	A	22.22	18	R	76.92	13
488	73	N	D	48.43	D	57.58	99	D	60.0	25	N	50.0	6	D	50.0	6	T	50.0	12	D	87.1	31	D	44.47	407	T	33.33	18	T	66.67	3
489	NA	-	L	58.77	I	65.0	20	L	81.82	22	NA	NA	0	NA	NA	0	L	100.0	6	L	90.0	10	L	57.81	237	M	30.0	10	L	100.0	3
490	74	A	T	36.26	T	60.42	96	D	45.45	22	A	60.0	10	T	37.5	8	T	50.0	12	T	41.94	31	T	32.29	384	G	35.29	17	E	76.92	13
491	75	G	S	36.01	S	48.45	97	R	33.33	21	S	33.33	9	S	50.0	8	S	50.0	12	S	58.06	31	S	34.07	364	A	41.18	17	N	76.92	13
492	NA	-	Q	24.51	Q	43.01	93	V	25.0	16	E	50.0	2	N	28.57	7	E	50.0	12	E	68.18	22	Q	23.48	328	G	37.5	16	N	100.0	10
493	76	G	G	78.82	G	86.02	93	G	66.67	9	G	100.0	8	G	50.0	2	G	50.0	12	G	95.0	20	G	75.97	283	G	91.67	12	NA	NA	0
494	NA	-	S	41.67	NA	NA	0	NA	NA	0	NA	NA	0	NA	NA	0	NA	NA	0	NA	NA	0	S	40.0	10	S	50.0	2	NA	NA	0
495	NA	-	P	72.73	NA	NA	0	NA	NA	0	NA	NA	0	NA	NA	0	NA	NA	0	NA	NA	0	P	66.67	9	P	100.0	2	NA	NA	0
496	NA	-	G	100.0	NA	NA	0	NA	NA	0	NA	NA	0	NA	NA	0	NA	NA	0	NA	NA	0	G	100.0	5	NA	NA	0	NA	NA	0
497	NA	-	K	33.33	NA	NA	0	NA	NA	0	NA	NA	0	NA	NA	0	NA	NA	0	NA	NA	0	K	33.33	3	NA	NA	0	NA	NA	0
498	NA	-	V	66.67	NA	NA	0	NA	NA	0	NA	NA	0	NA	NA	0	NA	NA	0	NA	NA	0	V	66.67	3	NA	NA	0	NA	NA	0
499	NA	-	Q	42.86	NA	NA	0	NA	NA	0	NA	NA	0	NA	NA	0	NA	NA	0	NA	NA	0	Q	60.0	5	V	100.0	2	NA	NA	0
500	NA	-	S	33.33	Q	100.0	1	NA	NA	0	NA	NA	0	NA	NA	0	NA	NA	0	NA	NA	0	S	43.48	23	A	83.33	6	NA	NA	0
501	NA	-	N	53.33	N	100.0	1	NA	NA	0	NA	NA	0	NA	NA	0	NA	NA	0	NA	NA	0	N	43.48	23	N	83.33	6	NA	NA	0
502	NA	-	A	53.33	T	100.0	1	NA	NA	0	NA	NA	0	NA	NA	0	NA	NA	0	NA	NA	0	T	47.83	23	A	100.0	6	NA	NA	0
503	NA	-	A	60.0	P	100.0	1	NA	NA	0	NA	NA	0	NA	NA	0	NA	NA	0	NA	NA	0	A	78.26	23	P	100.0	6	NA	NA	0
504	NA	-	V	84.38	V	100.0	1	NA	NA	0	NA	NA	0	NA	NA	0	NA	NA	0	NA	NA	0	V	80.0	25	V	100.0	6	NA	NA	0
505	NA	-	A	55.56	A	100.0	1	NA	NA	0	NA	NA	0	NA	NA	0	NA	NA	0	NA	NA	0	A	48.94	47	A	100.0	6	NA	NA	0
506	NA	-	G	23.18	G	66.67	6	R	54.55	11	NA	NA	0	NA	NA	0	K	100.0	6	D	44.44	9	G	25.23	107	C	33.33	9	S	66.67	3
507	NA	-	G	19.88	A	29.17	24	G	40.91	22	NA	NA	0	NA	NA	0	D	33.33	6	E	90.0	10	V	19.28	249	G	46.15	13	E	100.0	3
508	77	T	T	45.98	T	74.75	99	R	54.17	24	T	80.0	10	T	100.0	8	T	50.0	12	T	70.97	31	T	36.2	395	T	35.29	17	T	76.92	13
509	78	V	F	40.55	F	77.78	99	L	48.0	25	Y	40.0	10	Y	50.0	8	F	50.0	12	F	51.61	31	F	34.34	399	H	64.71	17	Y	76.92	13
510	79	G	P	53.14	G	74.75	99	P	88.0	25	G	80.0	10	G	100.0	8	G	50.0	12	G	67.74	31	P	62.47	405	P	83.33	18	G	76.92	13
511	80	A	A	34.14	A	62.63	99	V	68.0	25	A	90.0	10	A	87.5	8	G	50.0	12	G	58.06	31	A	28.15	405	V	44.44	18	A	76.92	13
512	81	I	V	48.96	I	57.58	99	V	60.0	25	I	70.0	10	V	75.0	8	V	50.0	12	V	96.77	31	V	45.74	411	V	55.56	18	V	69.23	13
513	82	A	A	41.19	A	62.63	99	V	48.0	25	A	90.0	10	A	87.5	8	A	50.0	12	V	67.74	31	A	34.72	409	A	29.41	17	A	84.62	13
514	83	I	W	36.9	V	50.51	99	W	48.0	25	V	60.0	10	I	62.5	8	I	50.0	12	I	51.61	31	W	43.31	411	W	41.18	17	I	76.92	13
515	84	V	G	41.72	S	36.36	99	G	84.0	25	S	60.0	10	S	87.5	8	A	50.0	12	A	51.61	31	G	46.36	412	G	55.56	18	S	76.92	13
516	85	P	P	46.34	P	77.78	99	N	88.0	25	P	100.0	10	P	100.0	8	P	50.0	12	P	67.74	31	N	41.99	412	N	44.44	18	P	76.92	13
517	86	G	G	98.73	G	100.0	99	G	100.0	25	G	100.0	10	G	100.0	8	G	100.0	12	G	100.0	31	G	98.3	412	G	94.44	18	G	100.0	13
518	87	Y	Y	25.52	F	65.66	99	A	48.0	25	Y	60.0	10	Y	87.5	8	Y	50.0	12	Y	67.74	31	Y	23.6	411	F	44.44	18	Y	76.92	13
519	88	T	T	33.49	T	35.35	99	C	48.0	25	T	80.0	10	T	100.0	8	T	50.0	12	T	67.74	31	T	28.47	411	F	27.78	18	T	76.92	13
520	89	A	A	53.83	A	47.47	99	R	48.0	25	G	50.0	10	A	75.0	8	A	100.0	12	A	64.52	31	A	56.1	410	A	38.89	18	G	76.92	13
521	NA	-	H	100.0	NA	NA	0	H	100.0	9	NA	NA	0	NA	NA	0	NA	NA	0	NA	NA	0	NA	NA	0	H	100.0	1	NA	NA	0
522	90	R	T	19.9	P	38.38	99	T	50.0	24	T	60.0	10	T	37.5	8	D	50.0	12	S	38.71	31	S	20.05	389	G	29.41	17	T	76.92	13
523	NA	-	S	33.33	NA	NA	0	NA	NA	0	NA	NA	0	NA	NA	0	NA	NA	0	NA	NA	0	S	33.33	6	NA	NA	0	NA	NA	0
524	NA	-	P	40.0	NA	NA	0	NA	NA	0	NA	NA	0	NA	NA	0	NA	NA	0	NA	NA	0	P	40.0	5	NA	NA	0	NA	NA	0
525	NA	-	T	40.0	NA	NA	0	NA	NA	0	NA	NA	0	NA	NA	0	NA	NA	0	NA	NA	0	T	40.0	5	NA	NA	0	NA	NA	0
526	NA	-	D	40.0	NA	NA	0	NA	NA	0	NA	NA	0	NA	NA	0	NA	NA	0	NA	NA	0	D	40.0	5	NA	NA	0	NA	NA	0
527	NA	-	D	60.0	NA	NA	0	NA	NA	0	NA	NA	0	NA	NA	0	NA	NA	0	NA	NA	0	D	60.0	5	NA	NA	0	NA	NA	0
528	NA	-	P	87.5	NA	NA	0	NA	NA	0	NA	NA	0	NA	NA	0	NA	NA	0	NA	NA	0	P	87.5	8	NA	NA	0	NA	NA	0
529	NA	-	P	37.5	NA	NA	0	NA	NA	0	NA	NA	0	NA	NA	0	NA	NA	0	NA	NA	0	P	37.5	8	NA	NA	0	NA	NA	0
530	NA	-	N	37.5	NA	NA	0	NA	NA	0	NA	NA	0	NA	NA	0	NA	NA	0	NA	NA	0	N	37.5	8	NA	NA	0	NA	NA	0
531	NA	-	P	37.5	NA	NA	0	NA	NA	0	NA	NA	0	NA	NA	0	NA	NA	0	NA	NA	0	P	37.5	8	NA	NA	0	NA	NA	0
532	NA	-	G	37.5	NA	NA	0	NA	NA	0	NA	NA	0	NA	NA	0	NA	NA	0	NA	NA	0	G	37.5	8	NA	NA	0	NA	NA	0
533	NA	-	R	37.5	NA	NA	0	NA	NA	0	NA	NA	0	NA	NA	0	NA	NA	0	NA	NA	0	R	37.5	8	NA	NA	0	NA	NA	0
534	NA	-	V	50.0	NA	NA	0	NA	NA	0	NA	NA	0	NA	NA	0	NA	NA	0	NA	NA	0	V	50.0	8	NA	NA	0	NA	NA	0
535	NA	-	P	50.0	NA	NA	0	NA	NA	0	NA	NA	0	NA	NA	0	NA	NA	0	NA	NA	0	P	50.0	8	NA	NA	0	NA	NA	0
536	NA	-	Q	37.5	NA	NA	0	NA	NA	0	NA	NA	0	NA	NA	0	NA	NA	0	NA	NA	0	Q	37.5	8	NA	NA	0	NA	NA	0
537	NA	-	A	62.5	NA	NA	0	NA	NA	0	NA	NA	0	NA	NA	0	NA	NA	0	NA	NA	0	A	62.5	8	NA	NA	0	NA	NA	0
538	NA	-	F	50.0	NA	NA	0	NA	NA	0	NA	NA	0	NA	NA	0	NA	NA	0	NA	NA	0	F	50.0	8	NA	NA	0	NA	NA	0
539	NA	-	V	37.5	NA	NA	0	NA	NA	0	NA	NA	0	NA	NA	0	NA	NA	0	NA	NA	0	V	37.5	8	NA	NA	0	NA	NA	0
540	NA	-	D	33.33	NA	NA	0	NA	NA	0	NA	NA	0	NA	NA	0	NA	NA	0	NA	NA	0	D	33.33	9	NA	NA	0	NA	NA	0
541	NA	-	S	44.44	NA	NA	0	NA	NA	0	NA	NA	0	NA	NA	0	NA	NA	0	NA	NA	0	S	44.44	9	NA	NA	0	NA	NA	0
542	NA	-	L	44.44	NA	NA	0	NA	NA	0	NA	NA	0	NA	NA	0	NA	NA	0	NA	NA	0	L	44.44	9	NA	NA	0	NA	NA	0
543	NA	-	T	66.67	NA	NA	0	NA	NA	0	NA	NA	0	NA	NA	0	NA	NA	0	NA	NA	0	T	66.67	3	NA	NA	0	NA	NA	0
544	NA	-	K	33.33	NA	NA	0	NA	NA	0	NA	NA	0	NA	NA	0	NA	NA	0	NA	NA	0	K	33.33	3	NA	NA	0	NA	NA	0
545	NA	-	P	100.0	NA	NA	0	NA	NA	0	NA	NA	0	NA	NA	0	NA	NA	0	NA	NA	0	P	100.0	4	NA	NA	0	NA	NA	0
546	NA	-	L	50.0	NA	NA	0	NA	NA	0	NA	NA	0	NA	NA	0	NA	NA	0	NA	NA	0	L	50.0	4	NA	NA	0	NA	NA	0
547	NA	-	A	75.0	NA	NA	0	NA	NA	0	NA	NA	0	NA	NA	0	NA	NA	0	NA	NA	0	A	75.0	4	NA	NA	0	NA	NA	0
548	NA	-	R	42.86	NA	NA	0	NA	NA	0	NA	NA	0	NA	NA	0	NA	NA	0	NA	NA	0	R	42.86	7	NA	NA	0	NA	NA	0
549	NA	-	Q	71.43	NA	NA	0	NA	NA	0	NA	NA	0	NA	NA	0	NA	NA	0	NA	NA	0	Q	71.43	7	NA	NA	0	NA	NA	0
550	NA	-	Q	42.86	NA	NA	0	NA	NA	0	NA	NA	0	NA	NA	0	NA	NA	0	NA	NA	0	Q	42.86	7	NA	NA	0	NA	NA	0
551	NA	-	T	42.86	NA	NA	0	NA	NA	0	NA	NA	0	NA	NA	0	NA	NA	0	NA	NA	0	T	42.86	7	NA	NA	0	NA	NA	0
552	NA	-	G	33.33	NA	NA	0	NA	NA	0	NA	NA	0	NA	NA	0	NA	NA	0	NA	NA	0	G	33.33	9	NA	NA	0	NA	NA	0
553	NA	-	V	21.43	NA	NA	0	NA	NA	0	NA	NA	0	NA	NA	0	NA	NA	0	NA	NA	0	V	21.43	14	NA	NA	0	NA	NA	0
554	91	Q	Q	19.24	Q	41.98	81	S	43.75	16	Q	60.0	10	Q	62.5	8	K	50.0	12	Q	33.33	30	W	21.54	246	Q	40.0	5	Q	53.85	13
555	92	S	S	28.87	S	32.32	99	N	36.0	25	S	100.0	10	S	62.5	8	S	50.0	12	S	61.29	31	P	34.31	411	P	33.33	18	A	46.15	13
556	93	S	S	35.89	S	35.35	99	D	36.0	25	S	70.0	10	S	100.0	8	S	50.0	12	S	45.16	31	S	33.58	411	G	22.22	18	S	76.92	13
557	94	I	M	19.01	I	34.34	99	E	36.0	25	I	70.0	10	M	37.5	8	L	50.0	12	M	54.84	31	M	17.32	410	I	27.78	18	I	53.85	13
558	NA	-	Y	63.66	Y	81.82	22	Y	43.48	23	NA	NA	0	NA	NA	0	G	100.0	6	F	81.82	11	Y	67.8	264	Y	73.33	15	F	100.0	3
559	NA	-	T	37.5	NA	NA	0	NA	NA	0	NA	NA	0	NA	NA	0	NA	NA	0	NA	NA	0	T	37.5	8	NA	NA	0	NA	NA	0
560	NA	-	V	50.0	NA	NA	0	NA	NA	0	NA	NA	0	NA	NA	0	NA	NA	0	NA	NA	0	V	50.0	8	NA	NA	0	NA	NA	0
561	NA	-	S	100.0	NA	NA	0	NA	NA	0	NA	NA	0	NA	NA	0	NA	NA	0	NA	NA	0	S	100.0	1	NA	NA	0	NA	NA	0
562	NA	-	A	50.0	NA	NA	0	NA	NA	0	NA	NA	0	NA	NA	0	NA	NA	0	NA	NA	0	A	50.0	4	NA	NA	0	NA	NA	0
563	95	K	A	26.43	A	33.33	99	L	36.0	25	S	30.0	10	A	50.0	8	A	50.0	12	S	45.16	31	A	23.79	412	A	27.78	18	A	76.92	13
564	96	W	W	44.59	W	77.78	99	T	28.0	25	W	60.0	10	W	100.0	8	W	50.0	12	W	67.74	31	W	35.44	412	S	38.89	18	W	76.92	13
565	97	W	L	54.33	L	50.51	99	L	60.0	25	W	70.0	10	L	75.0	8	L	50.0	12	Y	35.48	31	L	56.13	408	L	77.78	18	L	76.92	13
566	98	G	G	40.45	G	77.78	99	L	44.0	25	G	100.0	10	G	100.0	8	A	50.0	12	G	67.74	31	L	44.66	412	L	61.11	18	G	76.92	13
567	99	P	P	29.76	P	70.71	99	T	48.0	25	P	40.0	10	P	62.5	8	A	50.0	12	H	45.16	31	P	23.96	409	R	33.33	18	E	76.92	13
568	100	R	R	41.6	R	67.68	99	L	36.0	25	R	100.0	10	R	100.0	8	R	50.0	12	R	61.29	31	R	32.52	409	H	61.11	18	R	76.92	13
569	101	L	L	56.32	L	79.8	99	L	64.0	25	L	90.0	10	I	50.0	8	L	100.0	12	I	48.39	31	L	53.06	409	L	50.0	18	I	76.92	13
570	102	A	A	95.22	A	100.0	99	A	100.0	25	A	100.0	10	A	87.5	8	A	100.0	12	A	100.0	31	A	92.96	412	A	100.0	18	A	100.0	13
571	103	S	S	88.38	S	96.97	99	S	64.0	25	S	90.0	10	S	100.0	8	S	100.0	12	S	100.0	31	S	86.17	412	S	83.33	18	S	100.0	13
572	104	H	H	42.04	Q	61.62	99	H	64.0	25	H	80.0	10	Q	50.0	8	H	50.0	12	Q	61.29	31	H	42.96	412	Q	33.33	18	H	100.0	13
573	105	G	G	99.04	G	100.0	99	G	100.0	25	G	100.0	10	G	100.0	8	G	100.0	12	G	100.0	31	G	98.53	408	G	100.0	18	G	100.0	13
574	NA	-	P	60.0	NA	NA	0	NA	NA	0	NA	NA	0	NA	NA	0	NA	NA	0	NA	NA	0	P	60.0	5	NA	NA	0	NA	NA	0
575	NA	-	I	100.0	NA	NA	0	NA	NA	0	NA	NA	0	NA	NA	0	NA	NA	0	NA	NA	0	I	100.0	1	NA	NA	0	NA	NA	0
576	NA	-	M	100.0	NA	NA	0	NA	NA	0	NA	NA	0	NA	NA	0	NA	NA	0	NA	NA	0	M	100.0	1	NA	NA	0	NA	NA	0
577	NA	-	L	100.0	NA	NA	0	NA	NA	0	NA	NA	0	NA	NA	0	NA	NA	0	NA	NA	0	L	100.0	1	NA	NA	0	NA	NA	0
578	NA	-	A	100.0	NA	NA	0	NA	NA	0	NA	NA	0	NA	NA	0	NA	NA	0	NA	NA	0	A	100.0	1	NA	NA	0	NA	NA	0
579	NA	-	A	100.0	NA	NA	0	NA	NA	0	NA	NA	0	NA	NA	0	NA	NA	0	NA	NA	0	A	100.0	1	NA	NA	0	NA	NA	0
580	NA	-	T	100.0	NA	NA	0	NA	NA	0	NA	NA	0	NA	NA	0	NA	NA	0	NA	NA	0	T	100.0	1	NA	NA	0	NA	NA	0
581	NA	-	P	100.0	NA	NA	0	NA	NA	0	NA	NA	0	NA	NA	0	NA	NA	0	NA	NA	0	P	100.0	1	NA	NA	0	NA	NA	0
582	NA	-	C	100.0	NA	NA	0	NA	NA	0	NA	NA	0	NA	NA	0	NA	NA	0	NA	NA	0	C	100.0	1	NA	NA	0	NA	NA	0
583	NA	-	F	100.0	NA	NA	0	NA	NA	0	NA	NA	0	NA	NA	0	NA	NA	0	NA	NA	0	F	100.0	1	NA	NA	0	NA	NA	0
584	NA	-	V	100.0	NA	NA	0	NA	NA	0	NA	NA	0	NA	NA	0	NA	NA	0	NA	NA	0	V	100.0	1	NA	NA	0	NA	NA	0
585	NA	-	R	100.0	NA	NA	0	NA	NA	0	NA	NA	0	NA	NA	0	NA	NA	0	NA	NA	0	R	100.0	1	NA	NA	0	NA	NA	0
586	NA	-	R	100.0	NA	NA	0	NA	NA	0	NA	NA	0	NA	NA	0	NA	NA	0	NA	NA	0	R	100.0	1	NA	NA	0	NA	NA	0
587	NA	-	E	100.0	NA	NA	0	NA	NA	0	NA	NA	0	NA	NA	0	NA	NA	0	NA	NA	0	E	100.0	1	NA	NA	0	NA	NA	0
588	NA	-	D	100.0	NA	NA	0	NA	NA	0	NA	NA	0	NA	NA	0	NA	NA	0	NA	NA	0	D	100.0	1	NA	NA	0	NA	NA	0
589	NA	-	W	100.0	NA	NA	0	NA	NA	0	NA	NA	0	NA	NA	0	NA	NA	0	NA	NA	0	W	100.0	1	NA	NA	0	NA	NA	0
590	NA	-	P	100.0	NA	NA	0	NA	NA	0	NA	NA	0	NA	NA	0	NA	NA	0	NA	NA	0	P	100.0	1	NA	NA	0	NA	NA	0
591	NA	-	H	100.0	NA	NA	0	NA	NA	0	NA	NA	0	NA	NA	0	NA	NA	0	NA	NA	0	H	100.0	1	NA	NA	0	NA	NA	0
592	NA	-	A	100.0	NA	NA	0	NA	NA	0	NA	NA	0	NA	NA	0	NA	NA	0	NA	NA	0	A	100.0	1	NA	NA	0	NA	NA	0
593	NA	-	V	100.0	NA	NA	0	NA	NA	0	NA	NA	0	NA	NA	0	NA	NA	0	NA	NA	0	V	100.0	1	NA	NA	0	NA	NA	0
594	NA	-	E	100.0	NA	NA	0	NA	NA	0	NA	NA	0	NA	NA	0	NA	NA	0	NA	NA	0	E	100.0	1	NA	NA	0	NA	NA	0
595	NA	-	V	100.0	NA	NA	0	NA	NA	0	NA	NA	0	NA	NA	0	NA	NA	0	NA	NA	0	V	100.0	1	NA	NA	0	NA	NA	0
596	NA	-	S	100.0	NA	NA	0	NA	NA	0	NA	NA	0	NA	NA	0	NA	NA	0	NA	NA	0	S	100.0	1	NA	NA	0	NA	NA	0
597	NA	-	I	100.0	NA	NA	0	NA	NA	0	NA	NA	0	NA	NA	0	NA	NA	0	NA	NA	0	I	100.0	1	NA	NA	0	NA	NA	0
598	106	F	F	85.99	F	97.98	99	F	84.0	25	F	100.0	10	F	100.0	8	F	50.0	12	F	96.77	31	F	82.72	405	F	77.78	18	F	100.0	13
599	107	V	V	62.96	V	78.79	99	V	84.0	25	V	100.0	10	V	100.0	8	V	50.0	12	V	67.74	31	V	57.04	405	I	66.67	18	V	76.92	13
600	108	V	V	89.69	V	86.87	99	V	92.0	25	V	100.0	10	V	87.5	8	V	100.0	12	V	93.55	31	V	89.63	405	V	77.78	18	V	100.0	13
601	109	I	I	33.65	M	34.34	99	V	40.0	25	I	40.0	10	F	37.5	8	F	50.0	12	F	61.29	31	I	39.46	408	A	38.89	18	I	100.0	13
602	110	T	A	45.66	T	62.63	99	A	84.0	25	T	70.0	10	T	87.5	8	N	50.0	12	T	61.29	31	A	49.75	406	A	77.78	18	A	53.85	13
603	111	I	I	36.71	I	44.44	99	V	36.0	25	I	100.0	10	I	87.5	8	I	50.0	12	I	67.74	31	I	30.62	405	A	38.89	18	I	76.92	13
604	112	D	D	30.27	E	34.34	99	G	48.0	25	D	100.0	10	D	75.0	8	D	50.0	12	D	67.74	31	D	23.46	405	N	22.22	18	D	76.92	13
605	NA	-	P	100.0	NA	NA	0	NA	NA	0	NA	NA	0	NA	NA	0	NA	NA	0	NA	NA	0	P	100.0	2	NA	NA	0	NA	NA	0
606	113	T	T	53.31	T	82.65	98	T	48.0	25	T	100.0	10	T	100.0	8	T	50.0	12	T	70.97	31	T	42.35	392	T	46.67	15	T	76.92	13
607	114	N	N	26.19	N	35.35	99	F	28.0	25	N	70.0	10	N	100.0	8	L	91.67	12	N	35.48	31	N	22.53	395	P	22.22	18	N	53.85	13
608	NA	-	G	41.56	G	100.0	1	D	88.89	9	NA	NA	0	NA	NA	0	D	100.0	6	NA	NA	0	G	47.27	55	G	83.33	6	NA	NA	0
609	NA	-	G	24.68	G	100.0	1	E	66.67	9	NA	NA	0	NA	NA	0	E	100.0	6	NA	NA	0	G	25.45	55	G	66.67	6	NA	NA	0
610	NA	-	F	44.83	NA	NA	0	NA	NA	0	NA	NA	0	NA	NA	0	F	100.0	6	NA	NA	0	F	31.82	22	E	100.0	1	NA	NA	0
611	NA	-	R	20.0	NA	NA	0	NA	NA	0	NA	NA	0	NA	NA	0	NA	NA	0	NA	NA	0	R	21.43	14	A	100.0	1	NA	NA	0
612	NA	-	P	25.0	NA	NA	0	NA	NA	0	NA	NA	0	NA	NA	0	NA	NA	0	NA	NA	0	P	25.0	8	NA	NA	0	NA	NA	0
613	NA	-	V	50.0	NA	NA	0	NA	NA	0	NA	NA	0	NA	NA	0	NA	NA	0	NA	NA	0	V	50.0	8	NA	NA	0	NA	NA	0
614	NA	-	A	25.0	NA	NA	0	NA	NA	0	NA	NA	0	NA	NA	0	NA	NA	0	NA	NA	0	A	25.0	8	NA	NA	0	NA	NA	0
615	NA	-	P	72.73	NA	NA	0	NA	NA	0	NA	NA	0	NA	NA	0	NA	NA	0	NA	NA	0	P	72.73	11	NA	NA	0	NA	NA	0
616	NA	-	P	57.14	NA	NA	0	NA	NA	0	NA	NA	0	NA	NA	0	NA	NA	0	NA	NA	0	P	57.14	7	NA	NA	0	NA	NA	0
617	NA	-	L	100.0	NA	NA	0	NA	NA	0	NA	NA	0	NA	NA	0	NA	NA	0	NA	NA	0	L	100.0	1	NA	NA	0	NA	NA	0
618	NA	-	V	60.0	NA	NA	0	NA	NA	0	NA	NA	0	NA	NA	0	NA	NA	0	NA	NA	0	V	60.0	5	NA	NA	0	NA	NA	0
619	NA	-	R	85.71	NA	NA	0	NA	NA	0	NA	NA	0	NA	NA	0	NA	NA	0	NA	NA	0	R	85.71	7	NA	NA	0	NA	NA	0
620	NA	-	M	28.57	NA	NA	0	NA	NA	0	NA	NA	0	NA	NA	0	NA	NA	0	NA	NA	0	M	28.57	7	NA	NA	0	NA	NA	0
621	NA	-	T	83.33	NA	NA	0	NA	NA	0	NA	NA	0	NA	NA	0	NA	NA	0	NA	NA	0	T	83.33	6	NA	NA	0	NA	NA	0
622	NA	-	E	71.43	NA	NA	0	NA	NA	0	NA	NA	0	NA	NA	0	NA	NA	0	NA	NA	0	E	71.43	7	NA	NA	0	NA	NA	0
623	NA	-	P	71.43	NA	NA	0	NA	NA	0	NA	NA	0	NA	NA	0	NA	NA	0	NA	NA	0	P	71.43	7	NA	NA	0	NA	NA	0
624	NA	-	P	50.0	NA	NA	0	NA	NA	0	NA	NA	0	NA	NA	0	NA	NA	0	NA	NA	0	P	50.0	4	NA	NA	0	NA	NA	0
625	NA	-	D	100.0	NA	NA	0	NA	NA	0	NA	NA	0	NA	NA	0	NA	NA	0	NA	NA	0	D	100.0	1	NA	NA	0	NA	NA	0
626	NA	-	A	50.0	NA	NA	0	NA	NA	0	NA	NA	0	NA	NA	0	NA	NA	0	NA	NA	0	A	50.0	2	NA	NA	0	NA	NA	0
627	NA	-	Y	33.33	NA	NA	0	NA	NA	0	NA	NA	0	NA	NA	0	NA	NA	0	NA	NA	0	Y	33.33	6	NA	NA	0	NA	NA	0
628	NA	-	P	60.0	NA	NA	0	NA	NA	0	NA	NA	0	NA	NA	0	NA	NA	0	NA	NA	0	P	60.0	10	NA	NA	0	NA	NA	0
629	NA	-	G	30.0	NA	NA	0	NA	NA	0	NA	NA	0	NA	NA	0	NA	NA	0	NA	NA	0	G	30.0	10	NA	NA	0	NA	NA	0
630	NA	-	P	40.0	NA	NA	0	NA	NA	0	NA	NA	0	NA	NA	0	NA	NA	0	NA	NA	0	P	40.0	10	NA	NA	0	NA	NA	0
631	NA	-	S	30.0	NA	NA	0	NA	NA	0	NA	NA	0	NA	NA	0	NA	NA	0	NA	NA	0	S	30.0	10	NA	NA	0	NA	NA	0
632	NA	-	A	36.36	NA	NA	0	NA	NA	0	NA	NA	0	NA	NA	0	NA	NA	0	NA	NA	0	A	36.36	11	NA	NA	0	NA	NA	0
633	NA	-	L	43.75	L	100.0	1	NA	NA	0	NA	NA	0	NA	NA	0	P	100.0	6	NA	NA	0	L	43.4	53	L	100.0	4	NA	NA	0
634	NA	-	F	41.18	F	100.0	1	NA	NA	0	NA	NA	0	NA	NA	0	V	100.0	6	NA	NA	0	F	40.35	57	F	100.0	4	NA	NA	0
635	NA	-	P	85.87	P	100.0	1	P	100.0	9	NA	NA	0	NA	NA	0	P	100.0	6	NA	NA	0	P	81.69	71	P	100.0	5	NA	NA	0
636	NA	-	S	31.46	S	100.0	1	A	100.0	9	NA	NA	0	NA	NA	0	N	83.33	6	NA	NA	0	S	32.35	68	S	80.0	5	NA	NA	0
637	NA	-	H	25.84	H	100.0	1	L	66.67	9	NA	NA	0	NA	NA	0	T	100.0	6	NA	NA	0	H	26.47	68	H	80.0	5	NA	NA	0
638	NA	-	S	33.33	S	100.0	1	NA	NA	0	NA	NA	0	NA	NA	0	NA	NA	0	NA	NA	0	G	34.43	61	S	75.0	4	NA	NA	0
639	NA	-	A	65.91	A	100.0	1	NA	NA	0	NA	NA	0	NA	NA	0	NA	NA	0	NA	NA	0	A	61.54	39	A	100.0	4	NA	NA	0
640	NA	-	F	67.65	F	100.0	1	NA	NA	0	NA	NA	0	NA	NA	0	NA	NA	0	NA	NA	0	F	62.07	29	F	100.0	4	NA	NA	0
641	NA	-	A	84.38	A	100.0	1	NA	NA	0	NA	NA	0	NA	NA	0	NA	NA	0	NA	NA	0	A	81.48	27	A	100.0	4	NA	NA	0
642	NA	-	D	68.75	L	100.0	1	NA	NA	0	NA	NA	0	NA	NA	0	NA	NA	0	NA	NA	0	D	66.67	27	D	100.0	4	NA	NA	0
643	NA	-	P	44.44	NA	NA	0	NA	NA	0	NA	NA	0	NA	NA	0	NA	NA	0	NA	NA	0	P	44.44	9	NA	NA	0	NA	NA	0
644	NA	-	F	66.67	NA	NA	0	NA	NA	0	NA	NA	0	NA	NA	0	NA	NA	0	NA	NA	0	F	69.23	13	N	50.0	2	NA	NA	0
645	NA	-	T	25.0	NA	NA	0	NA	NA	0	NA	NA	0	NA	NA	0	NA	NA	0	NA	NA	0	T	28.57	14	L	50.0	2	NA	NA	0
646	NA	-	K	25.0	NA	NA	0	NA	NA	0	NA	NA	0	NA	NA	0	NA	NA	0	NA	NA	0	K	28.57	14	R	50.0	2	NA	NA	0
647	NA	-	A	33.33	NA	NA	0	NA	NA	0	NA	NA	0	NA	NA	0	NA	NA	0	NA	NA	0	A	40.0	10	G	100.0	2	NA	NA	0
648	NA	-	P	28.57	NA	NA	0	NA	NA	0	NA	NA	0	NA	NA	0	NA	NA	0	NA	NA	0	P	28.57	7	NA	NA	0	NA	NA	0
649	NA	-	A	100.0	NA	NA	0	NA	NA	0	NA	NA	0	NA	NA	0	NA	NA	0	NA	NA	0	A	100.0	1	NA	NA	0	NA	NA	0
650	NA	-	P	100.0	NA	NA	0	NA	NA	0	NA	NA	0	NA	NA	0	NA	NA	0	NA	NA	0	P	100.0	2	NA	NA	0	NA	NA	0
651	NA	-	A	100.0	NA	NA	0	NA	NA	0	NA	NA	0	NA	NA	0	NA	NA	0	NA	NA	0	A	100.0	1	NA	NA	0	NA	NA	0
652	NA	-	R	100.0	NA	NA	0	NA	NA	0	NA	NA	0	NA	NA	0	NA	NA	0	NA	NA	0	R	100.0	1	NA	NA	0	NA	NA	0
653	NA	-	R	40.0	NA	NA	0	NA	NA	0	NA	NA	0	NA	NA	0	NA	NA	0	NA	NA	0	R	40.0	5	NA	NA	0	NA	NA	0
654	NA	-	K	40.0	NA	NA	0	NA	NA	0	NA	NA	0	NA	NA	0	NA	NA	0	NA	NA	0	K	40.0	5	NA	NA	0	NA	NA	0
655	NA	-	A	60.0	NA	NA	0	NA	NA	0	NA	NA	0	NA	NA	0	NA	NA	0	NA	NA	0	A	60.0	5	NA	NA	0	NA	NA	0
656	NA	-	L	40.0	NA	NA	0	NA	NA	0	NA	NA	0	NA	NA	0	NA	NA	0	NA	NA	0	L	40.0	5	NA	NA	0	NA	NA	0
657	NA	-	R	40.0	NA	NA	0	NA	NA	0	NA	NA	0	NA	NA	0	NA	NA	0	NA	NA	0	R	40.0	5	NA	NA	0	NA	NA	0
658	NA	-	K	33.33	NA	NA	0	NA	NA	0	NA	NA	0	NA	NA	0	NA	NA	0	NA	NA	0	K	40.0	5	W	100.0	1	NA	NA	0
659	NA	-	S	33.33	NA	NA	0	NA	NA	0	NA	NA	0	NA	NA	0	NA	NA	0	NA	NA	0	S	40.0	5	W	100.0	1	NA	NA	0
660	NA	-	A	66.67	NA	NA	0	NA	NA	0	NA	NA	0	NA	NA	0	NA	NA	0	NA	NA	0	A	62.5	8	A	100.0	1	NA	NA	0
661	115	S	T	54.84	T	48.05	77	S	66.67	3	T	60.0	10	T	62.5	8	T	100.0	6	T	95.24	21	T	48.52	169	T	50.0	6	T	100.0	10
662	116	T	R	31.33	L	35.06	77	R	66.67	3	T	50.0	10	R	50.0	8	R	100.0	6	R	90.48	21	R	27.46	193	T	75.0	4	T	100.0	10
663	117	L	Y	24.88	L	38.27	81	T	46.67	15	L	50.0	10	Y	50.0	8	L	50.0	12	Y	63.33	30	Y	29.36	235	D	33.33	6	L	76.92	13
664	118	D	D	65.7	D	88.89	81	E	60.0	15	D	100.0	10	D	100.0	8	D	58.33	12	D	70.0	30	D	57.98	238	D	42.86	7	D	76.92	13
665	119	Q	Q	51.45	Q	51.85	81	N	60.0	15	Q	100.0	10	Q	87.5	8	Q	50.0	12	Q	66.67	30	Q	47.48	238	Q	42.86	7	Q	76.92	13
666	120	P	P	46.37	P	77.55	98	G	48.0	25	P	100.0	10	P	100.0	8	P	50.0	12	P	64.52	31	P	36.65	382	N	28.57	14	P	76.92	13
667	121	S	D	20.23	A	30.61	98	S	48.0	25	D	60.0	10	D	87.5	8	D	50.0	12	D	38.71	31	T	24.03	387	S	28.57	14	D	76.92	13
668	122	S	S	38.9	S	37.76	98	P	36.0	25	S	100.0	10	S	100.0	8	S	50.0	12	S	64.52	31	S	35.31	388	N	35.71	14	S	76.92	13
669	NA	-	I	100.0	NA	NA	0	NA	NA	0	NA	NA	0	NA	NA	0	NA	NA	0	NA	NA	0	I	100.0	1	NA	NA	0	NA	NA	0
670	NA	-	N	100.0	NA	NA	0	NA	NA	0	NA	NA	0	NA	NA	0	NA	NA	0	NA	NA	0	N	100.0	1	NA	NA	0	NA	NA	0
671	NA	-	R	100.0	NA	NA	0	NA	NA	0	NA	NA	0	NA	NA	0	NA	NA	0	NA	NA	0	R	100.0	1	NA	NA	0	NA	NA	0
672	NA	-	F	100.0	NA	NA	0	NA	NA	0	NA	NA	0	NA	NA	0	NA	NA	0	NA	NA	0	F	100.0	1	NA	NA	0	NA	NA	0
673	NA	-	L	100.0	NA	NA	0	NA	NA	0	NA	NA	0	NA	NA	0	NA	NA	0	NA	NA	0	L	100.0	1	NA	NA	0	NA	NA	0
674	NA	-	A	100.0	NA	NA	0	NA	NA	0	NA	NA	0	NA	NA	0	NA	NA	0	NA	NA	0	A	100.0	1	NA	NA	0	NA	NA	0
675	NA	-	L	100.0	NA	NA	0	NA	NA	0	NA	NA	0	NA	NA	0	NA	NA	0	NA	NA	0	L	100.0	1	NA	NA	0	NA	NA	0
676	123	R	R	48.0	R	78.57	98	S	28.0	25	R	100.0	10	R	100.0	8	R	50.0	12	R	67.74	31	R	38.05	389	F	21.43	14	R	76.92	13
677	124	S	G	57.88	G	63.27	98	G	48.0	25	A	70.0	10	A	50.0	8	G	50.0	12	G	64.52	31	G	60.71	392	G	50.0	14	A	92.31	13
678	125	S	R	27.53	D	31.63	98	A	20.0	25	S	40.0	10	D	50.0	8	R	50.0	12	R	64.52	31	R	25.51	392	I	28.57	14	R	53.85	13
679	126	Q	Q	48.24	Q	72.73	99	V	36.0	25	Q	100.0	10	Q	100.0	8	Q	50.0	12	Q	67.74	31	Q	40.98	410	D	33.33	18	Q	76.92	13
680	127	Q	L	52.24	L	76.77	99	M	36.0	25	L	70.0	10	L	100.0	8	L	100.0	12	L	77.42	31	L	42.2	410	M	44.44	18	L	100.0	13
681	128	M	L	43.61	L	59.6	99	L	52.0	25	M	30.0	10	Q	25.0	8	L	100.0	12	E	35.48	31	L	43.9	410	L	33.33	18	N	76.92	13
682	129	A	A	60.38	A	79.8	99	D	44.0	25	A	100.0	10	A	100.0	8	A	100.0	12	A	48.39	31	A	54.39	410	A	66.67	18	A	69.23	13
683	130	A	A	71.41	A	80.81	99	G	48.0	25	A	100.0	10	A	100.0	8	A	100.0	12	A	93.55	31	A	67.8	410	G	44.44	18	A	100.0	13
684	131	L	L	54.79	L	82.83	99	I	52.0	25	L	100.0	10	L	100.0	8	L	50.0	12	L	70.97	31	L	46.34	410	L	66.67	18	L	76.92	13
685	132	R	D	64.06	D	89.9	99	T	48.0	25	D	60.0	10	D	75.0	8	D	50.0	12	D	100.0	31	D	57.8	410	D	55.56	18	D	76.92	13
686	133	Q	Y	46.49	Y	68.69	99	W	52.0	25	Y	70.0	10	Y	75.0	8	Y	50.0	12	Y	64.52	31	Y	40.73	410	Y	27.78	18	Y	53.85	13
687	134	V	L	66.29	L	88.89	99	L	48.0	25	V	40.0	10	L	62.5	8	L	50.0	12	L	67.74	31	L	64.39	410	L	83.33	18	M	76.92	13
688	135	A	T	27.88	T	69.7	99	I	40.0	25	A	40.0	10	V	62.5	8	T	100.0	12	V	64.52	31	V	32.35	408	T	61.11	18	I	53.85	13
689	136	S	A	23.79	Q	28.28	99	R	40.0	25	T	30.0	10	D	37.5	8	E	58.33	12	E	48.39	31	A	29.31	406	T	38.89	18	N	53.85	13
690	137	L	E	34.29	E	31.82	22	E	100.0	22	Q	55.56	9	D	66.67	3	S	100.0	6	E	80.0	10	E	30.85	282	E	26.67	15	D	53.85	13
691	138	N	N	67.61	N	68.18	22	N	100.0	21	N	57.14	7	NA	NA	0	K	66.67	6	N	90.0	10	N	64.21	271	N	93.33	15	N	100.0	3
692	NA	-	K	50.0	NA	NA	0	NA	NA	0	NA	NA	0	NA	NA	0	NA	NA	0	NA	NA	0	Q	100.0	1	K	100.0	1	NA	NA	0
693	NA	-	G	50.0	NA	NA	0	NA	NA	0	NA	NA	0	NA	NA	0	NA	NA	0	NA	NA	0	I	100.0	1	G	100.0	1	NA	NA	0
694	NA	-	R	50.0	NA	NA	0	NA	NA	0	NA	NA	0	NA	NA	0	NA	NA	0	NA	NA	0	L	100.0	1	R	100.0	1	NA	NA	0
695	NA	-	F	50.0	NA	NA	0	NA	NA	0	NA	NA	0	NA	NA	0	NA	NA	0	NA	NA	0	F	100.0	1	N	100.0	1	NA	NA	0
696	NA	-	L	50.0	NA	NA	0	NA	NA	0	NA	NA	0	NA	NA	0	NA	NA	0	NA	NA	0	L	100.0	1	R	100.0	1	NA	NA	0
697	139	G	A	27.52	A	40.91	22	S	38.1	21	G	55.56	9	A	66.67	3	Q	100.0	6	T	40.0	10	A	27.78	270	G	38.46	13	A	76.92	13
698	140	T	R	31.63	R	34.34	99	R	83.33	24	S	50.0	10	S	50.0	8	R	50.0	12	D	58.06	31	D	40.05	392	R	33.33	18	S	76.92	13
699	NA	-	P	32.58	A	25.93	27	P	33.33	21	R	50.0	2	NA	NA	0	R	100.0	6	L	70.0	10	P	37.13	272	A	46.67	15	L	66.67	3
700	NA	-	G	38.35	G	65.22	23	G	85.71	21	N	50.0	2	NA	NA	0	NA	NA	0	F	90.0	10	G	31.7	265	G	80.0	15	F	100.0	3
701	141	S	S	88.65	S	92.78	97	S	95.83	24	S	90.0	10	S	100.0	8	S	50.0	12	S	96.77	31	S	87.09	395	S	88.89	18	S	100.0	13
702	142	S	P	26.96	P	33.33	99	E	20.83	24	S	80.0	10	S	37.5	8	S	50.0	12	D	38.71	31	P	29.47	397	P	33.33	18	A	38.46	13
703	143	S	A	32.81	A	87.5	8	NA	NA	0	S	83.33	6	S	100.0	1	NA	NA	0	NA	NA	0	A	26.53	49	NA	NA	0	NA	NA	0
704	144	P	T	56.25	A	75.0	8	NA	NA	0	P	83.33	6	G	50.0	2	NA	NA	0	NA	NA	0	T	70.83	48	NA	NA	0	NA	NA	0
705	145	I	V	37.06	V	69.7	99	L	36.0	25	I	80.0	10	V	87.5	8	V	50.0	12	V	67.74	31	F	32.84	402	F	38.89	18	V	76.92	13
706	146	Y	R	37.02	R	50.51	99	R	60.0	25	Y	50.0	10	R	50.0	8	R	50.0	12	R	38.71	31	R	30.39	408	A	33.33	18	R	100.0	13
707	147	G	G	38.3	D	23.23	99	D	36.0	25	G	30.0	10	D	62.5	8	G	100.0	12	D	64.52	31	G	41.42	408	G	66.67	18	S	46.15	13
708	148	K	R	56.73	R	83.84	99	R	48.0	25	K	50.0	10	R	62.5	8	R	100.0	12	R	58.06	31	R	49.26	408	R	50.0	18	R	84.62	13
709	149	V	I	42.26	I	54.55	99	I	56.0	25	V	80.0	10	I	75.0	8	V	50.0	12	V	64.52	31	I	39.42	411	V	61.11	18	I	76.92	13
710	150	D	D	88.52	D	98.99	99	D	96.0	25	D	100.0	10	D	100.0	8	D	100.0	12	D	100.0	31	D	83.45	411	D	88.89	18	D	100.0	13
711	151	T	T	29.9	A	32.32	99	T	48.0	25	T	50.0	10	R	25.0	8	A	50.0	12	G	45.16	31	T	31.77	406	T	38.89	18	S	46.15	13
712	152	A	S	23.51	S	39.39	99	R	20.83	24	S	60.0	10	N	37.5	8	T	91.67	12	D	74.19	31	T	24.14	406	A	22.22	18	S	76.92	13
713	NA	-	V	50.0	NA	NA	0	NA	NA	0	NA	NA	0	NA	NA	0	NA	NA	0	NA	NA	0	NA	NA	0	V	50.0	2	NA	NA	0
714	153	R	R	64.33	R	82.83	99	R	56.0	25	R	100.0	10	R	100.0	8	R	100.0	12	R	74.19	31	R	57.77	412	R	38.89	18	R	76.92	13
715	154	M	L	43.47	L	64.65	99	I	48.0	25	L	50.0	10	L	100.0	8	L	50.0	12	L	64.52	31	L	36.41	412	L	38.89	18	L	76.92	13
716	155	G	A	49.04	A	60.61	99	G	68.0	25	G	50.0	10	A	87.5	8	G	100.0	12	A	93.55	31	G	44.9	412	G	72.22	18	A	100.0	13
717	NA	-	H	66.67	NA	NA	0	NA	NA	0	NA	NA	0	NA	NA	0	NA	NA	0	NA	NA	0	H	66.67	3	NA	NA	0	NA	NA	0
718	156	V	V	55.41	V	74.75	99	V	56.0	25	V	70.0	10	V	87.5	8	V	100.0	12	V	77.42	31	V	46.12	412	V	38.89	18	V	100.0	13
719	157	M	M	38.38	M	58.59	99	A	44.0	25	M	40.0	10	M	87.5	8	M	50.0	12	M	96.77	31	M	28.4	412	S	38.89	18	M	100.0	13
720	158	G	G	99.36	G	100.0	99	G	100.0	25	G	100.0	10	G	100.0	8	G	100.0	12	G	100.0	31	G	99.03	412	G	100.0	18	G	100.0	13
721	159	W	H	79.39	H	86.87	99	H	88.0	25	H	60.0	10	H	100.0	8	H	100.0	12	H	70.97	31	H	76.83	410	H	88.89	18	H	76.92	13
722	160	S	S	98.57	S	100.0	99	S	100.0	25	S	80.0	10	S	100.0	8	S	100.0	12	S	100.0	31	S	98.3	412	S	100.0	18	S	100.0	13
723	NA	-	L	100.0	NA	NA	0	NA	NA	0	NA	NA	0	NA	NA	0	NA	NA	0	NA	NA	0	L	100.0	1	NA	NA	0	NA	NA	0
724	NA	-	L	100.0	NA	NA	0	NA	NA	0	NA	NA	0	NA	NA	0	NA	NA	0	NA	NA	0	L	100.0	1	NA	NA	0	NA	NA	0
725	NA	-	A	100.0	NA	NA	0	NA	NA	0	NA	NA	0	NA	NA	0	NA	NA	0	NA	NA	0	A	100.0	1	NA	NA	0	NA	NA	0
726	NA	-	H	100.0	NA	NA	0	NA	NA	0	NA	NA	0	NA	NA	0	NA	NA	0	NA	NA	0	H	100.0	1	NA	NA	0	NA	NA	0
727	NA	-	T	100.0	NA	NA	0	NA	NA	0	NA	NA	0	NA	NA	0	NA	NA	0	NA	NA	0	T	100.0	1	NA	NA	0	NA	NA	0
728	NA	-	D	100.0	NA	NA	0	NA	NA	0	NA	NA	0	NA	NA	0	NA	NA	0	NA	NA	0	D	100.0	1	NA	NA	0	NA	NA	0
729	NA	-	L	100.0	NA	NA	0	NA	NA	0	NA	NA	0	NA	NA	0	NA	NA	0	NA	NA	0	L	100.0	1	NA	NA	0	NA	NA	0
730	161	M	M	49.12	M	75.76	99	C	48.0	25	M	100.0	10	M	100.0	8	M	50.0	12	M	67.74	31	M	40.63	411	M	50.0	18	M	76.92	13
731	162	G	G	99.68	G	100.0	99	G	100.0	25	G	100.0	10	G	100.0	8	G	100.0	12	G	100.0	31	G	99.51	410	G	100.0	18	G	100.0	13
732	NA	-	F	50.0	NA	NA	0	NA	NA	0	NA	NA	0	NA	NA	0	NA	NA	0	NA	NA	0	F	50.0	2	NA	NA	0	NA	NA	0
733	163	G	G	84.66	G	100.0	99	G	100.0	25	G	100.0	10	G	100.0	8	G	100.0	12	G	100.0	31	G	76.59	410	G	100.0	18	G	100.0	13
734	NA	-	T	25.0	NA	NA	0	NA	NA	0	NA	NA	0	NA	NA	0	NA	NA	0	NA	NA	0	T	28.57	14	M	100.0	2	NA	NA	0
735	NA	-	T	87.5	NA	NA	0	NA	NA	0	NA	NA	0	NA	NA	0	NA	NA	0	NA	NA	0	T	87.5	8	NA	NA	0	NA	NA	0
736	NA	-	T	50.0	NA	NA	0	NA	NA	0	NA	NA	0	NA	NA	0	NA	NA	0	NA	NA	0	T	50.0	8	NA	NA	0	NA	NA	0
737	NA	-	L	37.5	NA	NA	0	NA	NA	0	NA	NA	0	NA	NA	0	NA	NA	0	NA	NA	0	L	37.5	8	NA	NA	0	NA	NA	0
738	NA	-	A	37.5	NA	NA	0	NA	NA	0	NA	NA	0	NA	NA	0	NA	NA	0	NA	NA	0	A	37.5	8	NA	NA	0	NA	NA	0
739	NA	-	A	100.0	NA	NA	0	NA	NA	0	NA	NA	0	NA	NA	0	NA	NA	0	NA	NA	0	A	100.0	1	NA	NA	0	NA	NA	0
740	NA	-	I	100.0	NA	NA	0	NA	NA	0	NA	NA	0	NA	NA	0	NA	NA	0	NA	NA	0	I	100.0	1	NA	NA	0	NA	NA	0
741	NA	-	E	100.0	NA	NA	0	NA	NA	0	NA	NA	0	NA	NA	0	NA	NA	0	NA	NA	0	E	100.0	1	NA	NA	0	NA	NA	0
742	NA	-	D	100.0	NA	NA	0	NA	NA	0	NA	NA	0	NA	NA	0	NA	NA	0	NA	NA	0	D	100.0	1	NA	NA	0	NA	NA	0
743	NA	-	S	100.0	NA	NA	0	NA	NA	0	NA	NA	0	NA	NA	0	NA	NA	0	NA	NA	0	S	100.0	1	NA	NA	0	NA	NA	0
744	NA	-	C	100.0	NA	NA	0	NA	NA	0	NA	NA	0	NA	NA	0	NA	NA	0	NA	NA	0	C	100.0	1	NA	NA	0	NA	NA	0
745	NA	-	I	100.0	NA	NA	0	NA	NA	0	NA	NA	0	NA	NA	0	NA	NA	0	NA	NA	0	I	100.0	1	NA	NA	0	NA	NA	0
746	NA	-	F	100.0	NA	NA	0	NA	NA	0	NA	NA	0	NA	NA	0	NA	NA	0	NA	NA	0	F	100.0	1	NA	NA	0	NA	NA	0
747	NA	-	P	100.0	NA	NA	0	NA	NA	0	NA	NA	0	NA	NA	0	NA	NA	0	NA	NA	0	P	100.0	1	NA	NA	0	NA	NA	0
748	NA	-	L	100.0	NA	NA	0	NA	NA	0	NA	NA	0	NA	NA	0	NA	NA	0	NA	NA	0	L	100.0	1	NA	NA	0	NA	NA	0
749	NA	-	C	100.0	NA	NA	0	NA	NA	0	NA	NA	0	NA	NA	0	NA	NA	0	NA	NA	0	C	100.0	1	NA	NA	0	NA	NA	0
750	NA	-	L	100.0	NA	NA	0	NA	NA	0	NA	NA	0	NA	NA	0	NA	NA	0	NA	NA	0	L	100.0	1	NA	NA	0	NA	NA	0
751	NA	-	D	100.0	NA	NA	0	NA	NA	0	NA	NA	0	NA	NA	0	NA	NA	0	NA	NA	0	D	100.0	1	NA	NA	0	NA	NA	0
752	NA	-	D	100.0	NA	NA	0	NA	NA	0	NA	NA	0	NA	NA	0	NA	NA	0	NA	NA	0	D	100.0	1	NA	NA	0	NA	NA	0
753	NA	-	F	100.0	NA	NA	0	NA	NA	0	NA	NA	0	NA	NA	0	NA	NA	0	NA	NA	0	F	100.0	1	NA	NA	0	NA	NA	0
754	NA	-	T	39.13	NA	NA	0	NA	NA	0	NA	NA	0	NA	NA	0	NA	NA	0	NA	NA	0	T	33.33	21	T	100.0	2	NA	NA	0
755	NA	-	T	34.62	NA	NA	0	NA	NA	0	NA	NA	0	NA	NA	0	NA	NA	0	NA	NA	0	T	29.17	24	T	100.0	2	NA	NA	0
756	164	G	G	63.3	G	79.8	99	G	40.0	25	G	100.0	10	G	100.0	8	G	50.0	12	G	67.74	31	G	58.82	408	G	61.11	18	G	76.92	13
757	165	G	G	64.64	G	90.91	99	G	52.0	25	G	100.0	10	G	100.0	8	G	50.0	12	G	67.74	31	G	58.92	409	A	61.11	18	G	76.92	13
758	166	S	T	39.3	T	52.53	99	A	76.0	25	S	70.0	10	T	100.0	8	T	50.0	12	T	90.32	31	A	31.71	410	A	66.67	18	T	92.31	13
759	167	L	L	60.22	L	77.78	99	L	48.0	25	L	100.0	10	L	100.0	8	L	100.0	12	L	64.52	31	L	52.93	410	L	61.11	18	L	76.92	13
760	168	I	E	30.99	E	52.53	99	V	40.0	25	R	30.0	10	R	50.0	8	E	50.0	12	A	61.29	31	E	27.8	410	V	27.78	18	R	76.92	13
761	169	S	A	68.9	A	87.88	99	A	84.0	25	L	40.0	10	A	62.5	8	A	100.0	12	V	48.39	31	A	66.91	411	A	83.33	18	L	76.92	13
762	NA	-	V	75.0	NA	NA	0	NA	NA	0	NA	NA	0	NA	NA	0	NA	NA	0	NA	NA	0	V	75.0	4	NA	NA	0	NA	NA	0
763	NA	-	P	75.0	NA	NA	0	NA	NA	0	NA	NA	0	NA	NA	0	NA	NA	0	NA	NA	0	P	75.0	4	NA	NA	0	NA	NA	0
764	NA	-	L	100.0	NA	NA	0	NA	NA	0	NA	NA	0	NA	NA	0	NA	NA	0	NA	NA	0	L	100.0	4	NA	NA	0	NA	NA	0
765	NA	-	G	75.0	NA	NA	0	NA	NA	0	NA	NA	0	NA	NA	0	NA	NA	0	NA	NA	0	G	75.0	4	NA	NA	0	NA	NA	0
766	NA	-	S	100.0	NA	NA	0	NA	NA	0	NA	NA	0	NA	NA	0	NA	NA	0	NA	NA	0	S	100.0	3	NA	NA	0	NA	NA	0
767	NA	-	I	100.0	NA	NA	0	NA	NA	0	NA	NA	0	NA	NA	0	NA	NA	0	NA	NA	0	I	100.0	3	NA	NA	0	NA	NA	0
768	NA	-	S	42.86	NA	NA	0	NA	NA	0	NA	NA	0	NA	NA	0	NA	NA	0	NA	NA	0	S	42.86	7	NA	NA	0	NA	NA	0
769	NA	-	I	42.86	NA	NA	0	NA	NA	0	NA	NA	0	NA	NA	0	NA	NA	0	NA	NA	0	I	42.86	7	NA	NA	0	NA	NA	0
770	NA	-	G	100.0	NA	NA	0	NA	NA	0	NA	NA	0	NA	NA	0	NA	NA	0	NA	NA	0	G	100.0	7	NA	NA	0	NA	NA	0
771	NA	-	S	57.14	NA	NA	0	NA	NA	0	NA	NA	0	NA	NA	0	NA	NA	0	NA	NA	0	S	57.14	7	NA	NA	0	NA	NA	0
772	NA	-	P	42.86	NA	NA	0	NA	NA	0	NA	NA	0	NA	NA	0	NA	NA	0	NA	NA	0	P	42.86	7	NA	NA	0	NA	NA	0
773	NA	-	L	42.86	NA	NA	0	NA	NA	0	NA	NA	0	NA	NA	0	NA	NA	0	NA	NA	0	L	42.86	7	NA	NA	0	NA	NA	0
774	NA	-	G	42.86	NA	NA	0	NA	NA	0	NA	NA	0	NA	NA	0	NA	NA	0	NA	NA	0	G	42.86	7	NA	NA	0	NA	NA	0
775	NA	-	A	42.86	NA	NA	0	NA	NA	0	NA	NA	0	NA	NA	0	NA	NA	0	NA	NA	0	A	42.86	7	NA	NA	0	NA	NA	0
776	NA	-	V	42.86	NA	NA	0	NA	NA	0	NA	NA	0	NA	NA	0	NA	NA	0	NA	NA	0	V	42.86	7	NA	NA	0	NA	NA	0
777	NA	-	L	22.22	NA	NA	0	NA	NA	0	NA	NA	0	NA	NA	0	NA	NA	0	NA	NA	0	L	22.22	18	NA	NA	0	NA	NA	0
778	170	A	A	64.08	A	71.72	99	G	62.5	24	A	90.0	10	A	75.0	8	V	50.0	12	A	90.32	31	A	61.98	405	A	62.5	16	A	100.0	13
779	171	A	A	24.88	A	25.25	99	A	70.83	24	R	40.0	10	S	50.0	8	T	50.0	12	D	58.06	31	A	25.37	402	A	37.5	16	S	76.92	13
780	NA	-	K	17.65	S	50.0	4	NA	NA	0	NA	NA	0	NA	NA	0	NA	NA	0	NA	NA	0	K	18.26	115	NA	NA	0	NA	NA	0
781	NA	-	S	59.09	NA	NA	0	NA	NA	0	NA	NA	0	NA	NA	0	NA	NA	0	NA	NA	0	S	59.09	110	NA	NA	0	NA	NA	0
782	NA	-	G	32.73	NA	NA	0	NA	NA	0	NA	NA	0	NA	NA	0	NA	NA	0	NA	NA	0	G	32.73	110	NA	NA	0	NA	NA	0
783	NA	-	G	70.8	NA	NA	0	NA	NA	0	NA	NA	0	NA	NA	0	NA	NA	0	NA	NA	0	G	70.8	113	NA	NA	0	NA	NA	0
784	NA	-	P	25.0	NA	NA	0	NA	NA	0	NA	NA	0	NA	NA	0	NA	NA	0	NA	NA	0	P	25.0	28	NA	NA	0	NA	NA	0
785	NA	-	P	53.85	NA	NA	0	NA	NA	0	NA	NA	0	NA	NA	0	NA	NA	0	NA	NA	0	P	53.85	26	NA	NA	0	NA	NA	0
786	NA	-	F	73.91	NA	NA	0	NA	NA	0	NA	NA	0	NA	NA	0	NA	NA	0	NA	NA	0	F	73.91	23	NA	NA	0	NA	NA	0
787	NA	-	C	70.59	NA	NA	0	NA	NA	0	NA	NA	0	NA	NA	0	NA	NA	0	NA	NA	0	C	70.59	17	NA	NA	0	NA	NA	0
788	NA	-	T	23.08	NA	NA	0	NA	NA	0	NA	NA	0	NA	NA	0	NA	NA	0	NA	NA	0	T	23.08	26	NA	NA	0	NA	NA	0
789	NA	-	G	26.92	NA	NA	0	NA	NA	0	NA	NA	0	NA	NA	0	NA	NA	0	NA	NA	0	G	26.92	26	NA	NA	0	NA	NA	0
790	NA	-	P	26.92	NA	NA	0	NA	NA	0	NA	NA	0	NA	NA	0	NA	NA	0	NA	NA	0	P	26.92	26	NA	NA	0	NA	NA	0
791	NA	-	V	22.22	NA	NA	0	V	100.0	1	NA	NA	0	NA	NA	0	NA	NA	0	NA	NA	0	L	23.08	26	NA	NA	0	NA	NA	0
792	NA	-	V	100.0	NA	NA	0	NA	NA	0	NA	NA	0	NA	NA	0	NA	NA	0	NA	NA	0	V	100.0	2	NA	NA	0	NA	NA	0
793	NA	-	C	100.0	NA	NA	0	NA	NA	0	NA	NA	0	NA	NA	0	NA	NA	0	NA	NA	0	C	100.0	2	NA	NA	0	NA	NA	0
794	NA	-	G	100.0	NA	NA	0	NA	NA	0	NA	NA	0	NA	NA	0	NA	NA	0	NA	NA	0	G	100.0	2	NA	NA	0	NA	NA	0
795	NA	-	L	100.0	NA	NA	0	NA	NA	0	NA	NA	0	NA	NA	0	NA	NA	0	NA	NA	0	L	100.0	2	NA	NA	0	NA	NA	0
796	NA	-	R	100.0	NA	NA	0	NA	NA	0	NA	NA	0	NA	NA	0	NA	NA	0	NA	NA	0	R	100.0	2	NA	NA	0	NA	NA	0
797	NA	-	A	100.0	NA	NA	0	NA	NA	0	NA	NA	0	NA	NA	0	NA	NA	0	NA	NA	0	A	100.0	2	NA	NA	0	NA	NA	0
798	NA	-	E	100.0	NA	NA	0	NA	NA	0	NA	NA	0	NA	NA	0	NA	NA	0	NA	NA	0	E	100.0	2	NA	NA	0	NA	NA	0
799	NA	-	L	100.0	NA	NA	0	NA	NA	0	NA	NA	0	NA	NA	0	NA	NA	0	NA	NA	0	L	100.0	2	NA	NA	0	NA	NA	0
800	NA	-	G	100.0	NA	NA	0	NA	NA	0	NA	NA	0	NA	NA	0	NA	NA	0	NA	NA	0	G	100.0	2	NA	NA	0	NA	NA	0
801	NA	-	L	100.0	NA	NA	0	NA	NA	0	NA	NA	0	NA	NA	0	NA	NA	0	NA	NA	0	L	100.0	1	NA	NA	0	NA	NA	0
802	NA	-	L	100.0	NA	NA	0	NA	NA	0	NA	NA	0	NA	NA	0	NA	NA	0	NA	NA	0	L	100.0	2	NA	NA	0	NA	NA	0
803	NA	-	E	50.0	NA	NA	0	NA	NA	0	NA	NA	0	NA	NA	0	NA	NA	0	NA	NA	0	E	50.0	2	NA	NA	0	NA	NA	0
804	NA	-	Q	50.0	NA	NA	0	NA	NA	0	NA	NA	0	NA	NA	0	NA	NA	0	NA	NA	0	Q	50.0	2	NA	NA	0	NA	NA	0
805	NA	-	V	50.0	NA	NA	0	NA	NA	0	NA	NA	0	NA	NA	0	NA	NA	0	NA	NA	0	V	50.0	2	NA	NA	0	NA	NA	0
806	NA	-	P	66.67	NA	NA	0	NA	NA	0	NA	NA	0	NA	NA	0	NA	NA	0	NA	NA	0	P	66.67	3	NA	NA	0	NA	NA	0
807	NA	-	V	33.33	NA	NA	0	NA	NA	0	NA	NA	0	NA	NA	0	NA	NA	0	NA	NA	0	V	33.33	3	NA	NA	0	NA	NA	0
808	NA	-	G	100.0	NA	NA	0	NA	NA	0	NA	NA	0	NA	NA	0	NA	NA	0	NA	NA	0	G	100.0	3	NA	NA	0	NA	NA	0
809	NA	-	E	33.33	NA	NA	0	NA	NA	0	NA	NA	0	NA	NA	0	NA	NA	0	NA	NA	0	E	33.33	3	NA	NA	0	NA	NA	0
810	NA	-	P	100.0	NA	NA	0	NA	NA	0	NA	NA	0	NA	NA	0	NA	NA	0	NA	NA	0	P	100.0	2	NA	NA	0	NA	NA	0
811	NA	-	T	100.0	NA	NA	0	NA	NA	0	NA	NA	0	NA	NA	0	NA	NA	0	NA	NA	0	T	100.0	1	NA	NA	0	NA	NA	0
812	NA	-	G	100.0	NA	NA	0	NA	NA	0	NA	NA	0	NA	NA	0	NA	NA	0	NA	NA	0	G	100.0	1	NA	NA	0	NA	NA	0
813	NA	-	Y	36.0	NA	NA	0	Y	100.0	1	NA	NA	0	NA	NA	0	NA	NA	0	NA	NA	0	Y	33.33	24	NA	NA	0	NA	NA	0
814	NA	-	D	28.21	NA	NA	0	R	100.0	1	NA	NA	0	NA	NA	0	NA	NA	0	NA	NA	0	D	30.56	36	W	50.0	2	NA	NA	0
815	172	N	D	33.79	D	34.62	78	D	25.0	4	D	50.0	10	E	37.5	8	D	100.0	6	D	85.71	21	D	29.03	217	R	40.0	10	Q	100.0	10
816	173	N	R	43.78	R	66.67	99	D	84.0	25	N	60.0	10	R	62.5	8	R	50.0	12	R	61.29	31	R	37.15	323	D	55.56	18	R	76.92	13
817	174	P	P	71.72	P	73.74	99	P	92.0	25	P	100.0	8	P	100.0	8	P	100.0	12	P	100.0	31	P	63.44	320	P	66.67	18	P	100.0	13
818	NA	-	D	20.0	NA	NA	0	NA	NA	0	NA	NA	0	NA	NA	0	NA	NA	0	NA	NA	0	D	20.0	20	NA	NA	0	NA	NA	0
819	175	S	R	28.09	S	43.43	99	R	56.0	25	S	60.0	10	D	37.5	8	S	50.0	12	E	58.06	31	R	28.75	407	R	55.56	18	D	76.92	13
820	176	L	L	43.47	L	73.74	99	V	64.0	25	L	60.0	10	L	87.5	8	L	41.67	12	L	67.74	31	L	34.95	412	V	61.11	18	L	76.92	13
821	177	K	K	31.69	K	49.49	99	K	52.0	25	K	60.0	10	K	50.0	8	R	50.0	12	R	45.16	31	K	26.7	412	D	38.89	18	K	76.92	13
822	178	A	A	54.46	A	81.82	99	S	40.0	25	A	100.0	10	A	100.0	8	A	100.0	12	A	67.74	31	A	46.12	412	T	44.44	18	A	76.92	13
823	179	A	A	49.6	A	61.62	99	V	44.0	25	A	100.0	10	A	100.0	8	A	50.0	12	A	67.74	31	A	44.28	411	A	50.0	18	A	76.92	13
824	180	A	V	43.29	I	52.53	99	L	28.0	25	I	70.0	10	I	87.5	8	V	50.0	12	I	64.52	31	V	49.51	410	V	27.78	18	I	76.92	13
825	181	P	P	61.18	P	87.88	99	P	40.0	25	P	90.0	10	P	100.0	8	P	50.0	12	P	70.97	31	P	53.41	410	P	66.67	18	P	76.92	13
826	182	Q	L	45.85	L	70.71	99	L	52.0	25	L	40.0	10	L	87.5	8	L	50.0	12	L	64.52	31	L	36.34	410	I	44.44	18	L	76.92	13
827	183	A	A	37.7	A	52.53	99	D	28.0	25	A	70.0	10	T	75.0	8	T	50.0	12	T	64.52	31	A	40.98	410	Q	27.78	18	T	76.92	13
828	184	P	P	54.56	P	92.93	99	S	48.0	25	P	90.0	10	P	75.0	8	P	50.0	12	P	64.52	31	P	43.52	409	P	55.56	18	P	76.92	13
829	185	W	W	63.21	W	93.51	77	W	66.67	3	W	100.0	10	W	100.0	8	W	100.0	6	W	95.24	21	W	46.99	266	W	75.0	4	W	100.0	10
830	186	D	N	29.82	D	42.86	77	N	33.33	3	N	33.33	9	H	87.5	8	N	100.0	6	H	95.24	21	N	30.28	251	N	75.0	4	H	100.0	10
831	NA	-	P	26.92	K	66.67	3	P	100.0	1	T	80.0	5	NA	NA	0	NA	NA	0	NA	NA	0	P	30.95	42	N	100.0	1	NA	NA	0
832	NA	-	F	40.0	NA	NA	0	F	100.0	1	NA	NA	0	NA	NA	0	NA	NA	0	NA	NA	0	F	33.33	9	NA	NA	0	NA	NA	0
833	NA	-	N	75.0	NA	NA	0	NA	NA	0	NA	NA	0	NA	NA	0	NA	NA	0	NA	NA	0	N	75.0	4	NA	NA	0	NA	NA	0
834	NA	-	E	50.0	NA	NA	0	NA	NA	0	NA	NA	0	NA	NA	0	NA	NA	0	NA	NA	0	E	50.0	4	NA	NA	0	NA	NA	0
835	NA	-	P	50.0	NA	NA	0	NA	NA	0	NA	NA	0	NA	NA	0	NA	NA	0	NA	NA	0	P	50.0	4	NA	NA	0	NA	NA	0
836	NA	-	M	100.0	NA	NA	0	NA	NA	0	NA	NA	0	NA	NA	0	NA	NA	0	NA	NA	0	M	100.0	4	NA	NA	0	NA	NA	0
837	NA	-	R	50.0	NA	NA	0	NA	NA	0	NA	NA	0	NA	NA	0	NA	NA	0	NA	NA	0	R	50.0	4	NA	NA	0	NA	NA	0
838	NA	-	D	75.0	NA	NA	0	NA	NA	0	NA	NA	0	NA	NA	0	NA	NA	0	NA	NA	0	D	75.0	4	NA	NA	0	NA	NA	0
839	NA	-	Y	75.0	NA	NA	0	NA	NA	0	NA	NA	0	NA	NA	0	NA	NA	0	NA	NA	0	Y	75.0	4	NA	NA	0	NA	NA	0
840	NA	-	L	75.0	NA	NA	0	NA	NA	0	NA	NA	0	NA	NA	0	NA	NA	0	NA	NA	0	L	75.0	4	NA	NA	0	NA	NA	0
841	NA	-	D	50.0	NA	NA	0	NA	NA	0	NA	NA	0	NA	NA	0	NA	NA	0	NA	NA	0	D	50.0	4	NA	NA	0	NA	NA	0
842	NA	-	R	75.0	NA	NA	0	NA	NA	0	NA	NA	0	NA	NA	0	NA	NA	0	NA	NA	0	R	75.0	4	NA	NA	0	NA	NA	0
843	NA	-	G	75.0	NA	NA	0	NA	NA	0	NA	NA	0	NA	NA	0	NA	NA	0	NA	NA	0	G	75.0	4	NA	NA	0	NA	NA	0
844	NA	-	F	33.33	NA	NA	0	NA	NA	0	NA	NA	0	NA	NA	0	NA	NA	0	NA	NA	0	F	33.33	6	NA	NA	0	NA	NA	0
845	NA	-	Q	51.14	NA	NA	0	NA	NA	0	NA	NA	0	NA	NA	0	NA	NA	0	NA	NA	0	Q	51.14	88	NA	NA	0	NA	NA	0
846	NA	-	W	21.59	NA	NA	0	NA	NA	0	NA	NA	0	NA	NA	0	NA	NA	0	NA	NA	0	W	21.59	88	NA	NA	0	NA	NA	0
847	NA	-	W	45.45	NA	NA	0	NA	NA	0	NA	NA	0	NA	NA	0	NA	NA	0	NA	NA	0	W	45.45	88	NA	NA	0	NA	NA	0
848	NA	-	C	38.64	NA	NA	0	NA	NA	0	NA	NA	0	NA	NA	0	NA	NA	0	NA	NA	0	C	38.64	88	NA	NA	0	NA	NA	0
849	NA	-	S	43.18	NA	NA	0	NA	NA	0	NA	NA	0	NA	NA	0	NA	NA	0	NA	NA	0	S	43.18	88	NA	NA	0	NA	NA	0
850	NA	-	L	36.36	NA	NA	0	NA	NA	0	NA	NA	0	NA	NA	0	NA	NA	0	NA	NA	0	L	36.36	11	NA	NA	0	NA	NA	0
851	NA	-	G	35.71	NA	NA	0	NA	NA	0	NA	NA	0	NA	NA	0	NA	NA	0	NA	NA	0	G	35.71	14	NA	NA	0	NA	NA	0
852	NA	-	L	58.33	NA	NA	0	NA	NA	0	NA	NA	0	NA	NA	0	NA	NA	0	NA	NA	0	L	58.33	12	NA	NA	0	NA	NA	0
853	NA	-	P	55.56	NA	NA	0	NA	NA	0	NA	NA	0	NA	NA	0	NA	NA	0	NA	NA	0	P	55.56	18	NA	NA	0	NA	NA	0
854	NA	-	D	31.58	NA	NA	0	NA	NA	0	NA	NA	0	NA	NA	0	NA	NA	0	NA	NA	0	D	31.58	19	NA	NA	0	NA	NA	0
855	NA	-	R	40.0	NA	NA	0	NA	NA	0	NA	NA	0	NA	NA	0	NA	NA	0	NA	NA	0	R	40.0	15	NA	NA	0	NA	NA	0
856	NA	-	N	25.0	NA	NA	0	NA	NA	0	NA	NA	0	NA	NA	0	NA	NA	0	NA	NA	0	N	25.0	44	NA	NA	0	NA	NA	0
857	NA	-	A	37.88	A	100.0	1	NA	NA	0	NA	NA	0	NA	NA	0	NA	NA	0	NA	NA	0	A	32.79	61	A	100.0	4	NA	NA	0
858	NA	-	E	24.04	P	50.0	2	NA	NA	0	NA	NA	0	NA	NA	0	NA	NA	0	NA	NA	0	E	20.41	98	E	100.0	4	NA	NA	0
859	NA	-	T	25.24	T	100.0	1	NA	NA	0	NA	NA	0	NA	NA	0	NA	NA	0	NA	NA	0	T	21.43	98	T	100.0	4	NA	NA	0
860	NA	-	G	70.47	G	81.82	22	G	100.0	22	NA	NA	0	NA	NA	0	G	100.0	6	G	100.0	10	G	66.06	221	G	35.71	14	G	100.0	3
861	NA	-	P	31.21	P	59.09	22	F	40.91	22	NA	NA	0	NA	NA	0	Y	100.0	6	L	70.0	10	P	28.05	221	P	57.14	14	L	100.0	3
862	NA	-	L	33.03	L	70.0	20	F	40.91	22	NA	NA	0	NA	NA	0	F	66.67	6	L	80.0	10	L	28.17	252	L	28.57	14	L	100.0	3
863	NA	-	V	27.27	NA	NA	0	P	100.0	1	NA	NA	0	NA	NA	0	NA	NA	0	NA	NA	0	V	30.0	10	NA	NA	0	NA	NA	0
864	NA	-	N	50.0	NA	NA	0	NA	NA	0	NA	NA	0	NA	NA	0	NA	NA	0	NA	NA	0	N	50.0	6	NA	NA	0	NA	NA	0
865	NA	-	D	66.67	NA	NA	0	NA	NA	0	NA	NA	0	NA	NA	0	NA	NA	0	NA	NA	0	D	66.67	3	NA	NA	0	NA	NA	0
866	NA	-	T	100.0	NA	NA	0	NA	NA	0	NA	NA	0	NA	NA	0	NA	NA	0	NA	NA	0	T	100.0	3	NA	NA	0	NA	NA	0
867	NA	-	I	100.0	NA	NA	0	NA	NA	0	NA	NA	0	NA	NA	0	NA	NA	0	NA	NA	0	I	100.0	3	NA	NA	0	NA	NA	0
868	NA	-	G	100.0	NA	NA	0	NA	NA	0	NA	NA	0	NA	NA	0	NA	NA	0	NA	NA	0	G	100.0	3	NA	NA	0	NA	NA	0
869	NA	-	K	50.0	NA	NA	0	NA	NA	0	NA	NA	0	NA	NA	0	NA	NA	0	NA	NA	0	K	50.0	4	NA	NA	0	NA	NA	0
870	NA	-	H	50.0	NA	NA	0	NA	NA	0	NA	NA	0	NA	NA	0	NA	NA	0	NA	NA	0	H	50.0	4	NA	NA	0	NA	NA	0
871	NA	-	L	75.0	NA	NA	0	NA	NA	0	NA	NA	0	NA	NA	0	NA	NA	0	NA	NA	0	L	75.0	4	NA	NA	0	NA	NA	0
872	NA	-	P	100.0	NA	NA	0	NA	NA	0	NA	NA	0	NA	NA	0	NA	NA	0	NA	NA	0	P	100.0	4	NA	NA	0	NA	NA	0
873	NA	-	S	50.0	NA	NA	0	NA	NA	0	NA	NA	0	NA	NA	0	NA	NA	0	NA	NA	0	S	50.0	4	NA	NA	0	NA	NA	0
874	NA	-	L	75.0	NA	NA	0	NA	NA	0	NA	NA	0	NA	NA	0	NA	NA	0	NA	NA	0	L	75.0	4	NA	NA	0	NA	NA	0
875	NA	-	Y	100.0	NA	NA	0	NA	NA	0	NA	NA	0	NA	NA	0	NA	NA	0	NA	NA	0	Y	100.0	1	NA	NA	0	NA	NA	0
876	NA	-	G	100.0	NA	NA	0	NA	NA	0	NA	NA	0	NA	NA	0	NA	NA	0	NA	NA	0	G	100.0	1	NA	NA	0	NA	NA	0
877	NA	-	G	100.0	NA	NA	0	NA	NA	0	NA	NA	0	NA	NA	0	NA	NA	0	NA	NA	0	G	100.0	1	NA	NA	0	NA	NA	0
878	NA	-	G	100.0	NA	NA	0	NA	NA	0	NA	NA	0	NA	NA	0	NA	NA	0	NA	NA	0	G	100.0	1	NA	NA	0	NA	NA	0
879	NA	-	F	100.0	NA	NA	0	NA	NA	0	NA	NA	0	NA	NA	0	NA	NA	0	NA	NA	0	F	100.0	4	NA	NA	0	NA	NA	0
880	NA	-	K	75.0	NA	NA	0	NA	NA	0	NA	NA	0	NA	NA	0	NA	NA	0	NA	NA	0	K	75.0	4	NA	NA	0	NA	NA	0
881	NA	-	R	100.0	NA	NA	0	NA	NA	0	NA	NA	0	NA	NA	0	NA	NA	0	NA	NA	0	R	100.0	4	NA	NA	0	NA	NA	0
882	NA	-	D	100.0	NA	NA	0	NA	NA	0	NA	NA	0	NA	NA	0	NA	NA	0	NA	NA	0	D	100.0	1	NA	NA	0	NA	NA	0
883	NA	-	P	100.0	NA	NA	0	NA	NA	0	NA	NA	0	NA	NA	0	NA	NA	0	NA	NA	0	P	100.0	1	NA	NA	0	NA	NA	0
884	NA	-	V	50.0	NA	NA	0	NA	NA	0	NA	NA	0	NA	NA	0	NA	NA	0	NA	NA	0	V	50.0	4	NA	NA	0	NA	NA	0
885	NA	-	L	30.77	NA	NA	0	A	100.0	1	NA	NA	0	NA	NA	0	NA	NA	0	NA	NA	0	L	33.33	12	NA	NA	0	NA	NA	0
886	NA	-	N	18.75	NA	NA	0	H	100.0	1	NA	NA	0	NA	NA	0	NA	NA	0	NA	NA	0	N	20.0	15	NA	NA	0	NA	NA	0
887	NA	-	P	28.57	NA	NA	0	NA	NA	0	NA	NA	0	NA	NA	0	NA	NA	0	NA	NA	0	P	28.57	14	NA	NA	0	NA	NA	0
888	NA	-	R	26.09	A	100.0	1	G	100.0	1	NA	NA	0	NA	NA	0	NA	NA	0	NA	NA	0	R	28.57	21	NA	NA	0	NA	NA	0
889	NA	-	S	25.0	V	100.0	1	F	50.0	2	NA	NA	0	NA	NA	0	NA	NA	0	NA	NA	0	S	28.0	25	NA	NA	0	NA	NA	0
890	187	S	L	23.44	L	37.11	97	A	44.0	25	S	50.0	10	L	75.0	8	L	50.0	12	T	58.06	31	L	19.19	396	A	33.33	18	L	76.92	13
891	188	S	D	41.79	D	24.24	99	D	68.0	25	S	50.0	10	D	50.0	8	D	66.67	12	Q	54.84	31	D	44.86	399	D	50.0	18	N	76.92	13
892	189	T	K	31.81	K	33.33	99	G	36.0	25	T	40.0	10	K	100.0	8	K	50.0	12	K	61.29	31	K	27.96	397	P	27.78	18	K	76.92	13
893	190	N	S	19.22	N	31.58	95	T	30.77	13	A	30.0	10	T	50.0	8	T	100.0	6	R	27.27	22	S	18.54	329	S	41.18	17	N	60.0	10
894	NA	-	R	100.0	NA	NA	0	NA	NA	0	NA	NA	0	NA	NA	0	NA	NA	0	NA	NA	0	R	100.0	1	NA	NA	0	NA	NA	0
895	NA	-	D	45.12	D	75.0	4	Q	75.0	4	NA	NA	0	NA	NA	0	NA	NA	0	D	100.0	9	D	35.48	62	NA	NA	0	D	100.0	3
896	NA	-	N	55.56	N	50.0	4	N	100.0	4	NA	NA	0	NA	NA	0	NA	NA	0	N	55.56	9	N	50.82	61	NA	NA	0	N	100.0	3
897	NA	-	G	22.22	P	50.0	4	Y	50.0	4	NA	NA	0	NA	NA	0	NA	NA	0	D	55.56	9	G	29.51	61	NA	NA	0	H	100.0	3
898	NA	-	E	75.0	NA	NA	0	NA	NA	0	NA	NA	0	NA	NA	0	NA	NA	0	NA	NA	0	E	75.0	4	NA	NA	0	NA	NA	0
899	NA	-	Y	75.0	NA	NA	0	NA	NA	0	NA	NA	0	NA	NA	0	NA	NA	0	NA	NA	0	Y	75.0	4	NA	NA	0	NA	NA	0
900	NA	-	A	50.0	NA	NA	0	NA	NA	0	NA	NA	0	NA	NA	0	NA	NA	0	NA	NA	0	A	50.0	4	NA	NA	0	NA	NA	0
901	NA	-	Q	75.0	NA	NA	0	NA	NA	0	NA	NA	0	NA	NA	0	NA	NA	0	NA	NA	0	Q	75.0	4	NA	NA	0	NA	NA	0
902	NA	-	M	75.0	NA	NA	0	NA	NA	0	NA	NA	0	NA	NA	0	NA	NA	0	NA	NA	0	M	75.0	4	NA	NA	0	NA	NA	0
903	NA	-	H	60.0	NA	NA	0	NA	NA	0	NA	NA	0	NA	NA	0	NA	NA	0	NA	NA	0	H	60.0	5	NA	NA	0	NA	NA	0
904	191	F	W	68.62	W	49.35	77	W	50.0	4	F	80.0	10	W	75.0	8	W	100.0	6	W	85.71	21	W	75.5	151	W	100.0	3	W	100.0	10
905	NA	-	H	42.86	NA	NA	0	NA	NA	0	NA	NA	0	NA	NA	0	NA	NA	0	NA	NA	0	H	42.86	7	NA	NA	0	NA	NA	0
906	NA	-	R	18.0	NA	NA	0	T	66.67	9	NA	NA	0	NA	NA	0	A	66.67	6	NA	NA	0	M	23.53	34	R	100.0	1	NA	NA	0
907	NA	-	F	30.0	NA	NA	0	L	66.67	9	NA	NA	0	NA	NA	0	F	100.0	6	NA	NA	0	S	26.47	34	F	100.0	1	NA	NA	0
908	NA	-	G	78.0	NA	NA	0	G	100.0	9	NA	NA	0	NA	NA	0	G	100.0	6	NA	NA	0	G	67.65	34	G	100.0	1	NA	NA	0
909	NA	-	M	61.9	NA	NA	0	NA	NA	0	NA	NA	0	NA	NA	0	NA	NA	0	NA	NA	0	M	61.9	21	NA	NA	0	NA	NA	0
910	NA	-	L	100.0	NA	NA	0	NA	NA	0	NA	NA	0	NA	NA	0	NA	NA	0	NA	NA	0	L	100.0	4	NA	NA	0	NA	NA	0
911	NA	-	E	36.36	NA	NA	0	NA	NA	0	NA	NA	0	NA	NA	0	NA	NA	0	NA	NA	0	E	36.36	11	NA	NA	0	NA	NA	0
912	NA	-	S	27.27	NA	NA	0	NA	NA	0	NA	NA	0	NA	NA	0	NA	NA	0	NA	NA	0	S	27.27	11	NA	NA	0	NA	NA	0
913	NA	-	D	66.67	NA	NA	0	NA	NA	0	NA	NA	0	NA	NA	0	NA	NA	0	NA	NA	0	D	66.67	3	NA	NA	0	NA	NA	0
914	NA	-	P	44.83	NA	NA	0	NA	NA	0	NA	NA	0	NA	NA	0	NA	NA	0	NA	NA	0	P	44.83	29	NA	NA	0	NA	NA	0
915	NA	-	G	34.88	NA	NA	0	NA	NA	0	NA	NA	0	NA	NA	0	G	83.33	6	NA	NA	0	G	27.03	37	NA	NA	0	NA	NA	0
916	NA	-	Y	40.0	NA	NA	0	Y	100.0	9	NA	NA	0	NA	NA	0	Y	100.0	6	NA	NA	0	L	33.33	39	Y	100.0	1	NA	NA	0
917	NA	-	G	41.82	NA	NA	0	G	100.0	9	NA	NA	0	NA	NA	0	G	100.0	6	NA	NA	0	T	20.51	39	G	100.0	1	NA	NA	0
918	NA	-	R	43.1	NA	NA	0	R	100.0	9	NA	NA	0	NA	NA	0	R	100.0	6	NA	NA	0	K	52.38	42	R	100.0	1	NA	NA	0
919	NA	-	D	39.66	NA	NA	0	E	88.89	9	NA	NA	0	NA	NA	0	D	100.0	6	NA	NA	0	D	38.1	42	E	100.0	1	NA	NA	0
920	192	S	S	32.01	S	38.78	98	N	24.0	25	R	40.0	10	S	50.0	8	R	50.0	12	S	44.83	29	S	30.2	394	P	23.53	17	S	46.15	13
921	NA	-	L	49.4	L	63.64	22	L	95.45	22	NA	NA	0	NA	NA	0	L	100.0	6	L	80.0	10	L	43.53	255	V	28.57	14	L	100.0	3
922	NA	-	A	27.84	A	33.33	9	R	46.15	13	NA	NA	0	NA	NA	0	A	100.0	6	D	66.67	9	A	27.62	210	T	60.0	5	T	100.0	3
923	193	S	G	21.01	N	23.46	81	K	37.5	16	S	60.0	10	N	25.0	8	G	75.0	12	D	50.0	30	G	23.97	317	L	50.0	8	S	46.15	13
924	194	V	V	40.55	V	67.5	80	L	81.25	16	V	70.0	10	V	85.71	7	V	50.0	12	L	50.0	30	L	38.13	299	V	75.0	4	V	46.15	13
925	NA	-	A	50.0	NA	NA	0	NA	NA	0	NA	NA	0	NA	NA	0	NA	NA	0	NA	NA	0	A	50.0	4	NA	NA	0	NA	NA	0
926	NA	-	K	100.0	NA	NA	0	NA	NA	0	NA	NA	0	NA	NA	0	NA	NA	0	NA	NA	0	K	100.0	2	NA	NA	0	NA	NA	0
927	NA	-	Q	50.0	NA	NA	0	NA	NA	0	NA	NA	0	NA	NA	0	NA	NA	0	NA	NA	0	Q	50.0	2	NA	NA	0	NA	NA	0
928	NA	-	R	50.0	NA	NA	0	NA	NA	0	NA	NA	0	NA	NA	0	NA	NA	0	NA	NA	0	R	50.0	2	NA	NA	0	NA	NA	0
929	NA	-	S	50.0	NA	NA	0	NA	NA	0	NA	NA	0	NA	NA	0	NA	NA	0	NA	NA	0	S	50.0	2	NA	NA	0	NA	NA	0
930	NA	-	A	66.67	NA	NA	0	NA	NA	0	NA	NA	0	NA	NA	0	NA	NA	0	NA	NA	0	A	66.67	3	NA	NA	0	NA	NA	0
931	NA	-	E	50.0	NA	NA	0	NA	NA	0	NA	NA	0	NA	NA	0	NA	NA	0	NA	NA	0	E	50.0	2	NA	NA	0	NA	NA	0
932	NA	-	N	40.0	NA	NA	0	NA	NA	0	NA	NA	0	NA	NA	0	NA	NA	0	NA	NA	0	N	40.0	5	NA	NA	0	NA	NA	0
933	NA	-	L	20.0	NA	NA	0	NA	NA	0	NA	NA	0	NA	NA	0	NA	NA	0	NA	NA	0	L	22.22	9	P	100.0	1	NA	NA	0
934	NA	-	V	43.75	NA	NA	0	I	100.0	1	NA	NA	0	NA	NA	0	NA	NA	0	NA	NA	0	V	41.67	12	V	66.67	3	NA	NA	0
935	195	T	R	27.8	R	54.55	99	H	60.0	25	T	30.0	10	Q	75.0	8	H	50.0	12	E	32.26	31	R	24.74	392	R	27.78	18	T	53.85	13
936	196	V	V	40.32	V	47.47	99	T	36.0	25	V	80.0	10	V	87.5	8	T	100.0	12	V	58.06	31	V	38.12	404	T	22.22	18	V	76.92	13
937	197	P	P	90.84	P	96.97	99	P	100.0	25	P	100.0	10	P	100.0	8	P	100.0	12	P	100.0	31	P	87.19	406	P	88.89	18	P	100.0	13
938	198	T	T	53.14	T	82.83	99	A	28.0	25	T	100.0	10	T	87.5	8	T	100.0	12	T	67.74	31	T	44.2	405	V	44.44	18	T	76.92	13
939	199	L	L	48.31	L	50.51	99	L	56.0	25	L	70.0	10	L	75.0	8	L	100.0	12	L	38.71	31	L	44.69	405	L	44.44	18	L	76.92	13
940	200	I	I	36.23	I	60.61	99	F	76.0	25	I	90.0	10	I	75.0	8	I	50.0	12	I	41.94	31	I	29.63	405	Y	38.89	18	I	76.92	13
941	201	F	I	33.55	I	43.43	99	V	32.0	25	F	50.0	10	I	50.0	8	I	50.0	12	I	51.61	31	I	29.95	404	V	44.44	18	I	76.92	13
942	202	A	G	39.52	G	64.65	99	D	36.0	25	G	60.0	10	G	100.0	8	G	50.0	12	G	67.74	31	G	29.21	404	A	38.89	18	G	76.92	13
943	203	C	G	69.24	A	51.52	99	G	92.0	25	C	70.0	10	A	100.0	8	A	50.0	12	A	67.74	31	G	80.99	405	G	83.33	18	A	76.92	13
944	204	E	E	26.94	Q	38.38	99	G	48.0	25	E	70.0	10	E	87.5	8	G	50.0	12	E	64.52	31	E	26.67	405	Q	41.18	17	D	61.54	13
945	NA	-	T	50.0	NA	NA	0	NA	NA	0	NA	NA	0	NA	NA	0	NA	NA	0	NA	NA	0	T	50.0	6	NA	NA	0	NA	NA	0
946	NA	-	M	37.5	NA	NA	0	NA	NA	0	NA	NA	0	NA	NA	0	NA	NA	0	NA	NA	0	M	37.5	8	NA	NA	0	NA	NA	0
947	NA	-	T	66.67	NA	NA	0	NA	NA	0	NA	NA	0	NA	NA	0	NA	NA	0	NA	NA	0	T	66.67	3	NA	NA	0	NA	NA	0
948	NA	-	G	100.0	NA	NA	0	NA	NA	0	NA	NA	0	NA	NA	0	NA	NA	0	NA	NA	0	G	100.0	3	NA	NA	0	NA	NA	0
949	NA	-	P	66.67	NA	NA	0	NA	NA	0	NA	NA	0	NA	NA	0	NA	NA	0	NA	NA	0	P	66.67	3	NA	NA	0	NA	NA	0
950	NA	-	R	100.0	NA	NA	0	NA	NA	0	NA	NA	0	NA	NA	0	NA	NA	0	NA	NA	0	R	100.0	3	NA	NA	0	NA	NA	0
951	NA	-	P	66.67	NA	NA	0	NA	NA	0	NA	NA	0	NA	NA	0	NA	NA	0	NA	NA	0	P	66.67	3	NA	NA	0	NA	NA	0
952	NA	-	G	100.0	NA	NA	0	NA	NA	0	NA	NA	0	NA	NA	0	NA	NA	0	NA	NA	0	G	100.0	3	NA	NA	0	NA	NA	0
953	NA	-	G	100.0	NA	NA	0	NA	NA	0	NA	NA	0	NA	NA	0	NA	NA	0	NA	NA	0	G	100.0	4	NA	NA	0	NA	NA	0
954	NA	-	F	85.71	NA	NA	0	NA	NA	0	NA	NA	0	NA	NA	0	NA	NA	0	NA	NA	0	F	85.71	7	NA	NA	0	NA	NA	0
955	NA	-	G	100.0	NA	NA	0	NA	NA	0	NA	NA	0	NA	NA	0	NA	NA	0	NA	NA	0	G	100.0	7	NA	NA	0	NA	NA	0
956	NA	-	A	50.0	NA	NA	0	NA	NA	0	NA	NA	0	NA	NA	0	NA	NA	0	NA	NA	0	A	50.0	4	NA	NA	0	NA	NA	0
957	NA	-	L	100.0	NA	NA	0	NA	NA	0	NA	NA	0	NA	NA	0	NA	NA	0	NA	NA	0	L	100.0	3	NA	NA	0	NA	NA	0
958	NA	-	D	66.67	NA	NA	0	NA	NA	0	NA	NA	0	NA	NA	0	NA	NA	0	NA	NA	0	D	66.67	3	NA	NA	0	NA	NA	0
959	NA	-	S	42.86	NA	NA	0	NA	NA	0	NA	NA	0	NA	NA	0	NA	NA	0	NA	NA	0	S	42.86	7	NA	NA	0	NA	NA	0
960	NA	-	L	27.27	NA	NA	0	NA	NA	0	NA	NA	0	NA	NA	0	NA	NA	0	NA	NA	0	L	27.27	11	NA	NA	0	NA	NA	0
961	NA	-	A	33.33	NA	NA	0	NA	NA	0	NA	NA	0	NA	NA	0	NA	NA	0	NA	NA	0	A	27.27	11	A	100.0	1	NA	NA	0
962	205	N	N	30.02	N	44.44	99	P	48.0	25	N	50.0	10	D	37.5	8	P	50.0	12	N	64.52	31	N	26.78	407	R	22.22	18	L	61.54	13
963	206	D	D	87.34	D	95.96	99	D	52.0	25	D	100.0	10	D	100.0	8	D	100.0	12	D	77.42	31	D	86.76	408	D	100.0	18	D	84.62	13
964	207	S	T	23.06	T	33.33	99	D	48.0	25	S	70.0	10	T	62.5	8	T	50.0	12	S	48.39	31	S	20.54	404	T	44.44	18	T	76.92	13
965	208	I	I	47.88	I	65.66	99	V	60.0	25	I	80.0	10	I	75.0	8	V	91.67	12	I	54.84	31	I	42.71	398	I	38.89	18	I	100.0	13
966	209	A	A	66.72	A	78.79	99	A	56.0	25	A	100.0	10	A	100.0	8	A	100.0	12	A	93.55	31	A	59.61	406	A	50.0	18	A	100.0	13
967	210	P	P	33.28	P	57.73	97	Y	40.0	25	P	70.0	10	P	50.0	8	P	50.0	12	S	61.29	31	S	29.35	402	P	38.89	18	P	61.54	13
968	211	V	V	34.03	V	44.9	98	P	48.0	25	V	90.0	10	V	87.5	8	V	50.0	12	V	51.61	31	P	37.04	405	P	44.44	18	V	76.92	13
969	212	N	A	22.74	A	38.78	98	N	48.0	25	R	30.0	10	T	25.0	8	N	50.0	12	R	51.61	31	S	23.95	405	A	61.11	18	N	23.08	13
970	213	S	S	34.36	S	42.68	82	S	57.89	19	S	90.0	10	T	50.0	8	S	100.0	12	S	40.0	30	S	27.81	338	A	33.33	9	T	46.15	13
971	NA	-	M	21.71	M	75.0	4	G	50.0	12	NA	NA	0	NA	NA	0	I	100.0	6	L	100.0	9	Q	27.59	116	G	50.0	2	V	66.67	3
972	NA	-	C	66.67	NA	NA	0	NA	NA	0	NA	NA	0	NA	NA	0	NA	NA	0	NA	NA	0	C	75.0	8	L	100.0	1	NA	NA	0
973	NA	-	E	100.0	NA	NA	0	NA	NA	0	NA	NA	0	NA	NA	0	NA	NA	0	NA	NA	0	NA	NA	0	E	100.0	1	NA	NA	0
974	NA	-	D	60.15	D	100.0	4	A	58.33	12	NA	NA	0	NA	NA	0	D	100.0	6	D	77.78	9	D	58.76	97	E	50.0	2	D	100.0	3
975	NA	-	L	33.33	NA	NA	0	NA	NA	0	NA	NA	0	NA	NA	0	NA	NA	0	NA	NA	0	L	34.48	29	T	100.0	1	NA	NA	0
976	NA	-	A	75.0	NA	NA	0	NA	NA	0	NA	NA	0	NA	NA	0	NA	NA	0	NA	NA	0	A	100.0	3	K	100.0	1	NA	NA	0
977	NA	-	K	50.0	NA	NA	0	NA	NA	0	NA	NA	0	NA	NA	0	NA	NA	0	NA	NA	0	K	66.67	3	A	100.0	1	NA	NA	0
978	NA	-	Y	100.0	NA	NA	0	NA	NA	0	NA	NA	0	NA	NA	0	NA	NA	0	NA	NA	0	Y	100.0	1	NA	NA	0	NA	NA	0
979	NA	-	Y	100.0	NA	NA	0	NA	NA	0	NA	NA	0	NA	NA	0	NA	NA	0	NA	NA	0	Y	100.0	1	NA	NA	0	NA	NA	0
980	NA	-	L	100.0	NA	NA	0	NA	NA	0	NA	NA	0	NA	NA	0	NA	NA	0	NA	NA	0	L	100.0	1	NA	NA	0	NA	NA	0
981	NA	-	T	50.0	NA	NA	0	NA	NA	0	NA	NA	0	NA	NA	0	NA	NA	0	NA	NA	0	T	50.0	2	NA	NA	0	NA	NA	0
982	NA	-	P	79.31	NA	NA	0	NA	NA	0	NA	NA	0	NA	NA	0	NA	NA	0	NA	NA	0	P	79.31	29	NA	NA	0	NA	NA	0
983	NA	-	W	55.56	NA	NA	0	NA	NA	0	NA	NA	0	NA	NA	0	NA	NA	0	NA	NA	0	W	55.56	27	NA	NA	0	NA	NA	0
984	NA	-	E	35.71	NA	NA	0	NA	NA	0	NA	NA	0	NA	NA	0	NA	NA	0	NA	NA	0	E	35.71	28	NA	NA	0	NA	NA	0
985	NA	-	L	48.0	NA	NA	0	NA	NA	0	NA	NA	0	NA	NA	0	NA	NA	0	NA	NA	0	L	48.0	25	NA	NA	0	NA	NA	0
986	NA	-	L	100.0	NA	NA	0	NA	NA	0	NA	NA	0	NA	NA	0	NA	NA	0	NA	NA	0	L	100.0	1	NA	NA	0	NA	NA	0
987	NA	-	I	24.24	NA	NA	0	NA	NA	0	NA	NA	0	NA	NA	0	NA	NA	0	NA	NA	0	I	24.24	33	NA	NA	0	NA	NA	0
988	NA	-	G	100.0	NA	NA	0	NA	NA	0	NA	NA	0	NA	NA	0	NA	NA	0	NA	NA	0	G	100.0	33	NA	NA	0	NA	NA	0
989	NA	-	L	42.42	NA	NA	0	NA	NA	0	NA	NA	0	NA	NA	0	NA	NA	0	NA	NA	0	L	42.42	33	NA	NA	0	NA	NA	0
990	NA	-	Q	88.24	NA	NA	0	NA	NA	0	NA	NA	0	NA	NA	0	NA	NA	0	NA	NA	0	Q	88.24	34	NA	NA	0	NA	NA	0
991	NA	-	L	77.78	NA	NA	0	NA	NA	0	NA	NA	0	NA	NA	0	NA	NA	0	NA	NA	0	L	77.78	9	NA	NA	0	NA	NA	0
992	NA	-	N	50.0	NA	NA	0	NA	NA	0	NA	NA	0	NA	NA	0	NA	NA	0	NA	NA	0	N	50.0	14	NA	NA	0	NA	NA	0
993	214	S	H	46.25	H	48.42	95	Y	33.33	12	H	60.0	10	H	100.0	8	H	100.0	6	H	95.24	21	H	40.06	327	L	29.41	17	H	100.0	10
994	215	A	S	32.09	A	46.32	95	V	76.92	13	A	60.0	10	A	50.0	8	A	83.33	6	S	72.73	22	S	30.3	330	V	41.18	17	A	60.0	10
995	216	L	E	24.02	E	44.21	95	R	30.77	13	I	40.0	10	E	62.5	8	V	100.0	6	I	86.36	22	E	20.8	327	R	35.29	17	K	50.0	10
996	217	P	P	49.12	P	58.95	95	P	46.15	13	P	100.0	10	P	87.5	8	P	100.0	6	P	90.91	22	P	40.24	328	R	23.53	17	P	100.0	10
997	218	I	F	51.56	F	67.37	95	R	53.85	13	F	60.0	10	F	87.5	8	F	100.0	6	F	68.18	22	F	45.05	333	F	23.53	17	F	100.0	10
998	NA	-	Q	42.11	NA	NA	0	NA	NA	0	NA	NA	0	NA	NA	0	NA	NA	0	NA	NA	0	Q	42.11	19	NA	NA	0	NA	NA	0
999	NA	-	A	44.44	NA	NA	0	NA	NA	0	NA	NA	0	NA	NA	0	NA	NA	0	NA	NA	0	A	44.44	9	NA	NA	0	NA	NA	0
1000	NA	-	D	66.96	D	100.0	4	N	66.67	12	NA	NA	0	NA	NA	0	N	100.0	6	D	100.0	9	D	72.73	77	N	100.0	1	D	100.0	3
1001	219	Y	Y	83.8	Y	94.95	99	Y	72.0	25	Y	100.0	10	Y	100.0	8	Y	100.0	12	Y	83.87	31	Y	80.3	396	Y	94.12	17	Y	76.92	13
1002	220	D	N	25.04	N	25.25	99	D	36.0	25	N	90.0	10	E	50.0	8	T	50.0	12	E	70.97	31	N	26.52	396	R	23.53	17	N	76.92	13
1003	221	S	S	36.17	S	46.46	99	L	48.0	25	A	40.0	10	S	87.5	8	S	50.0	12	S	61.29	31	S	31.57	396	D	23.53	17	S	76.92	13
1004	222	M	L	39.37	L	46.46	99	A	40.0	25	I	50.0	10	L	75.0	8	L	100.0	12	L	83.87	31	L	31.89	392	L	29.41	17	L	69.23	13
1005	NA	-	P	64.85	P	34.57	81	P	85.71	7	P	100.0	8	P	100.0	8	P	66.67	6	P	63.33	30	P	69.43	265	P	100.0	3	P	100.0	13
1006	223	S	A	25.78	A	32.97	91	D	50.0	16	S	40.0	10	S	57.14	7	S	100.0	6	S	29.03	31	A	28.37	363	S	40.0	10	S	61.54	13
1007	NA	-	K	28.57	NA	NA	0	NA	NA	0	NA	NA	0	NA	NA	0	NA	NA	0	NA	NA	0	K	28.57	7	NA	NA	0	NA	NA	0
1008	224	R	S	25.42	A	48.39	93	T	44.0	25	S	80.0	10	S	71.43	7	S	50.0	12	S	32.26	31	S	23.91	389	P	27.78	18	S	69.23	13
1009	225	N	V	20.26	P	32.32	99	V	72.0	25	T	50.0	10	L	50.0	8	L	50.0	12	L	87.1	31	A	23.19	401	V	33.33	18	I	46.15	13
1010	226	A	P	42.47	E	62.63	99	P	76.0	25	D	40.0	10	D	50.0	8	D	50.0	12	D	48.39	31	P	46.81	408	P	61.11	18	S	46.15	13
1011	227	K	K	53.3	K	67.68	99	A	84.0	25	K	100.0	10	K	100.0	8	K	50.0	12	A	38.71	31	K	54.57	405	A	44.44	18	K	76.92	13
1012	NA	-	A	25.0	NA	NA	0	NA	NA	0	NA	NA	0	NA	NA	0	NA	NA	0	NA	NA	0	A	25.0	12	NA	NA	0	NA	NA	0
1013	228	Q	A	53.29	A	74.75	99	V	56.0	25	A	60.0	10	A	87.5	8	A	100.0	12	A	61.29	31	A	46.96	362	A	33.33	18	A	76.92	13
1014	229	F	Y	54.06	Y	85.86	99	Y	40.0	25	Y	70.0	10	Y	100.0	8	Y	50.0	12	Y	70.97	31	Y	42.7	363	Y	55.56	18	Y	76.92	13
1015	230	L	L	34.67	L	56.57	99	A	44.0	25	L	50.0	10	L	75.0	8	L	50.0	12	L	51.61	31	A	32.43	407	L	27.78	18	L	76.92	13
1016	231	E	E	56.99	E	80.0	95	E	40.91	22	E	90.0	10	E	100.0	8	E	50.0	12	E	95.45	22	E	46.4	347	E	55.56	18	E	100.0	10
1017	232	I	L	57.44	L	73.74	99	N	44.0	25	I	70.0	10	L	100.0	8	L	50.0	12	L	67.74	31	L	54.48	402	V	22.22	18	L	76.92	13
1018	233	N	N	17.61	A	33.33	99	P	28.0	25	N	40.0	10	D	62.5	8	N	50.0	12	R	41.94	31	N	19.85	403	R	50.0	18	D	61.54	13
1019	234	G	G	59.13	G	49.49	99	G	48.0	25	G	70.0	10	G	87.5	8	A	50.0	12	G	61.29	31	G	61.29	403	G	77.78	18	G	61.54	13
1020	235	G	A	66.13	A	80.81	99	A	72.0	25	G	40.0	10	A	100.0	8	A	100.0	12	A	64.52	31	A	60.85	401	A	72.22	18	A	76.92	13
1021	236	S	G	36.7	G	40.4	99	G	56.0	25	S	50.0	10	S	75.0	8	G	50.0	12	S	51.61	31	G	36.52	408	G	27.78	18	T	61.54	13
1022	237	H	H	99.2	H	100.0	99	H	100.0	25	H	100.0	10	H	100.0	8	H	100.0	12	H	100.0	31	H	99.02	408	H	94.44	18	H	100.0	13
1023	238	S	F	46.55	F	51.52	99	F	44.0	25	F	60.0	10	F	100.0	8	F	50.0	12	F	70.97	31	F	42.26	407	F	22.22	18	F	76.92	13
1024	NA	-	G	40.65	T	50.0	26	G	54.55	22	NA	NA	0	NA	NA	0	G	100.0	6	G	90.0	10	G	37.98	258	G	41.67	12	G	100.0	3
1025	239	C	A	21.84	T	40.21	97	F	40.0	25	C	70.0	10	A	100.0	8	A	50.0	12	A	61.29	31	F	18.59	398	S	26.67	15	A	76.92	13
1026	NA	-	Q	20.18	L	22.73	22	V	36.36	22	NA	NA	0	NA	NA	0	I	100.0	6	F	90.0	10	Q	25.84	267	E	33.33	12	F	100.0	3
1027	NA	-	N	17.65	NA	NA	0	NA	NA	0	NA	NA	0	NA	NA	0	NA	NA	0	NA	NA	0	E	18.75	16	N	100.0	1	NA	NA	0
1028	NA	-	L	25.0	NA	NA	0	NA	NA	0	NA	NA	0	NA	NA	0	NA	NA	0	NA	NA	0	L	27.27	11	T	100.0	1	NA	NA	0
1029	NA	-	T	25.0	NA	NA	0	NA	NA	0	NA	NA	0	NA	NA	0	NA	NA	0	NA	NA	0	T	27.27	11	N	100.0	1	NA	NA	0
1030	NA	-	L	40.0	NA	NA	0	NA	NA	0	NA	NA	0	NA	NA	0	NA	NA	0	NA	NA	0	L	33.33	9	L	100.0	1	NA	NA	0
1031	NA	-	R	42.86	NA	NA	0	NA	NA	0	NA	NA	0	NA	NA	0	NA	NA	0	NA	NA	0	R	50.0	6	A	100.0	1	NA	NA	0
1032	NA	-	K	40.0	NA	NA	0	NA	NA	0	NA	NA	0	NA	NA	0	NA	NA	0	NA	NA	0	K	50.0	4	P	100.0	1	NA	NA	0
1033	NA	-	T	100.0	NA	NA	0	NA	NA	0	NA	NA	0	NA	NA	0	NA	NA	0	NA	NA	0	NA	NA	0	T	100.0	1	NA	NA	0
1034	NA	-	K	100.0	NA	NA	0	NA	NA	0	NA	NA	0	NA	NA	0	NA	NA	0	NA	NA	0	NA	NA	0	K	100.0	1	NA	NA	0
1035	NA	-	S	100.0	NA	NA	0	NA	NA	0	NA	NA	0	NA	NA	0	NA	NA	0	NA	NA	0	NA	NA	0	S	100.0	1	NA	NA	0
1036	NA	-	D	100.0	NA	NA	0	NA	NA	0	NA	NA	0	NA	NA	0	NA	NA	0	NA	NA	0	NA	NA	0	D	100.0	1	NA	NA	0
1037	NA	-	G	100.0	NA	NA	0	NA	NA	0	NA	NA	0	NA	NA	0	NA	NA	0	NA	NA	0	NA	NA	0	G	100.0	1	NA	NA	0
1038	NA	-	S	100.0	NA	NA	0	NA	NA	0	NA	NA	0	NA	NA	0	NA	NA	0	NA	NA	0	NA	NA	0	S	100.0	1	NA	NA	0
1039	NA	-	V	100.0	NA	NA	0	NA	NA	0	NA	NA	0	NA	NA	0	NA	NA	0	NA	NA	0	NA	NA	0	V	100.0	1	NA	NA	0
1040	NA	-	G	100.0	NA	NA	0	NA	NA	0	NA	NA	0	NA	NA	0	NA	NA	0	NA	NA	0	NA	NA	0	G	100.0	1	NA	NA	0
1041	NA	-	T	100.0	NA	NA	0	NA	NA	0	NA	NA	0	NA	NA	0	NA	NA	0	NA	NA	0	NA	NA	0	T	100.0	1	NA	NA	0
1042	NA	-	C	50.0	NA	NA	0	NA	NA	0	NA	NA	0	NA	NA	0	NA	NA	0	NA	NA	0	A	100.0	1	C	100.0	1	NA	NA	0
1043	NA	-	G	22.22	NA	NA	0	NA	NA	0	NA	NA	0	NA	NA	0	NA	NA	0	NA	NA	0	G	25.0	8	R	100.0	1	NA	NA	0
1044	NA	-	N	21.43	NA	NA	0	NA	NA	0	NA	NA	0	NA	NA	0	NA	NA	0	NA	NA	0	N	23.08	13	A	100.0	1	NA	NA	0
1045	NA	-	G	22.22	NA	NA	0	NA	NA	0	NA	NA	0	NA	NA	0	NA	NA	0	NA	NA	0	G	23.08	26	S	100.0	1	NA	NA	0
1046	NA	-	W	18.75	F	50.0	2	NA	NA	0	NA	NA	0	NA	NA	0	NA	NA	0	NA	NA	0	W	20.69	29	Q	100.0	1	NA	NA	0
1047	240	A	P	60.78	F	44.16	77	Y	66.67	12	A	40.0	10	P	100.0	8	P	50.0	12	P	95.24	21	P	65.36	179	P	60.0	5	P	100.0	10
1048	241	N	N	27.8	N	30.61	98	G	58.33	24	N	70.0	10	N	87.5	8	N	50.0	12	N	61.29	31	G	28.97	397	G	40.0	15	N	76.92	13
1049	NA	-	S	62.5	NA	NA	0	NA	NA	0	NA	NA	0	NA	NA	0	NA	NA	0	NA	NA	0	S	62.5	8	NA	NA	0	NA	NA	0
1050	242	S	T	24.75	S	24.24	99	Q	29.17	24	S	40.0	10	T	37.5	8	T	50.0	12	E	29.03	31	T	28.1	395	D	33.33	18	I	76.92	13
1051	243	G	P	27.48	P	31.31	99	R	50.0	24	G	60.0	10	S	37.5	8	T	50.0	12	S	54.84	31	P	27.75	400	S	44.44	18	P	69.23	13
1052	244	N	N	50.0	N	71.72	99	D	37.5	24	N	60.0	10	N	75.0	8	N	100.0	6	N	80.65	31	N	41.98	393	G	44.44	18	N	100.0	13
1053	245	S	G	44.0	G	80.0	5	G	83.33	12	G	42.86	7	NA	NA	0	NA	NA	0	G	100.0	9	G	37.18	156	I	50.0	8	G	100.0	3
1054	NA	-	P	100.0	NA	NA	0	NA	NA	0	NA	NA	0	NA	NA	0	NA	NA	0	NA	NA	0	P	100.0	1	NA	NA	0	NA	NA	0
1055	NA	-	P	47.37	NA	NA	0	NA	NA	0	NA	NA	0	NA	NA	0	NA	NA	0	NA	NA	0	P	47.37	38	NA	NA	0	NA	NA	0
1056	NA	-	P	23.68	NA	NA	0	NA	NA	0	NA	NA	0	NA	NA	0	NA	NA	0	NA	NA	0	P	23.68	38	NA	NA	0	NA	NA	0
1057	NA	-	G	32.56	NA	NA	0	NA	NA	0	NA	NA	0	NA	NA	0	NA	NA	0	NA	NA	0	G	32.56	43	NA	NA	0	NA	NA	0
1058	NA	-	A	34.88	NA	NA	0	NA	NA	0	NA	NA	0	NA	NA	0	NA	NA	0	NA	NA	0	A	34.88	43	NA	NA	0	NA	NA	0
1059	NA	-	F	20.93	NA	NA	0	NA	NA	0	NA	NA	0	NA	NA	0	NA	NA	0	NA	NA	0	F	20.93	43	NA	NA	0	NA	NA	0
1060	NA	-	P	59.52	NA	NA	0	NA	NA	0	NA	NA	0	NA	NA	0	NA	NA	0	NA	NA	0	P	59.52	42	NA	NA	0	NA	NA	0
1061	NA	-	K	50.0	NA	NA	0	NA	NA	0	NA	NA	0	NA	NA	0	NA	NA	0	NA	NA	0	K	50.0	6	NA	NA	0	NA	NA	0
1062	NA	-	A	23.53	NA	NA	0	NA	NA	0	NA	NA	0	NA	NA	0	NA	NA	0	NA	NA	0	A	26.67	15	V	50.0	2	NA	NA	0
1063	NA	-	L	33.33	NA	NA	0	NA	NA	0	NA	NA	0	NA	NA	0	NA	NA	0	NA	NA	0	H	25.0	4	N	50.0	2	NA	NA	0
1064	NA	-	L	50.0	NA	NA	0	NA	NA	0	NA	NA	0	NA	NA	0	NA	NA	0	NA	NA	0	L	50.0	2	NA	NA	0	NA	NA	0
1065	NA	-	G	71.32	G	100.0	5	N	41.67	12	NA	NA	0	NA	NA	0	NA	NA	0	G	100.0	9	G	71.58	95	G	80.0	5	G	100.0	3
1066	NA	-	C	66.67	C	100.0	1	P	66.67	9	NA	NA	0	NA	NA	0	NA	NA	0	NA	NA	0	C	73.91	69	C	80.0	5	NA	NA	0
1067	NA	-	D	39.29	D	100.0	1	D	100.0	9	NA	NA	0	NA	NA	0	NA	NA	0	NA	NA	0	D	27.54	69	D	80.0	5	NA	NA	0
1068	NA	-	S	29.76	S	100.0	1	P	77.78	9	NA	NA	0	NA	NA	0	NA	NA	0	NA	NA	0	S	28.99	69	S	80.0	5	NA	NA	0
1069	NA	-	G	67.9	G	100.0	1	S	77.78	9	NA	NA	0	NA	NA	0	NA	NA	0	NA	NA	0	G	75.76	66	G	80.0	5	NA	NA	0
1070	NA	-	V	39.51	Q	100.0	1	V	66.67	9	NA	NA	0	NA	NA	0	NA	NA	0	NA	NA	0	V	39.39	66	T	80.0	5	NA	NA	0
1071	NA	-	I	53.85	I	100.0	1	NA	NA	0	NA	NA	0	NA	NA	0	NA	NA	0	NA	NA	0	I	55.88	34	V	75.0	4	NA	NA	0
1072	NA	-	Y	100.0	NA	NA	0	NA	NA	0	NA	NA	0	NA	NA	0	NA	NA	0	NA	NA	0	Y	100.0	1	NA	NA	0	NA	NA	0
1073	NA	-	E	50.0	NA	NA	0	NA	NA	0	NA	NA	0	NA	NA	0	NA	NA	0	NA	NA	0	E	50.0	2	NA	NA	0	NA	NA	0
1074	NA	-	R	100.0	NA	NA	0	NA	NA	0	NA	NA	0	NA	NA	0	NA	NA	0	NA	NA	0	R	100.0	2	NA	NA	0	NA	NA	0
1075	NA	-	T	43.59	T	100.0	1	NA	NA	0	NA	NA	0	NA	NA	0	NA	NA	0	NA	NA	0	T	35.29	34	T	100.0	4	NA	NA	0
1076	NA	-	R	62.5	R	100.0	1	NA	NA	0	NA	NA	0	NA	NA	0	NA	NA	0	NA	NA	0	R	57.14	35	R	100.0	4	NA	NA	0
1077	NA	-	A	80.0	A	100.0	1	NA	NA	0	NA	NA	0	NA	NA	0	NA	NA	0	NA	NA	0	A	77.14	35	A	100.0	4	NA	NA	0
1078	NA	-	A	37.5	A	100.0	1	NA	NA	0	NA	NA	0	NA	NA	0	NA	NA	0	NA	NA	0	A	35.71	42	A	40.0	5	NA	NA	0
1079	246	N	Q	38.36	Q	100.0	1	P	100.0	1	H	42.86	7	NA	NA	0	NA	NA	0	NA	NA	0	Q	38.33	60	Q	100.0	4	NA	NA	0
1080	247	Q	Q	19.0	L	100.0	1	R	90.0	10	D	57.14	7	NA	NA	0	A	100.0	6	NA	NA	0	Q	24.29	70	L	50.0	6	NA	NA	0
1081	248	A	T	47.55	T	61.54	78	E	69.23	13	A	50.0	10	T	62.5	8	T	100.0	12	T	95.24	21	T	40.49	247	T	33.33	9	K	100.0	10
1082	249	L	T	32.34	T	58.59	99	E	48.0	25	T	50.0	10	T	75.0	8	T	50.0	12	T	32.26	31	T	25.96	389	D	18.75	16	I	46.15	13
1083	250	I	I	28.71	I	58.59	99	A	40.0	25	I	50.0	10	I	100.0	8	I	50.0	12	I	61.29	31	F	27.81	392	F	25.0	16	I	76.92	13
1084	251	G	A	43.14	A	65.66	99	V	40.0	25	G	80.0	10	A	62.5	8	G	50.0	12	A	67.74	31	A	41.18	391	A	31.25	16	G	100.0	13
1085	252	K	K	37.4	K	64.65	99	G	40.0	25	K	90.0	10	K	62.5	8	K	50.0	12	R	51.61	31	K	30.28	393	G	43.75	16	K	46.15	13
1086	NA	-	Q	50.0	NA	NA	0	NA	NA	0	NA	NA	0	NA	NA	0	NA	NA	0	NA	NA	0	Q	50.0	2	NA	NA	0	NA	NA	0
1087	253	K	Y	43.66	Y	64.65	99	V	60.0	25	Y	60.0	10	Y	100.0	8	Y	50.0	12	Y	58.06	31	Y	38.08	407	P	38.89	18	Y	76.92	13
1088	254	G	S	21.99	S	33.33	99	L	48.0	25	G	70.0	10	S	75.0	8	A	100.0	12	S	61.29	31	S	15.48	407	T	50.0	18	S	76.92	13
1089	255	V	T	34.62	I	57.58	99	V	40.0	25	V	50.0	10	I	75.0	8	V	50.0	12	I	64.52	31	T	41.91	408	T	61.11	18	V	92.31	13
1090	256	A	A	56.41	A	51.52	99	A	48.0	25	S	60.0	10	A	50.0	8	A	50.0	12	S	61.29	31	A	60.29	408	A	44.44	18	A	76.92	13
1091	257	W	W	91.99	W	100.0	99	W	100.0	25	W	100.0	10	W	100.0	8	W	100.0	12	W	100.0	31	W	87.99	408	W	94.44	18	W	100.0	13
1092	258	M	L	60.97	L	50.51	99	F	52.0	25	M	70.0	10	L	87.5	8	M	50.0	12	L	96.77	31	L	62.87	404	L	55.56	18	L	100.0	13
1093	259	K	K	53.39	K	81.82	99	D	36.0	25	K	100.0	10	K	100.0	8	K	50.0	12	K	80.65	31	K	44.06	404	R	44.44	18	K	100.0	13
1094	260	R	R	39.55	R	76.77	99	F	52.0	25	R	90.0	10	R	87.5	8	R	50.0	12	R	58.06	31	R	28.18	401	F	33.33	18	R	76.92	13
1095	261	F	F	33.71	F	47.47	99	T	36.0	25	F	90.0	10	F	75.0	8	F	50.0	12	F	67.74	31	F	25.69	401	T	27.78	18	F	76.92	13
1096	NA	-	R	33.33	NA	NA	0	NA	NA	0	NA	NA	0	NA	NA	0	NA	NA	0	NA	NA	0	R	33.33	3	NA	NA	0	NA	NA	0
1097	NA	-	T	100.0	NA	NA	0	NA	NA	0	NA	NA	0	NA	NA	0	NA	NA	0	NA	NA	0	T	100.0	3	NA	NA	0	NA	NA	0
1098	NA	-	P	100.0	NA	NA	0	NA	NA	0	NA	NA	0	NA	NA	0	NA	NA	0	NA	NA	0	P	100.0	3	NA	NA	0	NA	NA	0
1099	NA	-	R	66.67	NA	NA	0	NA	NA	0	NA	NA	0	NA	NA	0	NA	NA	0	NA	NA	0	R	66.67	3	NA	NA	0	NA	NA	0
1100	NA	-	G	66.67	NA	NA	0	NA	NA	0	NA	NA	0	NA	NA	0	NA	NA	0	NA	NA	0	G	66.67	3	NA	NA	0	NA	NA	0
1101	NA	-	F	33.33	NA	NA	0	NA	NA	0	NA	NA	0	NA	NA	0	NA	NA	0	NA	NA	0	F	33.33	3	NA	NA	0	NA	NA	0
1102	NA	-	H	66.67	NA	NA	0	NA	NA	0	NA	NA	0	NA	NA	0	NA	NA	0	NA	NA	0	H	66.67	3	NA	NA	0	NA	NA	0
1103	NA	-	P	66.67	NA	NA	0	NA	NA	0	NA	NA	0	NA	NA	0	NA	NA	0	NA	NA	0	P	66.67	3	NA	NA	0	NA	NA	0
1104	NA	-	N	33.33	NA	NA	0	NA	NA	0	NA	NA	0	NA	NA	0	NA	NA	0	NA	NA	0	N	33.33	3	NA	NA	0	NA	NA	0
1105	NA	-	S	33.33	NA	NA	0	NA	NA	0	NA	NA	0	NA	NA	0	NA	NA	0	NA	NA	0	S	33.33	3	NA	NA	0	NA	NA	0
1106	NA	-	V	75.0	NA	NA	0	NA	NA	0	NA	NA	0	NA	NA	0	NA	NA	0	NA	NA	0	V	75.0	4	NA	NA	0	NA	NA	0
1107	NA	-	N	66.67	NA	NA	0	NA	NA	0	NA	NA	0	NA	NA	0	NA	NA	0	NA	NA	0	N	66.67	3	NA	NA	0	NA	NA	0
1108	NA	-	S	66.67	NA	NA	0	NA	NA	0	NA	NA	0	NA	NA	0	NA	NA	0	NA	NA	0	S	66.67	3	NA	NA	0	NA	NA	0
1109	NA	-	N	50.0	NA	NA	0	NA	NA	0	NA	NA	0	NA	NA	0	NA	NA	0	NA	NA	0	N	50.0	2	NA	NA	0	NA	NA	0
1110	NA	-	G	50.0	NA	NA	0	NA	NA	0	NA	NA	0	NA	NA	0	NA	NA	0	NA	NA	0	G	50.0	2	NA	NA	0	NA	NA	0
1111	NA	-	A	100.0	NA	NA	0	NA	NA	0	NA	NA	0	NA	NA	0	NA	NA	0	NA	NA	0	A	100.0	2	NA	NA	0	NA	NA	0
1112	NA	-	W	85.71	NA	NA	0	NA	NA	0	NA	NA	0	NA	NA	0	NA	NA	0	NA	NA	0	W	85.71	7	NA	NA	0	NA	NA	0
1113	NA	-	D	71.43	NA	NA	0	NA	NA	0	NA	NA	0	NA	NA	0	NA	NA	0	NA	NA	0	D	71.43	7	NA	NA	0	NA	NA	0
1114	NA	-	A	42.86	NA	NA	0	NA	NA	0	NA	NA	0	NA	NA	0	NA	NA	0	NA	NA	0	A	42.86	7	NA	NA	0	NA	NA	0
1115	NA	-	Y	42.86	NA	NA	0	NA	NA	0	NA	NA	0	NA	NA	0	NA	NA	0	NA	NA	0	Y	42.86	7	NA	NA	0	NA	NA	0
1116	NA	-	N	50.0	NA	NA	0	NA	NA	0	NA	NA	0	NA	NA	0	NA	NA	0	NA	NA	0	N	50.0	2	NA	NA	0	NA	NA	0
1117	NA	-	A	50.0	NA	NA	0	NA	NA	0	NA	NA	0	NA	NA	0	NA	NA	0	NA	NA	0	A	50.0	2	NA	NA	0	NA	NA	0
1118	NA	-	I	100.0	NA	NA	0	NA	NA	0	NA	NA	0	NA	NA	0	NA	NA	0	NA	NA	0	I	100.0	2	NA	NA	0	NA	NA	0
1119	NA	-	S	100.0	NA	NA	0	NA	NA	0	NA	NA	0	NA	NA	0	NA	NA	0	NA	NA	0	S	100.0	2	NA	NA	0	NA	NA	0
1120	NA	-	F	100.0	NA	NA	0	NA	NA	0	NA	NA	0	NA	NA	0	NA	NA	0	NA	NA	0	F	100.0	2	NA	NA	0	NA	NA	0
1121	NA	-	M	100.0	NA	NA	0	NA	NA	0	NA	NA	0	NA	NA	0	NA	NA	0	NA	NA	0	M	100.0	2	NA	NA	0	NA	NA	0
1122	NA	-	N	100.0	NA	NA	0	NA	NA	0	NA	NA	0	NA	NA	0	NA	NA	0	NA	NA	0	N	100.0	2	NA	NA	0	NA	NA	0
1123	NA	-	M	100.0	NA	NA	0	NA	NA	0	NA	NA	0	NA	NA	0	NA	NA	0	NA	NA	0	M	100.0	2	NA	NA	0	NA	NA	0
1124	NA	-	P	100.0	NA	NA	0	NA	NA	0	NA	NA	0	NA	NA	0	NA	NA	0	NA	NA	0	P	100.0	2	NA	NA	0	NA	NA	0
1125	NA	-	I	100.0	NA	NA	0	NA	NA	0	NA	NA	0	NA	NA	0	NA	NA	0	NA	NA	0	I	100.0	2	NA	NA	0	NA	NA	0
1126	NA	-	L	100.0	NA	NA	0	NA	NA	0	NA	NA	0	NA	NA	0	NA	NA	0	NA	NA	0	L	100.0	2	NA	NA	0	NA	NA	0
1127	NA	-	S	50.0	NA	NA	0	NA	NA	0	NA	NA	0	NA	NA	0	NA	NA	0	NA	NA	0	S	50.0	2	NA	NA	0	NA	NA	0
1128	NA	-	Y	100.0	NA	NA	0	NA	NA	0	NA	NA	0	NA	NA	0	NA	NA	0	NA	NA	0	Y	100.0	2	NA	NA	0	NA	NA	0
1129	NA	-	V	50.0	NA	NA	0	NA	NA	0	NA	NA	0	NA	NA	0	NA	NA	0	NA	NA	0	V	50.0	2	NA	NA	0	NA	NA	0
1130	NA	-	I	50.0	NA	NA	0	NA	NA	0	NA	NA	0	NA	NA	0	NA	NA	0	NA	NA	0	I	50.0	4	NA	NA	0	NA	NA	0
1131	NA	-	E	100.0	NA	NA	0	NA	NA	0	NA	NA	0	NA	NA	0	NA	NA	0	NA	NA	0	E	100.0	4	NA	NA	0	NA	NA	0
1132	NA	-	I	75.0	NA	NA	0	NA	NA	0	NA	NA	0	NA	NA	0	NA	NA	0	NA	NA	0	I	75.0	4	NA	NA	0	NA	NA	0
1133	NA	-	S	100.0	NA	NA	0	NA	NA	0	NA	NA	0	NA	NA	0	NA	NA	0	NA	NA	0	S	100.0	2	NA	NA	0	NA	NA	0
1134	NA	-	P	100.0	NA	NA	0	NA	NA	0	NA	NA	0	NA	NA	0	NA	NA	0	NA	NA	0	P	100.0	3	NA	NA	0	NA	NA	0
1135	NA	-	R	66.67	NA	NA	0	NA	NA	0	NA	NA	0	NA	NA	0	NA	NA	0	NA	NA	0	R	66.67	3	NA	NA	0	NA	NA	0
1136	NA	-	P	100.0	NA	NA	0	NA	NA	0	NA	NA	0	NA	NA	0	NA	NA	0	NA	NA	0	P	100.0	3	NA	NA	0	NA	NA	0
1137	NA	-	M	33.33	NA	NA	0	NA	NA	0	NA	NA	0	NA	NA	0	NA	NA	0	NA	NA	0	M	33.33	3	NA	NA	0	NA	NA	0
1138	NA	-	L	66.67	NA	NA	0	NA	NA	0	NA	NA	0	NA	NA	0	NA	NA	0	NA	NA	0	L	66.67	3	NA	NA	0	NA	NA	0
1139	NA	-	L	33.33	NA	NA	0	NA	NA	0	NA	NA	0	NA	NA	0	NA	NA	0	NA	NA	0	L	33.33	3	NA	NA	0	NA	NA	0
1140	262	M	L	55.56	V	45.45	99	L	92.0	25	V	50.0	10	V	100.0	8	L	50.0	12	V	64.52	31	L	63.7	405	L	83.33	18	V	76.92	13
1141	263	D	D	44.81	D	76.77	99	N	36.0	25	D	100.0	10	D	100.0	8	D	50.0	12	D	67.74	31	D	34.53	391	M	27.78	18	D	76.92	13
1142	264	N	G	40.74	N	39.39	99	G	76.0	25	N	40.0	10	N	62.5	8	D	50.0	12	D	38.71	31	G	45.93	405	G	44.44	18	N	46.15	13
1143	265	D	D	91.8	D	98.99	99	D	64.0	25	D	100.0	10	D	100.0	8	D	100.0	12	D	100.0	31	D	90.39	406	D	88.89	18	D	100.0	13
1144	266	T	T	40.35	T	64.65	99	R	28.0	25	T	80.0	10	T	100.0	8	T	50.0	12	E	29.03	31	T	33.99	406	T	38.89	18	T	76.92	13
1145	NA	-	A	25.15	Q	27.27	22	R	27.27	22	NA	NA	0	NA	NA	0	T	66.67	6	Q	30.0	10	A	26.17	256	Q	26.67	15	N	100.0	3
1146	NA	-	G	38.46	NA	NA	0	NA	NA	0	NA	NA	0	NA	NA	0	NA	NA	0	NA	NA	0	G	41.67	12	Y	100.0	1	NA	NA	0
1147	NA	-	G	33.33	NA	NA	0	NA	NA	0	NA	NA	0	NA	NA	0	NA	NA	0	NA	NA	0	G	33.33	3	NA	NA	0	NA	NA	0
1148	NA	-	V	100.0	NA	NA	0	NA	NA	0	NA	NA	0	NA	NA	0	NA	NA	0	NA	NA	0	V	100.0	1	NA	NA	0	NA	NA	0
1149	NA	-	A	100.0	NA	NA	0	NA	NA	0	NA	NA	0	NA	NA	0	NA	NA	0	NA	NA	0	A	100.0	1	NA	NA	0	NA	NA	0
1150	NA	-	A	100.0	NA	NA	0	NA	NA	0	NA	NA	0	NA	NA	0	NA	NA	0	NA	NA	0	A	100.0	1	NA	NA	0	NA	NA	0
1151	NA	-	L	50.0	NA	NA	0	NA	NA	0	NA	NA	0	NA	NA	0	NA	NA	0	NA	NA	0	L	50.0	2	NA	NA	0	NA	NA	0
1152	267	R	A	46.62	R	77.78	99	A	76.0	25	R	100.0	10	R	100.0	8	R	50.0	12	R	67.74	31	A	54.68	406	A	55.56	18	R	76.92	13
1153	268	Y	Y	44.93	Y	77.78	99	R	56.0	25	Y	100.0	10	Y	87.5	8	Y	50.0	12	Y	70.97	31	Y	34.32	405	R	61.11	18	Y	76.92	13
1154	269	S	A	19.43	D	40.82	98	A	32.0	25	S	60.0	10	T	37.5	8	A	50.0	12	E	45.16	31	A	21.76	386	G	42.86	14	T	76.92	13
1155	270	T	Q	36.11	Q	59.18	98	Y	32.0	25	P	50.0	10	Q	87.5	8	R	75.0	12	Q	64.52	31	Q	27.18	390	Q	28.57	14	Q	100.0	13
1156	271	F	F	88.02	F	97.96	98	F	100.0	25	F	100.0	10	F	100.0	8	F	100.0	12	F	100.0	31	F	83.59	390	F	57.14	14	F	100.0	13
1157	272	A	L	46.59	L	77.55	98	L	48.0	25	L	60.0	10	L	87.5	8	L	50.0	12	L	70.97	31	L	35.13	390	F	50.0	14	L	76.92	13
1158	273	C	C	44.0	C	78.57	98	G	88.0	25	C	100.0	10	C	100.0	8	C	50.0	12	C	67.74	31	G	43.96	389	G	64.29	14	C	76.92	13
1159	NA	-	E	40.0	NA	NA	0	NA	NA	0	NA	NA	0	NA	NA	0	NA	NA	0	NA	NA	0	E	40.0	5	NA	NA	0	NA	NA	0
1160	NA	-	D	64.15	D	100.0	1	M	100.0	1	NA	NA	0	NA	NA	0	NA	NA	0	NA	NA	0	D	60.0	45	D	100.0	6	NA	NA	0
1161	NA	-	V	33.33	NA	NA	0	NA	NA	0	NA	NA	0	NA	NA	0	NA	NA	0	NA	NA	0	V	33.33	12	NA	NA	0	NA	NA	0
1162	274	E	P	60.83	P	90.91	99	P	56.52	23	G	70.0	10	P	87.5	8	P	100.0	12	P	77.42	31	P	50.64	391	P	55.56	18	P	92.31	13
1163	NA	-	R	25.0	NA	NA	0	R	66.67	3	NA	NA	0	NA	NA	0	NA	NA	0	NA	NA	0	Q	30.77	13	NA	NA	0	NA	NA	0
1164	NA	-	L	60.0	NA	NA	0	NA	NA	0	NA	NA	0	NA	NA	0	NA	NA	0	NA	NA	0	L	60.0	10	NA	NA	0	NA	NA	0
1165	NA	-	P	30.0	NA	NA	0	NA	NA	0	NA	NA	0	NA	NA	0	NA	NA	0	NA	NA	0	P	30.0	10	NA	NA	0	NA	NA	0
1166	NA	-	G	81.82	NA	NA	0	NA	NA	0	NA	NA	0	NA	NA	0	NA	NA	0	NA	NA	0	G	81.82	11	NA	NA	0	NA	NA	0
1167	NA	-	S	50.0	NA	NA	0	NA	NA	0	NA	NA	0	NA	NA	0	NA	NA	0	NA	NA	0	S	50.0	8	NA	NA	0	NA	NA	0
1168	NA	-	V	100.0	NA	NA	0	NA	NA	0	NA	NA	0	NA	NA	0	NA	NA	0	NA	NA	0	V	100.0	3	NA	NA	0	NA	NA	0
1169	NA	-	L	100.0	NA	NA	0	NA	NA	0	NA	NA	0	NA	NA	0	NA	NA	0	NA	NA	0	L	100.0	3	NA	NA	0	NA	NA	0
1170	NA	-	T	42.86	NA	NA	0	NA	NA	0	NA	NA	0	NA	NA	0	NA	NA	0	NA	NA	0	T	42.86	7	NA	NA	0	NA	NA	0
1171	275	N	A	38.67	A	51.95	77	A	33.33	3	A	50.0	10	G	50.0	8	G	100.0	6	P	57.14	21	A	37.89	161	L	75.0	4	G	100.0	10
1172	276	P	P	82.35	P	98.68	76	P	66.67	3	P	40.0	10	P	87.5	8	P	100.0	6	P	95.24	21	P	73.81	168	P	100.0	4	P	100.0	10
1173	277	N	S	17.41	S	20.83	48	S	42.86	7	H	40.0	10	S	42.86	7	S	50.0	6	R	42.11	19	G	17.7	113	T	25.0	4	R	100.0	10
1174	NA	-	T	18.25	A	20.83	96	S	38.1	21	N	33.33	9	T	57.14	7	R	41.67	12	T	62.07	29	T	18.34	349	D	41.67	12	D	61.54	13
1175	NA	-	E	27.27	F	100.0	1	NA	NA	0	NA	NA	0	NA	NA	0	NA	NA	0	NA	NA	0	E	30.0	10	NA	NA	0	NA	NA	0
1176	NA	-	H	55.56	NA	NA	0	NA	NA	0	NA	NA	0	NA	NA	0	NA	NA	0	NA	NA	0	H	55.56	9	NA	NA	0	NA	NA	0
1177	NA	-	K	66.67	NA	NA	0	NA	NA	0	NA	NA	0	NA	NA	0	NA	NA	0	NA	NA	0	K	66.67	3	NA	NA	0	NA	NA	0
1178	NA	-	L	33.33	NA	NA	0	NA	NA	0	NA	NA	0	NA	NA	0	NA	NA	0	NA	NA	0	L	33.33	3	NA	NA	0	NA	NA	0
1179	NA	-	D	100.0	NA	NA	0	NA	NA	0	NA	NA	0	NA	NA	0	NA	NA	0	NA	NA	0	D	100.0	2	NA	NA	0	NA	NA	0
1180	NA	-	E	33.33	NA	NA	0	NA	NA	0	NA	NA	0	NA	NA	0	NA	NA	0	NA	NA	0	E	33.33	3	NA	NA	0	NA	NA	0
1181	NA	-	A	100.0	NA	NA	0	NA	NA	0	NA	NA	0	NA	NA	0	NA	NA	0	NA	NA	0	A	100.0	1	NA	NA	0	NA	NA	0
1182	NA	-	V	50.0	NA	NA	0	NA	NA	0	NA	NA	0	NA	NA	0	NA	NA	0	NA	NA	0	V	50.0	8	NA	NA	0	NA	NA	0
1183	NA	-	A	44.44	NA	NA	0	NA	NA	0	NA	NA	0	NA	NA	0	NA	NA	0	NA	NA	0	A	44.44	9	NA	NA	0	NA	NA	0
1184	NA	-	C	43.3	P	41.51	53	C	85.71	21	R	75.0	4	G	66.67	3	C	100.0	6	C	100.0	10	C	35.54	242	C	88.89	9	C	100.0	3
1185	NA	-	G	52.05	G	39.74	78	G	78.26	23	V	42.86	7	G	85.71	7	G	75.0	12	G	100.0	30	G	46.22	331	G	41.67	12	G	100.0	13
1186	NA	-	L	50.56	I	43.48	23	L	95.24	21	V	42.86	7	L	83.33	6	L	100.0	6	F	36.67	30	L	48.55	241	Y	66.67	9	L	100.0	13
1187	NA	-	C	53.21	C	100.0	21	C	85.71	21	A	100.0	1	NA	NA	0	C	100.0	6	C	100.0	10	C	40.1	207	C	72.73	11	C	100.0	3
1188	NA	-	T	33.51	S	72.22	18	R	33.33	9	NA	NA	0	NA	NA	0	NA	NA	0	T	100.0	1	T	38.51	148	S	40.0	10	V	50.0	2
1189	NA	-	Q	33.33	NA	NA	0	NA	NA	0	NA	NA	0	NA	NA	0	NA	NA	0	NA	NA	0	Q	40.0	5	N	100.0	1	NA	NA	0
1190	NA	-	D	66.67	NA	NA	0	NA	NA	0	NA	NA	0	NA	NA	0	NA	NA	0	NA	NA	0	D	100.0	2	G	100.0	1	NA	NA	0
1191	NA	-	P	100.0	NA	NA	0	NA	NA	0	NA	NA	0	NA	NA	0	NA	NA	0	NA	NA	0	NA	NA	0	P	100.0	1	NA	NA	0
1192	NA	-	R	100.0	NA	NA	0	NA	NA	0	NA	NA	0	NA	NA	0	NA	NA	0	NA	NA	0	NA	NA	0	R	100.0	1	NA	NA	0
1193	NA	-	L	100.0	NA	NA	0	NA	NA	0	NA	NA	0	NA	NA	0	NA	NA	0	NA	NA	0	NA	NA	0	L	100.0	1	NA	NA	0
1194	NA	-	T	100.0	NA	NA	0	NA	NA	0	NA	NA	0	NA	NA	0	NA	NA	0	NA	NA	0	NA	NA	0	T	100.0	1	NA	NA	0
1195	NA	-	F	100.0	NA	NA	0	NA	NA	0	NA	NA	0	NA	NA	0	NA	NA	0	NA	NA	0	NA	NA	0	F	100.0	1	NA	NA	0
1196	NA	-	A	100.0	NA	NA	0	NA	NA	0	NA	NA	0	NA	NA	0	NA	NA	0	NA	NA	0	NA	NA	0	A	100.0	1	NA	NA	0
1197	NA	-	P	100.0	NA	NA	0	NA	NA	0	NA	NA	0	NA	NA	0	NA	NA	0	NA	NA	0	NA	NA	0	P	100.0	1	NA	NA	0
1198	NA	-	T	100.0	NA	NA	0	NA	NA	0	NA	NA	0	NA	NA	0	NA	NA	0	NA	NA	0	NA	NA	0	T	100.0	1	NA	NA	0
1199	NA	-	T	100.0	NA	NA	0	NA	NA	0	NA	NA	0	NA	NA	0	NA	NA	0	NA	NA	0	NA	NA	0	T	100.0	1	NA	NA	0
1200	NA	-	P	100.0	NA	NA	0	NA	NA	0	NA	NA	0	NA	NA	0	NA	NA	0	NA	NA	0	NA	NA	0	P	100.0	1	NA	NA	0
1201	NA	-	G	66.67	NA	NA	0	NA	NA	0	NA	NA	0	NA	NA	0	NA	NA	0	NA	NA	0	G	100.0	2	Q	100.0	1	NA	NA	0
1202	NA	-	R	25.0	NA	NA	0	NA	NA	0	NA	NA	0	NA	NA	0	NA	NA	0	NA	NA	0	R	33.33	3	T	100.0	1	NA	NA	0
1203	NA	-	V	33.33	NA	NA	0	NA	NA	0	NA	NA	0	NA	NA	0	NA	NA	0	NA	NA	0	V	37.5	8	Y	100.0	1	NA	NA	0
1204	NA	-	L	20.0	NA	NA	0	NA	NA	0	NA	NA	0	NA	NA	0	NA	NA	0	NA	NA	0	L	22.22	9	S	100.0	1	NA	NA	0
1205	NA	-	D	25.93	G	38.1	21	D	42.86	21	S	33.33	3	NA	NA	0	G	50.0	6	S	40.0	10	D	23.21	168	D	54.55	11	S	100.0	3
1206	278	S	N	18.93	S	32.35	34	T	43.48	23	S	50.0	10	F	71.43	7	E	100.0	6	G	48.39	31	N	27.73	256	S	36.36	11	F	46.15	13
1207	279	T	S	18.01	S	22.08	77	P	38.89	18	S	40.0	10	S	50.0	8	L	50.0	12	T	50.0	24	T	19.03	310	D	21.43	14	G	60.0	10
1208	280	R	A	18.4	T	29.9	97	G	52.0	25	Y	30.0	10	D	87.5	8	G	50.0	12	D	70.97	31	A	21.93	342	T	45.45	11	E	53.85	13
1209	281	V	I	54.7	I	70.13	77	I	100.0	3	V	30.0	10	I	50.0	8	V	100.0	6	F	76.19	21	I	58.49	159	I	100.0	4	V	100.0	10
1210	NA	-	L	33.33	NA	NA	0	NA	NA	0	NA	NA	0	NA	NA	0	NA	NA	0	NA	NA	0	L	33.33	3	NA	NA	0	NA	NA	0
1211	NA	-	I	66.67	NA	NA	0	NA	NA	0	NA	NA	0	NA	NA	0	NA	NA	0	NA	NA	0	I	66.67	3	NA	NA	0	NA	NA	0
1212	NA	-	I	66.67	NA	NA	0	NA	NA	0	NA	NA	0	NA	NA	0	NA	NA	0	NA	NA	0	I	66.67	3	NA	NA	0	NA	NA	0
1213	NA	-	P	66.67	NA	NA	0	NA	NA	0	NA	NA	0	NA	NA	0	NA	NA	0	NA	NA	0	P	66.67	3	NA	NA	0	NA	NA	0
1214	NA	-	N	33.33	NA	NA	0	NA	NA	0	NA	NA	0	NA	NA	0	NA	NA	0	NA	NA	0	N	33.33	3	NA	NA	0	NA	NA	0
1215	NA	-	A	66.67	NA	NA	0	NA	NA	0	NA	NA	0	NA	NA	0	NA	NA	0	NA	NA	0	A	66.67	3	NA	NA	0	NA	NA	0
1216	NA	-	V	50.0	NA	NA	0	NA	NA	0	NA	NA	0	NA	NA	0	NA	NA	0	NA	NA	0	V	50.0	2	NA	NA	0	NA	NA	0
1217	NA	-	H	100.0	NA	NA	0	NA	NA	0	NA	NA	0	NA	NA	0	NA	NA	0	NA	NA	0	H	100.0	4	NA	NA	0	NA	NA	0
1218	NA	-	V	20.0	NA	NA	0	NA	NA	0	NA	NA	0	NA	NA	0	NA	NA	0	NA	NA	0	V	20.0	5	NA	NA	0	NA	NA	0
1219	NA	-	D	33.33	NA	NA	0	NA	NA	0	NA	NA	0	NA	NA	0	NA	NA	0	NA	NA	0	D	33.33	6	NA	NA	0	NA	NA	0
1220	NA	-	V	40.0	V	100.0	1	NA	NA	0	NA	NA	0	NA	NA	0	NA	NA	0	NA	NA	0	V	34.55	55	V	100.0	4	NA	NA	0
1221	NA	-	W	91.99	W	77.27	22	W	100.0	22	NA	NA	0	NA	NA	0	W	100.0	6	W	100.0	10	W	92.31	234	W	86.67	15	W	100.0	3
1222	NA	-	R	26.67	NA	NA	0	NA	NA	0	NA	NA	0	NA	NA	0	NA	NA	0	NA	NA	0	R	26.67	15	NA	NA	0	NA	NA	0
1223	NA	-	L	92.31	NA	NA	0	NA	NA	0	NA	NA	0	NA	NA	0	NA	NA	0	NA	NA	0	L	92.31	13	NA	NA	0	NA	NA	0
1224	NA	-	R	31.25	NA	NA	0	NA	NA	0	NA	NA	0	NA	NA	0	NA	NA	0	NA	NA	0	R	31.25	16	NA	NA	0	NA	NA	0
1225	NA	-	A	38.89	NA	NA	0	NA	NA	0	NA	NA	0	NA	NA	0	NA	NA	0	NA	NA	0	A	38.89	18	NA	NA	0	NA	NA	0
1226	NA	-	D	83.33	NA	NA	0	NA	NA	0	NA	NA	0	NA	NA	0	NA	NA	0	NA	NA	0	D	83.33	18	NA	NA	0	NA	NA	0
1227	NA	-	P	37.5	NA	NA	0	NA	NA	0	NA	NA	0	NA	NA	0	NA	NA	0	NA	NA	0	P	37.5	16	NA	NA	0	NA	NA	0
1228	NA	-	E	100.0	NA	NA	0	NA	NA	0	NA	NA	0	NA	NA	0	NA	NA	0	NA	NA	0	E	100.0	1	NA	NA	0	NA	NA	0
1229	NA	-	T	28.57	NA	NA	0	NA	NA	0	NA	NA	0	NA	NA	0	NA	NA	0	NA	NA	0	T	33.33	6	Q	100.0	1	NA	NA	0
1230	NA	-	Y	100.0	NA	NA	0	NA	NA	0	NA	NA	0	NA	NA	0	NA	NA	0	NA	NA	0	Y	100.0	1	NA	NA	0	NA	NA	0
1231	NA	-	A	50.0	NA	NA	0	NA	NA	0	NA	NA	0	NA	NA	0	NA	NA	0	NA	NA	0	A	50.0	2	NA	NA	0	NA	NA	0
1232	NA	-	A	100.0	NA	NA	0	NA	NA	0	NA	NA	0	NA	NA	0	NA	NA	0	NA	NA	0	A	100.0	2	NA	NA	0	NA	NA	0
1233	NA	-	Q	50.0	NA	NA	0	NA	NA	0	NA	NA	0	NA	NA	0	NA	NA	0	NA	NA	0	Q	50.0	4	NA	NA	0	NA	NA	0
1234	NA	-	T	40.91	NA	NA	0	NA	NA	0	NA	NA	0	NA	NA	0	NA	NA	0	NA	NA	0	T	40.91	22	NA	NA	0	NA	NA	0
1235	NA	-	F	22.73	NA	NA	0	NA	NA	0	NA	NA	0	NA	NA	0	NA	NA	0	NA	NA	0	F	22.73	22	NA	NA	0	NA	NA	0
1236	282	S	S	33.39	S	44.44	99	S	48.0	25	S	40.0	10	S	62.5	8	E	50.0	12	S	70.97	31	S	27.93	401	S	38.89	18	E	61.54	13
1237	283	D	E	30.75	E	41.05	95	A	38.46	13	E	40.0	10	E	62.5	8	E	100.0	6	D	95.45	22	E	26.57	335	S	16.67	18	E	100.0	10
1238	284	F	Y	40.07	Y	67.68	99	V	72.0	25	Y	40.0	10	Y	87.5	8	Y	50.0	12	Y	67.74	31	Y	31.41	398	A	27.78	18	Y	76.92	13
1239	285	R	R	44.61	R	56.57	99	T	24.0	25	R	60.0	10	R	87.5	8	R	50.0	12	R	77.42	31	R	38.89	396	E	22.22	18	R	76.92	13
1240	286	T	D	19.67	D	44.44	99	R	36.0	25	S	40.0	10	S	37.5	8	S	91.67	12	D	58.06	31	R	19.54	394	R	38.89	18	S	76.92	13
1241	287	A	T	36.21	T	64.65	99	K	48.0	25	T	50.0	10	T	87.5	8	T	50.0	12	S	41.94	31	T	29.71	377	N	81.25	16	T	76.92	13
1242	288	N	N	36.56	A	63.64	22	N	59.09	22	N	100.0	5	N	100.0	1	G	100.0	6	N	90.0	10	N	34.54	249	L	38.46	13	N	100.0	3
1243	NA	-	L	45.1	K	45.45	22	F	40.91	22	NA	NA	0	R	100.0	1	L	100.0	6	L	80.0	10	L	48.03	229	R	30.77	13	L	100.0	3
1244	NA	-	A	29.13	A	50.0	20	A	56.25	16	NA	NA	0	NA	NA	0	S	66.67	6	S	55.56	9	A	25.13	187	A	53.85	13	G	100.0	3
1245	NA	-	L	23.31	L	37.5	16	V	23.08	13	NA	NA	0	NA	NA	0	L	100.0	6	D	100.0	1	V	23.81	84	V	30.77	13	NA	NA	0
1246	NA	-	G	18.52	NA	NA	0	R	60.0	5	NA	NA	0	NA	NA	0	NA	NA	0	NA	NA	0	G	25.0	20	L	50.0	2	NA	NA	0
1247	NA	-	N	16.67	NA	NA	0	G	50.0	2	NA	NA	0	NA	NA	0	NA	NA	0	NA	NA	0	N	21.43	14	P	50.0	2	NA	NA	0
1248	NA	-	A	18.18	NA	NA	0	L	100.0	1	NA	NA	0	NA	NA	0	NA	NA	0	NA	NA	0	E	25.0	8	A	100.0	2	NA	NA	0
1249	NA	-	F	33.33	NA	NA	0	NA	NA	0	NA	NA	0	NA	NA	0	NA	NA	0	NA	NA	0	F	33.33	6	NA	NA	0	NA	NA	0
1250	NA	-	N	57.14	NA	NA	0	NA	NA	0	NA	NA	0	NA	NA	0	NA	NA	0	NA	NA	0	N	57.14	7	NA	NA	0	NA	NA	0
1251	NA	-	G	80.0	NA	NA	0	NA	NA	0	NA	NA	0	NA	NA	0	NA	NA	0	NA	NA	0	G	80.0	5	NA	NA	0	NA	NA	0
1252	NA	-	D	60.0	NA	NA	0	NA	NA	0	NA	NA	0	NA	NA	0	NA	NA	0	NA	NA	0	D	60.0	5	NA	NA	0	NA	NA	0
1253	NA	-	N	60.0	NA	NA	0	NA	NA	0	NA	NA	0	NA	NA	0	NA	NA	0	NA	NA	0	N	60.0	5	NA	NA	0	NA	NA	0
1254	NA	-	G	40.0	NA	NA	0	NA	NA	0	NA	NA	0	NA	NA	0	NA	NA	0	NA	NA	0	G	40.0	5	NA	NA	0	NA	NA	0
1255	NA	-	D	100.0	NA	NA	0	NA	NA	0	NA	NA	0	NA	NA	0	NA	NA	0	NA	NA	0	D	100.0	1	NA	NA	0	NA	NA	0
1256	NA	-	N	36.36	NA	NA	0	NA	NA	0	NA	NA	0	NA	NA	0	NA	NA	0	NA	NA	0	N	36.36	11	NA	NA	0	NA	NA	0
1257	NA	-	P	21.43	NA	NA	0	V	100.0	1	NA	NA	0	NA	NA	0	NA	NA	0	NA	NA	0	P	23.08	13	NA	NA	0	NA	NA	0
1258	NA	-	A	28.7	Q	50.0	16	A	75.0	8	NA	NA	0	H	100.0	1	NA	NA	0	Q	100.0	1	A	27.54	69	A	30.77	13	NA	NA	0
1259	289	C	C	69.43	C	82.8	93	V	36.36	11	C	100.0	10	C	100.0	8	C	100.0	6	C	95.45	22	C	61.32	212	Y	28.57	14	C	100.0	10
1260	290	S	P	77.39	P	86.96	92	P	60.0	10	P	80.0	10	P	87.5	8	P	100.0	6	P	100.0	22	P	70.1	204	P	64.29	14	P	100.0	10
1261	NA	-	H	25.66	N	23.6	89	G	57.14	7	Y	66.67	9	F	42.86	7	F	100.0	6	H	72.73	22	H	31.43	175	G	42.86	14	F	100.0	10
1262	NA	-	S	37.05	S	44.93	69	A	50.0	6	NA	NA	0	S	75.0	4	NA	NA	0	G	57.89	19	S	40.29	139	P	35.71	14	NA	NA	0
1263	NA	-	S	20.21	A	37.5	8	S	33.33	3	NA	NA	0	S	75.0	4	NA	NA	0	S	35.29	17	Q	17.65	51	P	36.36	11	NA	NA	0
1264	NA	-	S	22.22	S	40.0	5	R	100.0	1	NA	NA	0	H	100.0	1	NA	NA	0	Q	33.33	3	S	22.73	22	A	50.0	4	NA	NA	0
1265	NA	-	G	32.0	A	66.67	3	NA	NA	0	NA	NA	0	H	100.0	1	NA	NA	0	V	50.0	2	G	47.06	17	E	50.0	2	NA	NA	0
1266	NA	-	A	30.0	L	33.33	3	NA	NA	0	NA	NA	0	H	100.0	1	NA	NA	0	A	100.0	1	G	35.71	14	S	100.0	1	NA	NA	0
1267	NA	-	W	21.43	S	33.33	3	NA	NA	0	NA	NA	0	H	100.0	1	NA	NA	0	A	100.0	1	W	37.5	8	Y	100.0	1	NA	NA	0
1268	NA	-	P	25.0	A	66.67	3	NA	NA	0	NA	NA	0	H	100.0	1	NA	NA	0	NA	NA	0	P	50.0	4	NA	NA	0	NA	NA	0
1269	NA	-	W	25.0	G	66.67	3	NA	NA	0	NA	NA	0	H	100.0	1	NA	NA	0	NA	NA	0	W	50.0	4	NA	NA	0	NA	NA	0
1270	NA	-	R	50.0	R	100.0	1	NA	NA	0	NA	NA	0	NA	NA	0	NA	NA	0	NA	NA	0	S	100.0	1	NA	NA	0	NA	NA	0
1271	NA	-	P	100.0	NA	NA	0	NA	NA	0	NA	NA	0	NA	NA	0	NA	NA	0	NA	NA	0	P	100.0	1	NA	NA	0	NA	NA	0
1272	NA	-	T	100.0	NA	NA	0	NA	NA	0	NA	NA	0	NA	NA	0	NA	NA	0	NA	NA	0	T	100.0	1	NA	NA	0	NA	NA	0
1273	NA	-	P	100.0	NA	NA	0	NA	NA	0	NA	NA	0	NA	NA	0	NA	NA	0	NA	NA	0	P	100.0	1	NA	NA	0	NA	NA	0
1274	NA	-	T	100.0	NA	NA	0	NA	NA	0	NA	NA	0	NA	NA	0	NA	NA	0	NA	NA	0	T	100.0	1	NA	NA	0	NA	NA	0
1275	NA	-	T	100.0	NA	NA	0	NA	NA	0	NA	NA	0	NA	NA	0	NA	NA	0	NA	NA	0	T	100.0	1	NA	NA	0	NA	NA	0
1276	NA	-	T	100.0	NA	NA	0	NA	NA	0	NA	NA	0	NA	NA	0	NA	NA	0	NA	NA	0	T	100.0	1	NA	NA	0	NA	NA	0
1277	NA	-	P	100.0	NA	NA	0	NA	NA	0	NA	NA	0	NA	NA	0	NA	NA	0	NA	NA	0	P	100.0	1	NA	NA	0	NA	NA	0
1278	NA	-	T	100.0	NA	NA	0	NA	NA	0	NA	NA	0	NA	NA	0	NA	NA	0	NA	NA	0	T	100.0	1	NA	NA	0	NA	NA	0
1279	NA	-	P	100.0	NA	NA	0	NA	NA	0	NA	NA	0	NA	NA	0	NA	NA	0	NA	NA	0	P	100.0	1	NA	NA	0	NA	NA	0
1280	NA	-	P	100.0	NA	NA	0	NA	NA	0	NA	NA	0	NA	NA	0	NA	NA	0	NA	NA	0	P	100.0	1	NA	NA	0	NA	NA	0
1281	NA	-	D	100.0	NA	NA	0	NA	NA	0	NA	NA	0	NA	NA	0	NA	NA	0	NA	NA	0	D	100.0	1	NA	NA	0	NA	NA	0
1282	NA	-	G	100.0	NA	NA	0	NA	NA	0	NA	NA	0	NA	NA	0	NA	NA	0	NA	NA	0	G	100.0	1	NA	NA	0	NA	NA	0
1283	NA	-	G	100.0	NA	NA	0	NA	NA	0	NA	NA	0	NA	NA	0	NA	NA	0	NA	NA	0	G	100.0	1	NA	NA	0	NA	NA	0
1284	NA	-	A	100.0	NA	NA	0	NA	NA	0	NA	NA	0	NA	NA	0	NA	NA	0	NA	NA	0	A	100.0	1	NA	NA	0	NA	NA	0
1285	NA	-	C	100.0	NA	NA	0	NA	NA	0	NA	NA	0	NA	NA	0	NA	NA	0	NA	NA	0	C	100.0	1	NA	NA	0	NA	NA	0
1286	NA	-	S	100.0	NA	NA	0	NA	NA	0	NA	NA	0	NA	NA	0	NA	NA	0	NA	NA	0	S	100.0	1	NA	NA	0	NA	NA	0
1287	NA	-	A	100.0	NA	NA	0	NA	NA	0	NA	NA	0	NA	NA	0	NA	NA	0	NA	NA	0	A	100.0	1	NA	NA	0	NA	NA	0
1288	NA	-	T	100.0	NA	NA	0	NA	NA	0	NA	NA	0	NA	NA	0	NA	NA	0	NA	NA	0	T	100.0	1	NA	NA	0	NA	NA	0
1289	NA	-	Y	100.0	NA	NA	0	NA	NA	0	NA	NA	0	NA	NA	0	NA	NA	0	NA	NA	0	Y	100.0	1	NA	NA	0	NA	NA	0
1290	NA	-	R	100.0	NA	NA	0	NA	NA	0	NA	NA	0	NA	NA	0	NA	NA	0	NA	NA	0	R	100.0	1	NA	NA	0	NA	NA	0
1291	NA	-	T	100.0	NA	NA	0	NA	NA	0	NA	NA	0	NA	NA	0	NA	NA	0	NA	NA	0	T	100.0	1	NA	NA	0	NA	NA	0
1292	NA	-	V	100.0	NA	NA	0	NA	NA	0	NA	NA	0	NA	NA	0	NA	NA	0	NA	NA	0	V	100.0	1	NA	NA	0	NA	NA	0
1293	NA	-	N	100.0	NA	NA	0	NA	NA	0	NA	NA	0	NA	NA	0	NA	NA	0	NA	NA	0	N	100.0	1	NA	NA	0	NA	NA	0
1294	NA	-	S	100.0	NA	NA	0	NA	NA	0	NA	NA	0	NA	NA	0	NA	NA	0	NA	NA	0	S	100.0	1	NA	NA	0	NA	NA	0
1295	NA	-	W	100.0	NA	NA	0	NA	NA	0	NA	NA	0	NA	NA	0	NA	NA	0	NA	NA	0	W	100.0	1	NA	NA	0	NA	NA	0
1296	NA	-	S	100.0	NA	NA	0	NA	NA	0	NA	NA	0	NA	NA	0	NA	NA	0	NA	NA	0	S	100.0	1	NA	NA	0	NA	NA	0
1297	NA	-	G	100.0	NA	NA	0	NA	NA	0	NA	NA	0	NA	NA	0	NA	NA	0	NA	NA	0	G	100.0	1	NA	NA	0	NA	NA	0
1298	NA	-	G	100.0	NA	NA	0	NA	NA	0	NA	NA	0	NA	NA	0	NA	NA	0	NA	NA	0	G	100.0	1	NA	NA	0	NA	NA	0
1299	NA	-	Y	100.0	NA	NA	0	NA	NA	0	NA	NA	0	NA	NA	0	NA	NA	0	NA	NA	0	Y	100.0	1	NA	NA	0	NA	NA	0
1300	NA	-	Q	100.0	NA	NA	0	NA	NA	0	NA	NA	0	NA	NA	0	NA	NA	0	NA	NA	0	Q	100.0	1	NA	NA	0	NA	NA	0
1301	NA	-	G	100.0	NA	NA	0	NA	NA	0	NA	NA	0	NA	NA	0	NA	NA	0	NA	NA	0	G	100.0	1	NA	NA	0	NA	NA	0
1302	NA	-	E	100.0	NA	NA	0	NA	NA	0	NA	NA	0	NA	NA	0	NA	NA	0	NA	NA	0	E	100.0	1	NA	NA	0	NA	NA	0
1303	NA	-	I	100.0	NA	NA	0	NA	NA	0	NA	NA	0	NA	NA	0	NA	NA	0	NA	NA	0	I	100.0	1	NA	NA	0	NA	NA	0
1304	NA	-	T	100.0	NA	NA	0	NA	NA	0	NA	NA	0	NA	NA	0	NA	NA	0	NA	NA	0	T	100.0	1	NA	NA	0	NA	NA	0
1305	NA	-	V	100.0	NA	NA	0	NA	NA	0	NA	NA	0	NA	NA	0	NA	NA	0	NA	NA	0	V	100.0	1	NA	NA	0	NA	NA	0
1306	NA	-	T	100.0	NA	NA	0	NA	NA	0	NA	NA	0	NA	NA	0	NA	NA	0	NA	NA	0	T	100.0	1	NA	NA	0	NA	NA	0
1307	NA	-	A	100.0	NA	NA	0	NA	NA	0	NA	NA	0	NA	NA	0	NA	NA	0	NA	NA	0	A	100.0	1	NA	NA	0	NA	NA	0
1308	NA	-	G	100.0	NA	NA	0	NA	NA	0	NA	NA	0	NA	NA	0	NA	NA	0	NA	NA	0	G	100.0	1	NA	NA	0	NA	NA	0
1309	NA	-	G	100.0	NA	NA	0	NA	NA	0	NA	NA	0	NA	NA	0	NA	NA	0	NA	NA	0	G	100.0	1	NA	NA	0	NA	NA	0
1310	NA	-	A	100.0	NA	NA	0	NA	NA	0	NA	NA	0	NA	NA	0	NA	NA	0	NA	NA	0	A	100.0	1	NA	NA	0	NA	NA	0
1311	NA	-	A	100.0	NA	NA	0	NA	NA	0	NA	NA	0	NA	NA	0	NA	NA	0	NA	NA	0	A	100.0	1	NA	NA	0	NA	NA	0
1312	NA	-	I	100.0	NA	NA	0	NA	NA	0	NA	NA	0	NA	NA	0	NA	NA	0	NA	NA	0	I	100.0	1	NA	NA	0	NA	NA	0
1313	NA	-	D	100.0	NA	NA	0	NA	NA	0	NA	NA	0	NA	NA	0	NA	NA	0	NA	NA	0	D	100.0	1	NA	NA	0	NA	NA	0
1314	NA	-	G	100.0	NA	NA	0	NA	NA	0	NA	NA	0	NA	NA	0	NA	NA	0	NA	NA	0	G	100.0	1	NA	NA	0	NA	NA	0
1315	NA	-	W	100.0	NA	NA	0	NA	NA	0	NA	NA	0	NA	NA	0	NA	NA	0	NA	NA	0	W	100.0	1	NA	NA	0	NA	NA	0
1316	NA	-	T	100.0	NA	NA	0	NA	NA	0	NA	NA	0	NA	NA	0	NA	NA	0	NA	NA	0	T	100.0	1	NA	NA	0	NA	NA	0
1317	NA	-	V	100.0	NA	NA	0	NA	NA	0	NA	NA	0	NA	NA	0	NA	NA	0	NA	NA	0	V	100.0	1	NA	NA	0	NA	NA	0
1318	NA	-	R	100.0	NA	NA	0	NA	NA	0	NA	NA	0	NA	NA	0	NA	NA	0	NA	NA	0	R	100.0	1	NA	NA	0	NA	NA	0
1319	NA	-	W	100.0	NA	NA	0	NA	NA	0	NA	NA	0	NA	NA	0	NA	NA	0	NA	NA	0	W	100.0	1	NA	NA	0	NA	NA	0
1320	NA	-	S	100.0	NA	NA	0	NA	NA	0	NA	NA	0	NA	NA	0	NA	NA	0	NA	NA	0	S	100.0	1	NA	NA	0	NA	NA	0
1321	NA	-	L	100.0	NA	NA	0	NA	NA	0	NA	NA	0	NA	NA	0	NA	NA	0	NA	NA	0	L	100.0	1	NA	NA	0	NA	NA	0
1322	NA	-	G	100.0	NA	NA	0	NA	NA	0	NA	NA	0	NA	NA	0	NA	NA	0	NA	NA	0	G	100.0	1	NA	NA	0	NA	NA	0
1323	NA	-	G	100.0	NA	NA	0	NA	NA	0	NA	NA	0	NA	NA	0	NA	NA	0	NA	NA	0	G	100.0	1	NA	NA	0	NA	NA	0
1324	NA	-	G	100.0	NA	NA	0	NA	NA	0	NA	NA	0	NA	NA	0	NA	NA	0	NA	NA	0	G	100.0	1	NA	NA	0	NA	NA	0
1325	NA	-	Q	100.0	NA	NA	0	NA	NA	0	NA	NA	0	NA	NA	0	NA	NA	0	NA	NA	0	Q	100.0	1	NA	NA	0	NA	NA	0
1326	NA	-	T	100.0	NA	NA	0	NA	NA	0	NA	NA	0	NA	NA	0	NA	NA	0	NA	NA	0	T	100.0	1	NA	NA	0	NA	NA	0
1327	NA	-	V	100.0	NA	NA	0	NA	NA	0	NA	NA	0	NA	NA	0	NA	NA	0	NA	NA	0	V	100.0	1	NA	NA	0	NA	NA	0
1328	NA	-	T	100.0	NA	NA	0	NA	NA	0	NA	NA	0	NA	NA	0	NA	NA	0	NA	NA	0	T	100.0	1	NA	NA	0	NA	NA	0
1329	NA	-	Q	100.0	NA	NA	0	NA	NA	0	NA	NA	0	NA	NA	0	NA	NA	0	NA	NA	0	Q	100.0	1	NA	NA	0	NA	NA	0
1330	NA	-	V	100.0	NA	NA	0	NA	NA	0	NA	NA	0	NA	NA	0	NA	NA	0	NA	NA	0	V	100.0	1	NA	NA	0	NA	NA	0
1331	NA	-	W	100.0	NA	NA	0	NA	NA	0	NA	NA	0	NA	NA	0	NA	NA	0	NA	NA	0	W	100.0	1	NA	NA	0	NA	NA	0
1332	NA	-	N	100.0	NA	NA	0	NA	NA	0	NA	NA	0	NA	NA	0	NA	NA	0	NA	NA	0	N	100.0	1	NA	NA	0	NA	NA	0
1333	NA	-	G	100.0	NA	NA	0	NA	NA	0	NA	NA	0	NA	NA	0	NA	NA	0	NA	NA	0	G	100.0	1	NA	NA	0	NA	NA	0
1334	NA	-	T	100.0	NA	NA	0	NA	NA	0	NA	NA	0	NA	NA	0	NA	NA	0	NA	NA	0	T	100.0	1	NA	NA	0	NA	NA	0
1335	NA	-	L	100.0	NA	NA	0	NA	NA	0	NA	NA	0	NA	NA	0	NA	NA	0	NA	NA	0	L	100.0	1	NA	NA	0	NA	NA	0
1336	NA	-	S	100.0	NA	NA	0	NA	NA	0	NA	NA	0	NA	NA	0	NA	NA	0	NA	NA	0	S	100.0	1	NA	NA	0	NA	NA	0
1337	NA	-	T	100.0	NA	NA	0	NA	NA	0	NA	NA	0	NA	NA	0	NA	NA	0	NA	NA	0	T	100.0	1	NA	NA	0	NA	NA	0
1338	NA	-	S	100.0	NA	NA	0	NA	NA	0	NA	NA	0	NA	NA	0	NA	NA	0	NA	NA	0	S	100.0	1	NA	NA	0	NA	NA	0
1339	NA	-	G	100.0	NA	NA	0	NA	NA	0	NA	NA	0	NA	NA	0	NA	NA	0	NA	NA	0	G	100.0	1	NA	NA	0	NA	NA	0
1340	NA	-	S	100.0	NA	NA	0	NA	NA	0	NA	NA	0	NA	NA	0	NA	NA	0	NA	NA	0	S	100.0	1	NA	NA	0	NA	NA	0
1341	NA	-	T	100.0	NA	NA	0	NA	NA	0	NA	NA	0	NA	NA	0	NA	NA	0	NA	NA	0	T	100.0	1	NA	NA	0	NA	NA	0
1342	NA	-	A	100.0	NA	NA	0	NA	NA	0	NA	NA	0	NA	NA	0	NA	NA	0	NA	NA	0	A	100.0	1	NA	NA	0	NA	NA	0
1343	NA	-	S	100.0	NA	NA	0	NA	NA	0	NA	NA	0	NA	NA	0	NA	NA	0	NA	NA	0	S	100.0	1	NA	NA	0	NA	NA	0
1344	NA	-	V	100.0	NA	NA	0	NA	NA	0	NA	NA	0	NA	NA	0	NA	NA	0	NA	NA	0	V	100.0	1	NA	NA	0	NA	NA	0
1345	NA	-	A	100.0	NA	NA	0	NA	NA	0	NA	NA	0	NA	NA	0	NA	NA	0	NA	NA	0	A	100.0	1	NA	NA	0	NA	NA	0
1346	NA	-	N	100.0	NA	NA	0	NA	NA	0	NA	NA	0	NA	NA	0	NA	NA	0	NA	NA	0	N	100.0	1	NA	NA	0	NA	NA	0
1347	NA	-	A	100.0	NA	NA	0	NA	NA	0	NA	NA	0	NA	NA	0	NA	NA	0	NA	NA	0	A	100.0	1	NA	NA	0	NA	NA	0
1348	NA	-	S	100.0	NA	NA	0	NA	NA	0	NA	NA	0	NA	NA	0	NA	NA	0	NA	NA	0	S	100.0	1	NA	NA	0	NA	NA	0
1349	NA	-	Y	100.0	NA	NA	0	NA	NA	0	NA	NA	0	NA	NA	0	NA	NA	0	NA	NA	0	Y	100.0	1	NA	NA	0	NA	NA	0
1350	NA	-	N	100.0	NA	NA	0	NA	NA	0	NA	NA	0	NA	NA	0	NA	NA	0	NA	NA	0	N	100.0	1	NA	NA	0	NA	NA	0
1351	NA	-	G	100.0	NA	NA	0	NA	NA	0	NA	NA	0	NA	NA	0	NA	NA	0	NA	NA	0	G	100.0	1	NA	NA	0	NA	NA	0
1352	NA	-	S	100.0	NA	NA	0	NA	NA	0	NA	NA	0	NA	NA	0	NA	NA	0	NA	NA	0	S	100.0	1	NA	NA	0	NA	NA	0
1353	NA	-	L	100.0	NA	NA	0	NA	NA	0	NA	NA	0	NA	NA	0	NA	NA	0	NA	NA	0	L	100.0	1	NA	NA	0	NA	NA	0
1354	NA	-	Q	100.0	NA	NA	0	NA	NA	0	NA	NA	0	NA	NA	0	NA	NA	0	NA	NA	0	Q	100.0	1	NA	NA	0	NA	NA	0
1355	NA	-	A	100.0	NA	NA	0	NA	NA	0	NA	NA	0	NA	NA	0	NA	NA	0	NA	NA	0	A	100.0	1	NA	NA	0	NA	NA	0
1356	NA	-	S	100.0	NA	NA	0	NA	NA	0	NA	NA	0	NA	NA	0	NA	NA	0	NA	NA	0	S	100.0	1	NA	NA	0	NA	NA	0
1357	NA	-	A	100.0	NA	NA	0	NA	NA	0	NA	NA	0	NA	NA	0	NA	NA	0	NA	NA	0	A	100.0	1	NA	NA	0	NA	NA	0
1358	NA	-	S	100.0	NA	NA	0	NA	NA	0	NA	NA	0	NA	NA	0	NA	NA	0	NA	NA	0	S	100.0	1	NA	NA	0	NA	NA	0
1359	NA	-	T	100.0	NA	NA	0	NA	NA	0	NA	NA	0	NA	NA	0	NA	NA	0	NA	NA	0	T	100.0	1	NA	NA	0	NA	NA	0
1360	NA	-	T	100.0	NA	NA	0	NA	NA	0	NA	NA	0	NA	NA	0	NA	NA	0	NA	NA	0	T	100.0	1	NA	NA	0	NA	NA	0
1361	NA	-	F	100.0	NA	NA	0	NA	NA	0	NA	NA	0	NA	NA	0	NA	NA	0	NA	NA	0	F	100.0	1	NA	NA	0	NA	NA	0
1362	NA	-	G	100.0	NA	NA	0	NA	NA	0	NA	NA	0	NA	NA	0	NA	NA	0	NA	NA	0	G	100.0	1	NA	NA	0	NA	NA	0
1363	NA	-	F	100.0	NA	NA	0	NA	NA	0	NA	NA	0	NA	NA	0	NA	NA	0	NA	NA	0	F	100.0	1	NA	NA	0	NA	NA	0
1364	NA	-	L	75.0	NA	NA	0	NA	NA	0	NA	NA	0	NA	NA	0	NA	NA	0	L	100.0	1	L	66.67	3	NA	NA	0	NA	NA	0
1365	NA	-	A	66.67	NA	NA	0	NA	NA	0	NA	NA	0	NA	NA	0	NA	NA	0	A	100.0	1	A	50.0	2	NA	NA	0	NA	NA	0
1366	NA	-	N	50.0	NA	NA	0	NA	NA	0	NA	NA	0	NA	NA	0	NA	NA	0	NA	NA	0	N	50.0	2	NA	NA	0	NA	NA	0
1367	NA	-	G	100.0	NA	NA	0	NA	NA	0	NA	NA	0	NA	NA	0	NA	NA	0	NA	NA	0	G	100.0	1	NA	NA	0	NA	NA	0
1368	NA	-	T	100.0	NA	NA	0	NA	NA	0	NA	NA	0	NA	NA	0	NA	NA	0	NA	NA	0	T	100.0	1	NA	NA	0	NA	NA	0
1369	NA	-	P	100.0	NA	NA	0	NA	NA	0	NA	NA	0	NA	NA	0	NA	NA	0	NA	NA	0	P	100.0	1	NA	NA	0	NA	NA	0
1370	NA	-	S	100.0	NA	NA	0	NA	NA	0	NA	NA	0	NA	NA	0	NA	NA	0	NA	NA	0	S	100.0	1	NA	NA	0	NA	NA	0
1371	NA	-	T	100.0	NA	NA	0	NA	NA	0	NA	NA	0	NA	NA	0	NA	NA	0	NA	NA	0	T	100.0	1	NA	NA	0	NA	NA	0
1372	NA	-	P	100.0	NA	NA	0	NA	NA	0	NA	NA	0	NA	NA	0	NA	NA	0	NA	NA	0	P	100.0	1	NA	NA	0	NA	NA	0
1373	NA	-	A	100.0	NA	NA	0	NA	NA	0	NA	NA	0	NA	NA	0	NA	NA	0	NA	NA	0	A	100.0	1	NA	NA	0	NA	NA	0
1374	NA	-	L	100.0	NA	NA	0	NA	NA	0	NA	NA	0	NA	NA	0	NA	NA	0	NA	NA	0	L	100.0	1	NA	NA	0	NA	NA	0
1375	NA	-	T	100.0	NA	NA	0	NA	NA	0	NA	NA	0	NA	NA	0	NA	NA	0	NA	NA	0	T	100.0	1	NA	NA	0	NA	NA	0
1376	NA	-	C	100.0	NA	NA	0	NA	NA	0	NA	NA	0	NA	NA	0	NA	NA	0	NA	NA	0	C	100.0	1	NA	NA	0	NA	NA	0
1377	NA	-	S	100.0	NA	NA	0	NA	NA	0	NA	NA	0	NA	NA	0	NA	NA	0	NA	NA	0	S	100.0	1	NA	NA	0	NA	NA	0
1378	NA	-	S	100.0	NA	NA	0	NA	NA	0	NA	NA	0	NA	NA	0	NA	NA	0	NA	NA	0	S	100.0	1	NA	NA	0	NA	NA	0
1379	NA	-	P	100.0	NA	NA	0	NA	NA	0	NA	NA	0	NA	NA	0	NA	NA	0	NA	NA	0	P	100.0	1	NA	NA	0	NA	NA	0
