Entry	Entry Name	Organism	Organism (ID)	Taxonomic lineage	Taxonomic lineage (Ids)	Length	Reviewed
A0A0K8P6T7	PETH_PISS1	Piscinibacter sakaiensis (Ideonella sakaiensis)	1547922	cellular organisms (no rank), Bacteria (domain), Pseudomonadati (kingdom), Pseudomonadota (phylum), Betaproteobacteria (class), Burkholderiales (order), Sphaerotilaceae (family), Piscinibacter (genus)	131567 (no rank), 2 (domain), 3379134 (kingdom), 1224 (phylum), 28216 (class), 80840 (order), 2975441 (family), 1114981 (genus)	290	reviewed
A0A1J9RZ58	A0A1J9RZ58_9PEZI	Diplodia corticola	236234	cellular organisms (no rank), Eukaryota (domain), Opisthokonta (clade), Fungi (kingdom), Dikarya (subkingdom), Ascomycota (phylum), saccharomyceta (clade), Pezizomycotina (subphylum), leotiomyceta (clade), dothideomyceta (clade), Dothideomycetes (class), Dothideomycetes incertae sedis (no rank), Botryosphaeriales (order), Botryosphaeriaceae (family), Diplodia (genus)	131567 (no rank), 2759 (domain), 33154 (clade), 4751 (kingdom), 451864 (subkingdom), 4890 (phylum), 716545 (clade), 147538 (subphylum), 716546 (clade), 715962 (clade), 147541 (class), 159987 (no rank), 451869 (order), 45131 (family), 66735 (genus)	252	unreviewed
A0A1Z5TB42	A0A1Z5TB42_HORWE	Hortaea werneckii EXF-2000	1157616	cellular organisms (no rank), Eukaryota (domain), Opisthokonta (clade), Fungi (kingdom), Dikarya (subkingdom), Ascomycota (phylum), saccharomyceta (clade), Pezizomycotina (subphylum), leotiomyceta (clade), dothideomyceta (clade), Dothideomycetes (class), Dothideomycetidae (subclass), Mycosphaerellales (order), Teratosphaeriaceae (family), Hortaea (genus), Hortaea werneckii (species)	131567 (no rank), 2759 (domain), 33154 (clade), 4751 (kingdom), 451864 (subkingdom), 4890 (phylum), 716545 (clade), 147538 (subphylum), 716546 (clade), 715962 (clade), 147541 (class), 451867 (subclass), 2726947 (order), 668547 (family), 91942 (genus), 91943 (species)	251	unreviewed
A0A147KJY8	A0A147KJY8_THECS	Thermobifida cellulosilytica TB100	665004	cellular organisms (no rank), Bacteria (domain), Bacillati (kingdom), Actinomycetota (phylum), Actinomycetes (class), Streptosporangiales (order), Nocardiopsidaceae (family), Thermobifida (genus), Thermobifida cellulosilytica (species)	131567 (no rank), 2 (domain), 1783272 (kingdom), 201174 (phylum), 1760 (class), 85012 (order), 83676 (family), 83677 (genus), 144786 (species)	300	unreviewed
A0A168EN35	A0A168EN35_9MICO	Isoptericola dokdonensis DS-3	1300344	cellular organisms (no rank), Bacteria (domain), Bacillati (kingdom), Actinomycetota (phylum), Actinomycetes (class), Micrococcales (order), Promicromonosporaceae (family), Isoptericola (genus), Isoptericola dokdonensis (species)	131567 (no rank), 2 (domain), 1783272 (kingdom), 201174 (phylum), 1760 (class), 85006 (order), 85017 (family), 254250 (genus), 372663 (species)	285	unreviewed
A0A1H8CDJ8	A0A1H8CDJ8_9ACTN	Nonomuraea pusilla	46177	cellular organisms (no rank), Bacteria (domain), Bacillati (kingdom), Actinomycetota (phylum), Actinomycetes (class), Streptosporangiales (order), Streptosporangiaceae (family), Nonomuraea (genus)	131567 (no rank), 2 (domain), 1783272 (kingdom), 201174 (phylum), 1760 (class), 85012 (order), 2004 (family), 83681 (genus)	265	unreviewed
A0A1N6SMU6	A0A1N6SMU6_9ACTN	Microbispora rosea	58117	cellular organisms (no rank), Bacteria (domain), Bacillati (kingdom), Actinomycetota (phylum), Actinomycetes (class), Streptosporangiales (order), Streptosporangiaceae (family), Microbispora (genus)	131567 (no rank), 2 (domain), 1783272 (kingdom), 201174 (phylum), 1760 (class), 85012 (order), 2004 (family), 2005 (genus)	295	unreviewed
A0A1U9ZTE6	A0A1U9ZTE6_9ACTN	[Actinomadura] parvosata subsp. kistnae	1909395	cellular organisms (no rank), Bacteria (domain), Bacillati (kingdom), Actinomycetota (phylum), Actinomycetes (class), Streptosporangiales (order), Streptosporangiaceae (family), Nonomuraea (genus), [Actinomadura] parvosata (species)	131567 (no rank), 2 (domain), 1783272 (kingdom), 201174 (phylum), 1760 (class), 85012 (order), 2004 (family), 83681 (genus), 1955412 (species)	300	unreviewed
A0A1V3C1E8	A0A1V3C1E8_9ACTN	Nocardiopsis sinuspersici	501010	cellular organisms (no rank), Bacteria (domain), Bacillati (kingdom), Actinomycetota (phylum), Actinomycetes (class), Streptosporangiales (order), Nocardiopsidaceae (family), Nocardiopsis (genus)	131567 (no rank), 2 (domain), 1783272 (kingdom), 201174 (phylum), 1760 (class), 85012 (order), 83676 (family), 2013 (genus)	283	unreviewed
A0A239AX86	A0A239AX86_9ACTN	Streptosporangium subroseum	106412	cellular organisms (no rank), Bacteria (domain), Bacillati (kingdom), Actinomycetota (phylum), Actinomycetes (class), Streptosporangiales (order), Streptosporangiaceae (family), Streptosporangium (genus)	131567 (no rank), 2 (domain), 1783272 (kingdom), 201174 (phylum), 1760 (class), 85012 (order), 2004 (family), 2000 (genus)	325	unreviewed
A0A081CLD2	A0A081CLD2_MOEAN	Moesziomyces antarcticus (Yeast) (Pseudozyma antarctica)	84753	cellular organisms (no rank), Eukaryota (domain), Opisthokonta (clade), Fungi (kingdom), Dikarya (subkingdom), Basidiomycota (phylum), Ustilaginomycotina (subphylum), Ustilaginomycetes (class), Ustilaginales (order), Ustilaginaceae (family), Moesziomyces (genus)	131567 (no rank), 2759 (domain), 33154 (clade), 4751 (kingdom), 451864 (subkingdom), 5204 (phylum), 452284 (subphylum), 5257 (class), 5267 (order), 5268 (family), 63261 (genus)	350	unreviewed
A0A0C2G8Q0	A0A0C2G8Q0_9ACTN	Streptomonospora alba	183763	cellular organisms (no rank), Bacteria (domain), Bacillati (kingdom), Actinomycetota (phylum), Actinomycetes (class), Streptosporangiales (order), Nocardiopsidaceae (family), Streptomonospora (genus)	131567 (no rank), 2 (domain), 1783272 (kingdom), 201174 (phylum), 1760 (class), 85012 (order), 83676 (family), 104204 (genus)	281	unreviewed
A0A0G4L6Z0	A0A0G4L6Z0_VERLO	Verticillium longisporum (Verticillium dahliae var. longisporum)	100787	cellular organisms (no rank), Eukaryota (domain), Opisthokonta (clade), Fungi (kingdom), Dikarya (subkingdom), Ascomycota (phylum), saccharomyceta (clade), Pezizomycotina (subphylum), leotiomyceta (clade), sordariomyceta (clade), Sordariomycetes (class), Hypocreomycetidae (subclass), Glomerellales (order), Plectosphaerellaceae (family), Verticillium (genus)	131567 (no rank), 2759 (domain), 33154 (clade), 4751 (kingdom), 451864 (subkingdom), 4890 (phylum), 716545 (clade), 147538 (subphylum), 716546 (clade), 715989 (clade), 147550 (class), 222543 (subclass), 1028384 (order), 1033978 (family), 1036719 (genus)	290	unreviewed
A0A0G4MEG9	A0A0G4MEG9_VERLO	Verticillium longisporum (Verticillium dahliae var. longisporum)	100787	cellular organisms (no rank), Eukaryota (domain), Opisthokonta (clade), Fungi (kingdom), Dikarya (subkingdom), Ascomycota (phylum), saccharomyceta (clade), Pezizomycotina (subphylum), leotiomyceta (clade), sordariomyceta (clade), Sordariomycetes (class), Hypocreomycetidae (subclass), Glomerellales (order), Plectosphaerellaceae (family), Verticillium (genus)	131567 (no rank), 2759 (domain), 33154 (clade), 4751 (kingdom), 451864 (subkingdom), 4890 (phylum), 716545 (clade), 147538 (subphylum), 716546 (clade), 715989 (clade), 147550 (class), 222543 (subclass), 1028384 (order), 1033978 (family), 1036719 (genus)	286	unreviewed
A0A0P7BKA9	A0A0P7BKA9_9HYPO	Neonectria ditissima	78410	cellular organisms (no rank), Eukaryota (domain), Opisthokonta (clade), Fungi (kingdom), Dikarya (subkingdom), Ascomycota (phylum), saccharomyceta (clade), Pezizomycotina (subphylum), leotiomyceta (clade), sordariomyceta (clade), Sordariomycetes (class), Hypocreomycetidae (subclass), Hypocreales (order), Nectriaceae (family), Neonectria (genus)	131567 (no rank), 2759 (domain), 33154 (clade), 4751 (kingdom), 451864 (subkingdom), 4890 (phylum), 716545 (clade), 147538 (subphylum), 716546 (clade), 715989 (clade), 147550 (class), 222543 (subclass), 5125 (order), 110618 (family), 140106 (genus)	290	unreviewed
A0A132BCV4	A0A132BCV4_MOLSC	Mollisia scopiformis (Conifer needle endophyte fungus) (Phialocephala scopiformis)	149040	cellular organisms (no rank), Eukaryota (domain), Opisthokonta (clade), Fungi (kingdom), Dikarya (subkingdom), Ascomycota (phylum), saccharomyceta (clade), Pezizomycotina (subphylum), leotiomyceta (clade), sordariomyceta (clade), Leotiomycetes (class), Helotiales (order), Mollisiaceae (family), Mollisia (genus)	131567 (no rank), 2759 (domain), 33154 (clade), 4751 (kingdom), 451864 (subkingdom), 4890 (phylum), 716545 (clade), 147538 (subphylum), 716546 (clade), 715989 (clade), 147548 (class), 5178 (order), 2755564 (family), 86026 (genus)	251	unreviewed
A0A161LKE9	A0A161LKE9_9ACTN	Planomonospora sphaerica	161355	cellular organisms (no rank), Bacteria (domain), Bacillati (kingdom), Actinomycetota (phylum), Actinomycetes (class), Streptosporangiales (order), Streptosporangiaceae (family), Planomonospora (genus)	131567 (no rank), 2 (domain), 1783272 (kingdom), 201174 (phylum), 1760 (class), 85012 (order), 2004 (family), 1998 (genus)	299	unreviewed
A0A168DZM0	A0A168DZM0_CORFA	Cordyceps fumosorosea (strain ARSEF 2679) (Isaria fumosorosea)	1081104	cellular organisms (no rank), Eukaryota (domain), Opisthokonta (clade), Fungi (kingdom), Dikarya (subkingdom), Ascomycota (phylum), saccharomyceta (clade), Pezizomycotina (subphylum), leotiomyceta (clade), sordariomyceta (clade), Sordariomycetes (class), Hypocreomycetidae (subclass), Hypocreales (order), Cordycipitaceae (family), Cordyceps (genus), Cordyceps fumosorosea (species)	131567 (no rank), 2759 (domain), 33154 (clade), 4751 (kingdom), 451864 (subkingdom), 4890 (phylum), 716545 (clade), 147538 (subphylum), 716546 (clade), 715989 (clade), 147550 (class), 222543 (subclass), 5125 (order), 474943 (family), 45234 (genus), 114497 (species)	300	unreviewed
A0A168HBU4	A0A168HBU4_CORDF	Akanthomyces lecanii RCEF 1005	1081108	cellular organisms (no rank), Eukaryota (domain), Opisthokonta (clade), Fungi (kingdom), Dikarya (subkingdom), Ascomycota (phylum), saccharomyceta (clade), Pezizomycotina (subphylum), leotiomyceta (clade), sordariomyceta (clade), Sordariomycetes (class), Hypocreomycetidae (subclass), Hypocreales (order), Cordycipitaceae (family), Akanthomyces (genus), Cordyceps confragosa (species)	131567 (no rank), 2759 (domain), 33154 (clade), 4751 (kingdom), 451864 (subkingdom), 4890 (phylum), 716545 (clade), 147538 (subphylum), 716546 (clade), 715989 (clade), 147550 (class), 222543 (subclass), 5125 (order), 474943 (family), 150366 (genus), 2714763 (species)	299	unreviewed
A0A1E1LCE7	A0A1E1LCE7_9HELO	Rhynchosporium graminicola	2792576	cellular organisms (no rank), Eukaryota (domain), Opisthokonta (clade), Fungi (kingdom), Dikarya (subkingdom), Ascomycota (phylum), saccharomyceta (clade), Pezizomycotina (subphylum), leotiomyceta (clade), sordariomyceta (clade), Leotiomycetes (class), Helotiales (order), Ploettnerulaceae (family), Rhynchosporium (genus)	131567 (no rank), 2759 (domain), 33154 (clade), 4751 (kingdom), 451864 (subkingdom), 4890 (phylum), 716545 (clade), 147538 (subphylum), 716546 (clade), 715989 (clade), 147548 (class), 5178 (order), 2316155 (family), 38037 (genus)	258	unreviewed
A0A1E1M409	A0A1E1M409_RHYSE	Rhynchosporium secalis (Barley scald fungus)	38038	cellular organisms (no rank), Eukaryota (domain), Opisthokonta (clade), Fungi (kingdom), Dikarya (subkingdom), Ascomycota (phylum), saccharomyceta (clade), Pezizomycotina (subphylum), leotiomyceta (clade), sordariomyceta (clade), Leotiomycetes (class), Helotiales (order), Ploettnerulaceae (family), Rhynchosporium (genus)	131567 (no rank), 2759 (domain), 33154 (clade), 4751 (kingdom), 451864 (subkingdom), 4890 (phylum), 716545 (clade), 147538 (subphylum), 716546 (clade), 715989 (clade), 147548 (class), 5178 (order), 2316155 (family), 38037 (genus)	319	unreviewed
A0A1G7Z2H0	A0A1G7Z2H0_9ACTN	Nonomuraea jiangxiensis	633440	cellular organisms (no rank), Bacteria (domain), Bacillati (kingdom), Actinomycetota (phylum), Actinomycetes (class), Streptosporangiales (order), Streptosporangiaceae (family), Nonomuraea (genus)	131567 (no rank), 2 (domain), 1783272 (kingdom), 201174 (phylum), 1760 (class), 85012 (order), 2004 (family), 83681 (genus)	297	unreviewed
A0A1H5T4B9	A0A1H5T4B9_9ACTN	Thermomonospora echinospora	1992	cellular organisms (no rank), Bacteria (domain), Bacillati (kingdom), Actinomycetota (phylum), Actinomycetes (class), Streptosporangiales (order), Thermomonosporaceae (family), Thermomonospora (genus)	131567 (no rank), 2 (domain), 1783272 (kingdom), 201174 (phylum), 1760 (class), 85012 (order), 2012 (family), 2019 (genus)	293	unreviewed
A0A1H6EZ24	A0A1H6EZ24_9ACTN	Nonomuraea solani	1144553	cellular organisms (no rank), Bacteria (domain), Bacillati (kingdom), Actinomycetota (phylum), Actinomycetes (class), Streptosporangiales (order), Streptosporangiaceae (family), Nonomuraea (genus)	131567 (no rank), 2 (domain), 1783272 (kingdom), 201174 (phylum), 1760 (class), 85012 (order), 2004 (family), 83681 (genus)	291	unreviewed
A0A1V0A5L2	A0A1V0A5L2_9ACTN	[Actinomadura] parvosata subsp. kistnae	1909395	cellular organisms (no rank), Bacteria (domain), Bacillati (kingdom), Actinomycetota (phylum), Actinomycetes (class), Streptosporangiales (order), Streptosporangiaceae (family), Nonomuraea (genus), [Actinomadura] parvosata (species)	131567 (no rank), 2 (domain), 1783272 (kingdom), 201174 (phylum), 1760 (class), 85012 (order), 2004 (family), 83681 (genus), 1955412 (species)	303	unreviewed
A0A1W2TF57	A0A1W2TF57_ROSNE	Rosellinia necatrix (White root-rot fungus)	77044	cellular organisms (no rank), Eukaryota (domain), Opisthokonta (clade), Fungi (kingdom), Dikarya (subkingdom), Ascomycota (phylum), saccharomyceta (clade), Pezizomycotina (subphylum), leotiomyceta (clade), sordariomyceta (clade), Sordariomycetes (class), Xylariomycetidae (subclass), Xylariales (order), Xylariaceae (family), Rosellinia (genus)	131567 (no rank), 2759 (domain), 33154 (clade), 4751 (kingdom), 451864 (subkingdom), 4890 (phylum), 716545 (clade), 147538 (subphylum), 716546 (clade), 715989 (clade), 147550 (class), 222545 (subclass), 37989 (order), 37990 (family), 77043 (genus)	281	unreviewed
A0A1Y2M2A6	A0A1Y2M2A6_EPING	Epicoccum nigrum (Soil fungus) (Epicoccum purpurascens)	105696	cellular organisms (no rank), Eukaryota (domain), Opisthokonta (clade), Fungi (kingdom), Dikarya (subkingdom), Ascomycota (phylum), saccharomyceta (clade), Pezizomycotina (subphylum), leotiomyceta (clade), dothideomyceta (clade), Dothideomycetes (class), Pleosporomycetidae (subclass), Pleosporales (order), Pleosporineae (suborder), Didymellaceae (family), Epicoccum (genus)	131567 (no rank), 2759 (domain), 33154 (clade), 4751 (kingdom), 451864 (subkingdom), 4890 (phylum), 716545 (clade), 147538 (subphylum), 716546 (clade), 715962 (clade), 147541 (class), 451868 (subclass), 92860 (order), 715340 (suborder), 683158 (family), 104397 (genus)	311	unreviewed
A0A238V211	A0A238V211_9ACTN	Actinomadura mexicana	134959	cellular organisms (no rank), Bacteria (domain), Bacillati (kingdom), Actinomycetota (phylum), Actinomycetes (class), Streptosporangiales (order), Thermomonosporaceae (family), Actinomadura (genus)	131567 (no rank), 2 (domain), 1783272 (kingdom), 201174 (phylum), 1760 (class), 85012 (order), 2012 (family), 1988 (genus)	291	unreviewed
A0A239NYM8	A0A239NYM8_9ACTN	Actinomadura meyerae	240840	cellular organisms (no rank), Bacteria (domain), Bacillati (kingdom), Actinomycetota (phylum), Actinomycetes (class), Streptosporangiales (order), Thermomonosporaceae (family), Actinomadura (genus)	131567 (no rank), 2 (domain), 1783272 (kingdom), 201174 (phylum), 1760 (class), 85012 (order), 2012 (family), 1988 (genus)	339	unreviewed
A0A243RG01	A0A243RG01_9ACTN	Streptosporangium minutum	569862	cellular organisms (no rank), Bacteria (domain), Bacillati (kingdom), Actinomycetota (phylum), Actinomycetes (class), Streptosporangiales (order), Streptosporangiaceae (family), Streptosporangium (genus)	131567 (no rank), 2 (domain), 1783272 (kingdom), 201174 (phylum), 1760 (class), 85012 (order), 2004 (family), 2000 (genus)	301	unreviewed
A0A0A1SYU9	A0A0A1SYU9_9HYPO	[Torrubiella] hemipterigena	1531966	cellular organisms (no rank), Eukaryota (domain), Opisthokonta (clade), Fungi (kingdom), Dikarya (subkingdom), Ascomycota (phylum), saccharomyceta (clade), Pezizomycotina (subphylum), leotiomyceta (clade), sordariomyceta (clade), Sordariomycetes (class), Hypocreomycetidae (subclass), Hypocreales (order), Clavicipitaceae (family), Clavicipitaceae incertae sedis (no rank), 'Torrubiella' clade (clade)	131567 (no rank), 2759 (domain), 33154 (clade), 4751 (kingdom), 451864 (subkingdom), 4890 (phylum), 716545 (clade), 147538 (subphylum), 716546 (clade), 715989 (clade), 147550 (class), 222543 (subclass), 5125 (order), 34397 (family), 2940282 (no rank), 2940446 (clade)	291	unreviewed
A0A147KDL8	A0A147KDL8_THECS	Thermobifida cellulosilytica TB100	665004	cellular organisms (no rank), Bacteria (domain), Bacillati (kingdom), Actinomycetota (phylum), Actinomycetes (class), Streptosporangiales (order), Nocardiopsidaceae (family), Thermobifida (genus), Thermobifida cellulosilytica (species)	131567 (no rank), 2 (domain), 1783272 (kingdom), 201174 (phylum), 1760 (class), 85012 (order), 83676 (family), 83677 (genus), 144786 (species)	281	unreviewed
A0A1H6CN89	A0A1H6CN89_9ACTN	Thermomonospora echinospora	1992	cellular organisms (no rank), Bacteria (domain), Bacillati (kingdom), Actinomycetota (phylum), Actinomycetes (class), Streptosporangiales (order), Thermomonosporaceae (family), Thermomonospora (genus)	131567 (no rank), 2 (domain), 1783272 (kingdom), 201174 (phylum), 1760 (class), 85012 (order), 2012 (family), 2019 (genus)	331	unreviewed
A0A1I4CKC4	A0A1I4CKC4_9ACTN	Streptosporangium canum	324952	cellular organisms (no rank), Bacteria (domain), Bacillati (kingdom), Actinomycetota (phylum), Actinomycetes (class), Streptosporangiales (order), Streptosporangiaceae (family), Streptosporangium (genus)	131567 (no rank), 2 (domain), 1783272 (kingdom), 201174 (phylum), 1760 (class), 85012 (order), 2004 (family), 2000 (genus)	305	unreviewed
A0A1I4CM04	A0A1I4CM04_9ACTN	Streptosporangium canum	324952	cellular organisms (no rank), Bacteria (domain), Bacillati (kingdom), Actinomycetota (phylum), Actinomycetes (class), Streptosporangiales (order), Streptosporangiaceae (family), Streptosporangium (genus)	131567 (no rank), 2 (domain), 1783272 (kingdom), 201174 (phylum), 1760 (class), 85012 (order), 2004 (family), 2000 (genus)	318	unreviewed
A0A1I4D078	A0A1I4D078_9ACTN	Streptosporangium canum	324952	cellular organisms (no rank), Bacteria (domain), Bacillati (kingdom), Actinomycetota (phylum), Actinomycetes (class), Streptosporangiales (order), Streptosporangiaceae (family), Streptosporangium (genus)	131567 (no rank), 2 (domain), 1783272 (kingdom), 201174 (phylum), 1760 (class), 85012 (order), 2004 (family), 2000 (genus)	314	unreviewed
A0A1M6M213	A0A1M6M213_9ACTN	Nocardiopsis flavescens	758803	cellular organisms (no rank), Bacteria (domain), Bacillati (kingdom), Actinomycetota (phylum), Actinomycetes (class), Streptosporangiales (order), Nocardiopsidaceae (family), Nocardiopsis (genus)	131567 (no rank), 2 (domain), 1783272 (kingdom), 201174 (phylum), 1760 (class), 85012 (order), 83676 (family), 2013 (genus)	309	unreviewed
A0A1N7HIK6	A0A1N7HIK6_9ACTN	Microbispora rosea	58117	cellular organisms (no rank), Bacteria (domain), Bacillati (kingdom), Actinomycetota (phylum), Actinomycetes (class), Streptosporangiales (order), Streptosporangiaceae (family), Microbispora (genus)	131567 (no rank), 2 (domain), 1783272 (kingdom), 201174 (phylum), 1760 (class), 85012 (order), 2004 (family), 2005 (genus)	306	unreviewed
A0A239F952	A0A239F952_9ACTN	Actinomadura meyerae	240840	cellular organisms (no rank), Bacteria (domain), Bacillati (kingdom), Actinomycetota (phylum), Actinomycetes (class), Streptosporangiales (order), Thermomonosporaceae (family), Actinomadura (genus)	131567 (no rank), 2 (domain), 1783272 (kingdom), 201174 (phylum), 1760 (class), 85012 (order), 2012 (family), 1988 (genus)	307	unreviewed
A0A0D7B574	A0A0D7B574_9AGAR	Cylindrobasidium torrendii FP15055 ss-10	1314674	cellular organisms (no rank), Eukaryota (domain), Opisthokonta (clade), Fungi (kingdom), Dikarya (subkingdom), Basidiomycota (phylum), Agaricomycotina (subphylum), Agaricomycetes (class), Agaricomycetidae (subclass), Agaricales (order), Marasmiineae (suborder), Physalacriaceae (family), Cylindrobasidium (genus), Cylindrobasidium torrendii (species)	131567 (no rank), 2759 (domain), 33154 (clade), 4751 (kingdom), 451864 (subkingdom), 5204 (phylum), 5302 (subphylum), 155619 (class), 452333 (subclass), 5338 (order), 2982316 (suborder), 862241 (family), 139105 (genus), 394432 (species)	284	unreviewed
A0A0D9NW74	A0A0D9NW74_METAN	Metarhizium anisopliae BRIP 53293	1291518	cellular organisms (no rank), Eukaryota (domain), Opisthokonta (clade), Fungi (kingdom), Dikarya (subkingdom), Ascomycota (phylum), saccharomyceta (clade), Pezizomycotina (subphylum), leotiomyceta (clade), sordariomyceta (clade), Sordariomycetes (class), Hypocreomycetidae (subclass), Hypocreales (order), Clavicipitaceae (family), Metarhizium (genus), Metarhizium anisopliae (species)	131567 (no rank), 2759 (domain), 33154 (clade), 4751 (kingdom), 451864 (subkingdom), 4890 (phylum), 716545 (clade), 147538 (subphylum), 716546 (clade), 715989 (clade), 147550 (class), 222543 (subclass), 5125 (order), 34397 (family), 5529 (genus), 5530 (species)	251	unreviewed
A0A1G8SHF7	A0A1G8SHF7_9ACTN	Nonomuraea maritima	683260	cellular organisms (no rank), Bacteria (domain), Bacillati (kingdom), Actinomycetota (phylum), Actinomycetes (class), Streptosporangiales (order), Streptosporangiaceae (family), Nonomuraea (genus)	131567 (no rank), 2 (domain), 1783272 (kingdom), 201174 (phylum), 1760 (class), 85012 (order), 2004 (family), 83681 (genus)	299	unreviewed
A0A1H5UML9	A0A1H5UML9_9ACTN	Nonomuraea solani	1144553	cellular organisms (no rank), Bacteria (domain), Bacillati (kingdom), Actinomycetota (phylum), Actinomycetes (class), Streptosporangiales (order), Streptosporangiaceae (family), Nonomuraea (genus)	131567 (no rank), 2 (domain), 1783272 (kingdom), 201174 (phylum), 1760 (class), 85012 (order), 2004 (family), 83681 (genus)	306	unreviewed
A0A1H6C9P0	A0A1H6C9P0_9ACTN	Thermomonospora echinospora	1992	cellular organisms (no rank), Bacteria (domain), Bacillati (kingdom), Actinomycetota (phylum), Actinomycetes (class), Streptosporangiales (order), Thermomonosporaceae (family), Thermomonospora (genus)	131567 (no rank), 2 (domain), 1783272 (kingdom), 201174 (phylum), 1760 (class), 85012 (order), 2012 (family), 2019 (genus)	292	unreviewed
A0A1H8CEP3	A0A1H8CEP3_9ACTN	Nonomuraea pusilla	46177	cellular organisms (no rank), Bacteria (domain), Bacillati (kingdom), Actinomycetota (phylum), Actinomycetes (class), Streptosporangiales (order), Streptosporangiaceae (family), Nonomuraea (genus)	131567 (no rank), 2 (domain), 1783272 (kingdom), 201174 (phylum), 1760 (class), 85012 (order), 2004 (family), 83681 (genus)	285	unreviewed
A0A1I4AJK7	A0A1I4AJK7_9ACTN	Streptosporangium canum	324952	cellular organisms (no rank), Bacteria (domain), Bacillati (kingdom), Actinomycetota (phylum), Actinomycetes (class), Streptosporangiales (order), Streptosporangiaceae (family), Streptosporangium (genus)	131567 (no rank), 2 (domain), 1783272 (kingdom), 201174 (phylum), 1760 (class), 85012 (order), 2004 (family), 2000 (genus)	285	unreviewed
A0A1L7XBM8	A0A1L7XBM8_9HELO	Phialocephala subalpina	576137	cellular organisms (no rank), Eukaryota (domain), Opisthokonta (clade), Fungi (kingdom), Dikarya (subkingdom), Ascomycota (phylum), saccharomyceta (clade), Pezizomycotina (subphylum), leotiomyceta (clade), sordariomyceta (clade), Leotiomycetes (class), Helotiales (order), Mollisiaceae (family), Phialocephala (genus), Phialocephala fortinii species complex (no rank)	131567 (no rank), 2759 (domain), 33154 (clade), 4751 (kingdom), 451864 (subkingdom), 4890 (phylum), 716545 (clade), 147538 (subphylum), 716546 (clade), 715989 (clade), 147548 (class), 5178 (order), 2755564 (family), 150173 (genus), 576134 (no rank)	256	unreviewed
A0A1T4KK94	A0A1T4KK94_9ACTN	Marinactinospora thermotolerans DSM 45154	1122192	cellular organisms (no rank), Bacteria (domain), Bacillati (kingdom), Actinomycetota (phylum), Actinomycetes (class), Streptosporangiales (order), Nocardiopsidaceae (family), Marinactinospora (genus), Marinactinospora thermotolerans (species)	131567 (no rank), 2 (domain), 1783272 (kingdom), 201174 (phylum), 1760 (class), 85012 (order), 83676 (family), 647960 (genus), 531310 (species)	311	unreviewed
A0A1V3C6I0	A0A1V3C6I0_9ACTN	Nocardiopsis sinuspersici	501010	cellular organisms (no rank), Bacteria (domain), Bacillati (kingdom), Actinomycetota (phylum), Actinomycetes (class), Streptosporangiales (order), Nocardiopsidaceae (family), Nocardiopsis (genus)	131567 (no rank), 2 (domain), 1783272 (kingdom), 201174 (phylum), 1760 (class), 85012 (order), 83676 (family), 2013 (genus)	309	unreviewed
A0A1H6EII4	A0A1H6EII4_9ACTN	Nonomuraea solani	1144553	cellular organisms (no rank), Bacteria (domain), Bacillati (kingdom), Actinomycetota (phylum), Actinomycetes (class), Streptosporangiales (order), Streptosporangiaceae (family), Nonomuraea (genus)	131567 (no rank), 2 (domain), 1783272 (kingdom), 201174 (phylum), 1760 (class), 85012 (order), 2004 (family), 83681 (genus)	275	unreviewed
A0A1I0JU31	A0A1I0JU31_9ACTN	Nonomuraea wenchangensis	568860	cellular organisms (no rank), Bacteria (domain), Bacillati (kingdom), Actinomycetota (phylum), Actinomycetes (class), Streptosporangiales (order), Streptosporangiaceae (family), Nonomuraea (genus)	131567 (no rank), 2 (domain), 1783272 (kingdom), 201174 (phylum), 1760 (class), 85012 (order), 2004 (family), 83681 (genus)	316	unreviewed
A0A1I5FBR0	A0A1I5FBR0_9ACTN	Actinomadura madurae	1993	cellular organisms (no rank), Bacteria (domain), Bacillati (kingdom), Actinomycetota (phylum), Actinomycetes (class), Streptosporangiales (order), Thermomonosporaceae (family), Actinomadura (genus)	131567 (no rank), 2 (domain), 1783272 (kingdom), 201174 (phylum), 1760 (class), 85012 (order), 2012 (family), 1988 (genus)	299	unreviewed
A0A1I5RT09	A0A1I5RT09_9ACTN	Actinomadura madurae	1993	cellular organisms (no rank), Bacteria (domain), Bacillati (kingdom), Actinomycetota (phylum), Actinomycetes (class), Streptosporangiales (order), Thermomonosporaceae (family), Actinomadura (genus)	131567 (no rank), 2 (domain), 1783272 (kingdom), 201174 (phylum), 1760 (class), 85012 (order), 2012 (family), 1988 (genus)	292	unreviewed
A0A1W6L588	A0A1W6L588_9BURK	Piscinibacter gummiphilus	946333	cellular organisms (no rank), Bacteria (domain), Pseudomonadati (kingdom), Pseudomonadota (phylum), Betaproteobacteria (class), Burkholderiales (order), Sphaerotilaceae (family), Piscinibacter (genus)	131567 (no rank), 2 (domain), 3379134 (kingdom), 1224 (phylum), 28216 (class), 80840 (order), 2975441 (family), 1114981 (genus)	292	unreviewed
A0A0A6XB90	A0A0A6XB90_ACTUT	Actinoplanes utahensis	1869	cellular organisms (no rank), Bacteria (domain), Bacillati (kingdom), Actinomycetota (phylum), Actinomycetes (class), Micromonosporales (order), Micromonosporaceae (family), Actinoplanes (genus)	131567 (no rank), 2 (domain), 1783272 (kingdom), 201174 (phylum), 1760 (class), 85008 (order), 28056 (family), 1865 (genus)	271	unreviewed
A0A0M3TBT0	A0A0M3TBT0_9ACTN	Lawsonella clevelandensis	1528099	cellular organisms (no rank), Bacteria (domain), Bacillati (kingdom), Actinomycetota (phylum), Actinomycetes (class), Mycobacteriales (order), Lawsonellaceae (family), Lawsonella (genus)	131567 (no rank), 2 (domain), 1783272 (kingdom), 201174 (phylum), 1760 (class), 85007 (order), 2805586 (family), 1847725 (genus)	340	unreviewed
A0A1H1LGD1	A0A1H1LGD1_9GAMM	Halopseudomonas sabulinigri	472181	cellular organisms (no rank), Bacteria (domain), Pseudomonadati (kingdom), Pseudomonadota (phylum), Gammaproteobacteria (class), Pseudomonadales (order), Pseudomonadaceae (family), Halopseudomonas (genus)	131567 (no rank), 2 (domain), 3379134 (kingdom), 1224 (phylum), 1236 (class), 72274 (order), 135621 (family), 2901189 (genus)	289	unreviewed
A0A1H5RL57	A0A1H5RL57_9PSEU	Amycolatopsis pretoriensis	218821	cellular organisms (no rank), Bacteria (domain), Bacillati (kingdom), Actinomycetota (phylum), Actinomycetes (class), Pseudonocardiales (order), Pseudonocardiaceae (family), Amycolatopsis (genus)	131567 (no rank), 2 (domain), 1783272 (kingdom), 201174 (phylum), 1760 (class), 85010 (order), 2070 (family), 1813 (genus)	308	unreviewed
A0A1I5MC99	A0A1I5MC99_9PSEU	Amycolatopsis arida	587909	cellular organisms (no rank), Bacteria (domain), Bacillati (kingdom), Actinomycetota (phylum), Actinomycetes (class), Pseudonocardiales (order), Pseudonocardiaceae (family), Amycolatopsis (genus)	131567 (no rank), 2 (domain), 1783272 (kingdom), 201174 (phylum), 1760 (class), 85010 (order), 2070 (family), 1813 (genus)	305	unreviewed
A0A1M6K991	A0A1M6K991_9BACT	Tangfeifania diversioriginum	1168035	cellular organisms (no rank), Bacteria (domain), Pseudomonadati (kingdom), FCB group (clade), Bacteroidota/Chlorobiota group (clade), Bacteroidota (phylum), Bacteroidia (class), Marinilabiliales (order), Prolixibacteraceae (family), Tangfeifania (genus)	131567 (no rank), 2 (domain), 3379134 (kingdom), 1783270 (clade), 68336 (clade), 976 (phylum), 200643 (class), 1970189 (order), 1471398 (family), 1649501 (genus)	303	unreviewed
A0A1M7II12	A0A1M7II12_9ACTN	Cryptosporangium aurantiacum	134849	cellular organisms (no rank), Bacteria (domain), Bacillati (kingdom), Actinomycetota (phylum), Actinomycetes (class), Cryptosporangiales (order), Cryptosporangiaceae (family), Cryptosporangium (genus)	131567 (no rank), 2 (domain), 1783272 (kingdom), 201174 (phylum), 1760 (class), 2495577 (order), 622454 (family), 65502 (genus)	299	unreviewed
A0A1N7PE55	A0A1N7PE55_9GAMM	Thalassolituus maritimus	484498	cellular organisms (no rank), Bacteria (domain), Pseudomonadati (kingdom), Pseudomonadota (phylum), Gammaproteobacteria (class), Oceanospirillales (order), Oceanospirillaceae (family), Thalassolituus (genus)	131567 (no rank), 2 (domain), 3379134 (kingdom), 1224 (phylum), 1236 (class), 135619 (order), 135620 (family), 187492 (genus)	292	unreviewed
A0A0D3J3J8	A0A0D3J3J8_EMIH1	Emiliania huxleyi (strain CCMP1516)	280463	cellular organisms (no rank), Eukaryota (domain), Haptista (clade), Haptophyta (phylum), Prymnesiophyceae (clade), Isochrysidales (order), Noelaerhabdaceae (family), Emiliania (genus), Emiliania huxleyi (species)	131567 (no rank), 2759 (domain), 2608109 (clade), 2830 (phylum), 2608131 (clade), 73020 (order), 418966 (family), 2902 (genus), 2903 (species)	346	unreviewed
A0A0D8JF23	A0A0D8JF23_9BACT	Draconibacterium sediminis	1544798	cellular organisms (no rank), Bacteria (domain), Pseudomonadati (kingdom), FCB group (clade), Bacteroidota/Chlorobiota group (clade), Bacteroidota (phylum), Bacteroidia (class), Marinilabiliales (order), Prolixibacteraceae (family), Draconibacterium (genus)	131567 (no rank), 2 (domain), 3379134 (kingdom), 1783270 (clade), 68336 (clade), 976 (phylum), 200643 (class), 1970189 (order), 1471398 (family), 1471399 (genus)	296	unreviewed
A0A154MM18	A0A154MM18_9PSEU	Amycolatopsis regifaucium	546365	cellular organisms (no rank), Bacteria (domain), Bacillati (kingdom), Actinomycetota (phylum), Actinomycetes (class), Pseudonocardiales (order), Pseudonocardiaceae (family), Amycolatopsis (genus)	131567 (no rank), 2 (domain), 1783272 (kingdom), 201174 (phylum), 1760 (class), 85010 (order), 2070 (family), 1813 (genus)	281	unreviewed
A0A1D9PE29	A0A1D9PE29_9FLAO	Flavobacterium commune	1306519	cellular organisms (no rank), Bacteria (domain), Pseudomonadati (kingdom), FCB group (clade), Bacteroidota/Chlorobiota group (clade), Bacteroidota (phylum), Flavobacteriia (class), Flavobacteriales (order), Flavobacteriaceae (family), Flavobacterium (genus)	131567 (no rank), 2 (domain), 3379134 (kingdom), 1783270 (clade), 68336 (clade), 976 (phylum), 117743 (class), 200644 (order), 49546 (family), 237 (genus)	348	unreviewed
A0A1G4TQ35	A0A1G4TQ35_9CAUL	Asticcacaulis taihuensis	260084	cellular organisms (no rank), Bacteria (domain), Pseudomonadati (kingdom), Pseudomonadota (phylum), Alphaproteobacteria (class), Caulobacterales (order), Caulobacteraceae (family), Asticcacaulis (genus)	131567 (no rank), 2 (domain), 3379134 (kingdom), 1224 (phylum), 28211 (class), 204458 (order), 76892 (family), 76890 (genus)	328	unreviewed
A0A1G6Q5G2	A0A1G6Q5G2_9PSEU	Actinokineospora iranica	1271860	cellular organisms (no rank), Bacteria (domain), Bacillati (kingdom), Actinomycetota (phylum), Actinomycetes (class), Pseudonocardiales (order), Pseudonocardiaceae (family), Actinokineospora (genus)	131567 (no rank), 2 (domain), 1783272 (kingdom), 201174 (phylum), 1760 (class), 85010 (order), 2070 (family), 39845 (genus)	290	unreviewed
A0A1G6SVB0	A0A1G6SVB0_9NOCA	Rhodococcus tukisamuensis	168276	cellular organisms (no rank), Bacteria (domain), Bacillati (kingdom), Actinomycetota (phylum), Actinomycetes (class), Mycobacteriales (order), Nocardiaceae (family), Rhodococcus (genus)	131567 (no rank), 2 (domain), 1783272 (kingdom), 201174 (phylum), 1760 (class), 85007 (order), 85025 (family), 1827 (genus)	325	unreviewed
A0A1L6JA44	A0A1L6JA44_9SPHN	Sphingomonas koreensis	93064	cellular organisms (no rank), Bacteria (domain), Pseudomonadati (kingdom), Pseudomonadota (phylum), Alphaproteobacteria (class), Sphingomonadales (order), Sphingomonadaceae (family), Sphingomonas (genus)	131567 (no rank), 2 (domain), 3379134 (kingdom), 1224 (phylum), 28211 (class), 204457 (order), 41297 (family), 13687 (genus)	319	unreviewed
A0A1N7PDU8	A0A1N7PDU8_9GAMM	Thalassolituus maritimus	484498	cellular organisms (no rank), Bacteria (domain), Pseudomonadati (kingdom), Pseudomonadota (phylum), Gammaproteobacteria (class), Oceanospirillales (order), Oceanospirillaceae (family), Thalassolituus (genus)	131567 (no rank), 2 (domain), 3379134 (kingdom), 1224 (phylum), 1236 (class), 135619 (order), 135620 (family), 187492 (genus)	292	unreviewed
A0A1Y6BLH8	A0A1Y6BLH8_9BACT	Pseudobacteriovorax antillogorgiicola	1513793	cellular organisms (no rank), Bacteria (domain), Pseudomonadati (kingdom), Bdellovibrionota (phylum), Oligoflexia (class), Oligoflexales (order), Pseudobacteriovoracaceae (family), Pseudobacteriovorax (genus)	131567 (no rank), 2 (domain), 3379134 (kingdom), 3018035 (phylum), 1553900 (class), 1553901 (order), 1769745 (family), 1769746 (genus)	333	unreviewed
A0A231HFG4	A0A231HFG4_9NOCA	Nocardia cerradoensis	85688	cellular organisms (no rank), Bacteria (domain), Bacillati (kingdom), Actinomycetota (phylum), Actinomycetes (class), Mycobacteriales (order), Nocardiaceae (family), Nocardia (genus)	131567 (no rank), 2 (domain), 1783272 (kingdom), 201174 (phylum), 1760 (class), 85007 (order), 85025 (family), 1817 (genus)	322	unreviewed
A0A0C1CY98	A0A0C1CY98_9FLAO	Kaistella jeonii	266749	cellular organisms (no rank), Bacteria (domain), Pseudomonadati (kingdom), FCB group (clade), Bacteroidota/Chlorobiota group (clade), Bacteroidota (phylum), Flavobacteriia (class), Flavobacteriales (order), Weeksellaceae (family), Chryseobacterium group (no rank), Kaistella (genus)	131567 (no rank), 2 (domain), 3379134 (kingdom), 1783270 (clade), 68336 (clade), 976 (phylum), 117743 (class), 200644 (order), 2762318 (family), 2782232 (no rank), 2782231 (genus)	282	unreviewed
A0A0D3JWZ2	A0A0D3JWZ2_EMIH1	Emiliania huxleyi (strain CCMP1516)	280463	cellular organisms (no rank), Eukaryota (domain), Haptista (clade), Haptophyta (phylum), Prymnesiophyceae (clade), Isochrysidales (order), Noelaerhabdaceae (family), Emiliania (genus), Emiliania huxleyi (species)	131567 (no rank), 2759 (domain), 2608109 (clade), 2830 (phylum), 2608131 (clade), 73020 (order), 418966 (family), 2902 (genus), 2903 (species)	329	unreviewed
A0A1B2HPK5	A0A1B2HPK5_9PSEU	Lentzea guizhouensis	1586287	cellular organisms (no rank), Bacteria (domain), Bacillati (kingdom), Actinomycetota (phylum), Actinomycetes (class), Pseudonocardiales (order), Pseudonocardiaceae (family), Lentzea (genus)	131567 (no rank), 2 (domain), 1783272 (kingdom), 201174 (phylum), 1760 (class), 85010 (order), 2070 (family), 165301 (genus)	293	unreviewed
A0A1J0VN38	A0A1J0VN38_9NOCA	Nocardia mangyaensis	2213200	cellular organisms (no rank), Bacteria (domain), Bacillati (kingdom), Actinomycetota (phylum), Actinomycetes (class), Mycobacteriales (order), Nocardiaceae (family), Nocardia (genus)	131567 (no rank), 2 (domain), 1783272 (kingdom), 201174 (phylum), 1760 (class), 85007 (order), 85025 (family), 1817 (genus)	333	unreviewed
A0A225C6B8	A0A225C6B8_9MICO	Clavibacter tessellarius	31965	cellular organisms (no rank), Bacteria (domain), Bacillati (kingdom), Actinomycetota (phylum), Actinomycetes (class), Micrococcales (order), Microbacteriaceae (family), Clavibacter (genus)	131567 (no rank), 2 (domain), 1783272 (kingdom), 201174 (phylum), 1760 (class), 85006 (order), 85023 (family), 1573 (genus)	302	unreviewed
A0A075UPJ7	A0A075UPJ7_9PSEU	Amycolatopsis japonica	208439	cellular organisms (no rank), Bacteria (domain), Bacillati (kingdom), Actinomycetota (phylum), Actinomycetes (class), Pseudonocardiales (order), Pseudonocardiaceae (family), Amycolatopsis (genus), Amycolatopsis japonica group (no rank)	131567 (no rank), 2 (domain), 1783272 (kingdom), 201174 (phylum), 1760 (class), 85010 (order), 2070 (family), 1813 (genus), 2893673 (no rank)	275	unreviewed
A0A0D3IET5	A0A0D3IET5_EMIH1	Emiliania huxleyi (strain CCMP1516)	280463	cellular organisms (no rank), Eukaryota (domain), Haptista (clade), Haptophyta (phylum), Prymnesiophyceae (clade), Isochrysidales (order), Noelaerhabdaceae (family), Emiliania (genus), Emiliania huxleyi (species)	131567 (no rank), 2759 (domain), 2608109 (clade), 2830 (phylum), 2608131 (clade), 73020 (order), 418966 (family), 2902 (genus), 2903 (species)	342	unreviewed
A0A0D3JPC9	A0A0D3JPC9_EMIH1	Emiliania huxleyi (strain CCMP1516)	280463	cellular organisms (no rank), Eukaryota (domain), Haptista (clade), Haptophyta (phylum), Prymnesiophyceae (clade), Isochrysidales (order), Noelaerhabdaceae (family), Emiliania (genus), Emiliania huxleyi (species)	131567 (no rank), 2759 (domain), 2608109 (clade), 2830 (phylum), 2608131 (clade), 73020 (order), 418966 (family), 2902 (genus), 2903 (species)	330	unreviewed
A0A0D3JX57	A0A0D3JX57_EMIH1	Emiliania huxleyi (strain CCMP1516)	280463	cellular organisms (no rank), Eukaryota (domain), Haptista (clade), Haptophyta (phylum), Prymnesiophyceae (clade), Isochrysidales (order), Noelaerhabdaceae (family), Emiliania (genus), Emiliania huxleyi (species)	131567 (no rank), 2759 (domain), 2608109 (clade), 2830 (phylum), 2608131 (clade), 73020 (order), 418966 (family), 2902 (genus), 2903 (species)	307	unreviewed
A0A0N9IER5	A0A0N9IER5_9PSEU	Kibdelosporangium phytohabitans	860235	cellular organisms (no rank), Bacteria (domain), Bacillati (kingdom), Actinomycetota (phylum), Actinomycetes (class), Pseudonocardiales (order), Pseudonocardiaceae (family), Kibdelosporangium (genus)	131567 (no rank), 2 (domain), 1783272 (kingdom), 201174 (phylum), 1760 (class), 85010 (order), 2070 (family), 2029 (genus)	289	unreviewed
A0A0S2KB11	A0A0S2KB11_9GAMM	Pseudohongiella spirulinae	1249552	cellular organisms (no rank), Bacteria (domain), Pseudomonadati (kingdom), Pseudomonadota (phylum), Gammaproteobacteria (class), Pseudomonadales (order), Pseudohongiellaceae (family), Pseudohongiella (genus)	131567 (no rank), 2 (domain), 3379134 (kingdom), 1224 (phylum), 1236 (class), 72274 (order), 3085095 (family), 1524249 (genus)	289	unreviewed
A0A143BU21	A0A143BU21_9ACTN	Streptomyces qaidamensis	1783515	cellular organisms (no rank), Bacteria (domain), Bacillati (kingdom), Actinomycetota (phylum), Actinomycetes (class), Kitasatosporales (order), Streptomycetaceae (family), Streptomyces (genus), Streptomyces aurantiacus group (no rank)	131567 (no rank), 2 (domain), 1783272 (kingdom), 201174 (phylum), 1760 (class), 85011 (order), 2062 (family), 1883 (genus), 2838335 (no rank)	294	unreviewed
A0A1H0TFE8	A0A1H0TFE8_9GAMM	Ectopseudomonas guguanensis	1198456	cellular organisms (no rank), Bacteria (domain), Pseudomonadati (kingdom), Pseudomonadota (phylum), Gammaproteobacteria (class), Pseudomonadales (order), Pseudomonadaceae (family), Ectopseudomonas (genus)	131567 (no rank), 2 (domain), 3379134 (kingdom), 1224 (phylum), 1236 (class), 72274 (order), 135621 (family), 3236654 (genus)	280	unreviewed
A0A1H2UBE2	A0A1H2UBE2_9PSEU	Amycolatopsis xylanica	589385	cellular organisms (no rank), Bacteria (domain), Bacillati (kingdom), Actinomycetota (phylum), Actinomycetes (class), Pseudonocardiales (order), Pseudonocardiaceae (family), Amycolatopsis (genus)	131567 (no rank), 2 (domain), 1783272 (kingdom), 201174 (phylum), 1760 (class), 85010 (order), 2070 (family), 1813 (genus)	277	unreviewed
A0A1I5FV26	A0A1I5FV26_9FIRM	Anaerocolumna aminovalerica	1527	cellular organisms (no rank), Bacteria (domain), Bacillati (kingdom), Bacillota (phylum), Clostridia (class), Lachnospirales (order), Lachnospiraceae (family), Anaerocolumna (genus)	131567 (no rank), 2 (domain), 1783272 (kingdom), 1239 (phylum), 186801 (class), 3085636 (order), 186803 (family), 1843210 (genus)	301	unreviewed
A0A1Q9LLV5	A0A1Q9LLV5_9PSEU	Actinokineospora bangkokensis	1193682	cellular organisms (no rank), Bacteria (domain), Bacillati (kingdom), Actinomycetota (phylum), Actinomycetes (class), Pseudonocardiales (order), Pseudonocardiaceae (family), Actinokineospora (genus)	131567 (no rank), 2 (domain), 1783272 (kingdom), 201174 (phylum), 1760 (class), 85010 (order), 2070 (family), 39845 (genus)	281	unreviewed
A0A1V0B1Z0	A0A1V0B1Z0_9GAMM	Halopseudomonas phragmitis	1931241	cellular organisms (no rank), Bacteria (domain), Pseudomonadati (kingdom), Pseudomonadota (phylum), Gammaproteobacteria (class), Pseudomonadales (order), Pseudomonadaceae (family), Halopseudomonas (genus)	131567 (no rank), 2 (domain), 3379134 (kingdom), 1224 (phylum), 1236 (class), 72274 (order), 135621 (family), 2901189 (genus)	309	unreviewed
A0A1W6LF85	A0A1W6LF85_9BURK	Piscinibacter gummiphilus	946333	cellular organisms (no rank), Bacteria (domain), Pseudomonadati (kingdom), Pseudomonadota (phylum), Betaproteobacteria (class), Burkholderiales (order), Sphaerotilaceae (family), Piscinibacter (genus)	131567 (no rank), 2 (domain), 3379134 (kingdom), 1224 (phylum), 28216 (class), 80840 (order), 2975441 (family), 1114981 (genus)	291	unreviewed
A0A1Y6CJU8	A0A1Y6CJU8_9BACT	Pseudobacteriovorax antillogorgiicola	1513793	cellular organisms (no rank), Bacteria (domain), Pseudomonadati (kingdom), Bdellovibrionota (phylum), Oligoflexia (class), Oligoflexales (order), Pseudobacteriovoracaceae (family), Pseudobacteriovorax (genus)	131567 (no rank), 2 (domain), 3379134 (kingdom), 3018035 (phylum), 1553900 (class), 1553901 (order), 1769745 (family), 1769746 (genus)	330	unreviewed
A0A066TML8	A0A066TML8_9PSEU	Amycolatopsis rifamycinica	287986	cellular organisms (no rank), Bacteria (domain), Bacillati (kingdom), Actinomycetota (phylum), Actinomycetes (class), Pseudonocardiales (order), Pseudonocardiaceae (family), Amycolatopsis (genus)	131567 (no rank), 2 (domain), 1783272 (kingdom), 201174 (phylum), 1760 (class), 85010 (order), 2070 (family), 1813 (genus)	308	unreviewed
A0A075V281	A0A075V281_9PSEU	Amycolatopsis japonica	208439	cellular organisms (no rank), Bacteria (domain), Bacillati (kingdom), Actinomycetota (phylum), Actinomycetes (class), Pseudonocardiales (order), Pseudonocardiaceae (family), Amycolatopsis (genus), Amycolatopsis japonica group (no rank)	131567 (no rank), 2 (domain), 1783272 (kingdom), 201174 (phylum), 1760 (class), 85010 (order), 2070 (family), 1813 (genus), 2893673 (no rank)	279	unreviewed
A0A154MFQ9	A0A154MFQ9_9PSEU	Amycolatopsis regifaucium	546365	cellular organisms (no rank), Bacteria (domain), Bacillati (kingdom), Actinomycetota (phylum), Actinomycetes (class), Pseudonocardiales (order), Pseudonocardiaceae (family), Amycolatopsis (genus)	131567 (no rank), 2 (domain), 1783272 (kingdom), 201174 (phylum), 1760 (class), 85010 (order), 2070 (family), 1813 (genus)	281	unreviewed
A0A1G6T100	A0A1G6T100_9NOCA	Rhodococcus tukisamuensis	168276	cellular organisms (no rank), Bacteria (domain), Bacillati (kingdom), Actinomycetota (phylum), Actinomycetes (class), Mycobacteriales (order), Nocardiaceae (family), Rhodococcus (genus)	131567 (no rank), 2 (domain), 1783272 (kingdom), 201174 (phylum), 1760 (class), 85007 (order), 85025 (family), 1827 (genus)	305	unreviewed
A0A1H2ERN9	A0A1H2ERN9_9GAMM	Halopseudomonas salegens	1434072	cellular organisms (no rank), Bacteria (domain), Pseudomonadati (kingdom), Pseudomonadota (phylum), Gammaproteobacteria (class), Pseudomonadales (order), Pseudomonadaceae (family), Halopseudomonas (genus)	131567 (no rank), 2 (domain), 3379134 (kingdom), 1224 (phylum), 1236 (class), 72274 (order), 135621 (family), 2901189 (genus)	289	unreviewed
A0A1M4ZEU0	A0A1M4ZEU0_9BACT	Cnuella takakiae	1302690	cellular organisms (no rank), Bacteria (domain), Pseudomonadati (kingdom), FCB group (clade), Bacteroidota/Chlorobiota group (clade), Bacteroidota (phylum), Chitinophagia (class), Chitinophagales (order), Chitinophagaceae (family), Cnuella (genus)	131567 (no rank), 2 (domain), 3379134 (kingdom), 1783270 (clade), 68336 (clade), 976 (phylum), 1853228 (class), 1853229 (order), 563835 (family), 1648511 (genus)	306	unreviewed
A0A1S8DKK6	A0A1S8DKK6_9GAMM	Halopseudomonas pachastrellae	254161	cellular organisms (no rank), Bacteria (domain), Pseudomonadati (kingdom), Pseudomonadota (phylum), Gammaproteobacteria (class), Pseudomonadales (order), Pseudomonadaceae (family), Halopseudomonas (genus)	131567 (no rank), 2 (domain), 3379134 (kingdom), 1224 (phylum), 1236 (class), 72274 (order), 135621 (family), 2901189 (genus)	304	unreviewed
A0A1Y5XXE4	A0A1Y5XXE4_KIBAR	Kibdelosporangium aridum	2030	cellular organisms (no rank), Bacteria (domain), Bacillati (kingdom), Actinomycetota (phylum), Actinomycetes (class), Pseudonocardiales (order), Pseudonocardiaceae (family), Kibdelosporangium (genus)	131567 (no rank), 2 (domain), 1783272 (kingdom), 201174 (phylum), 1760 (class), 85010 (order), 2070 (family), 2029 (genus)	276	unreviewed
A0A2J8C362	CUTI1_VERDV	Verticillium dahliae (strain VdLs.17 / ATCC MYA-4575 / FGSC 10137) (Verticillium wilt)	498257	cellular organisms (no rank), Eukaryota (domain), Opisthokonta (clade), Fungi (kingdom), Dikarya (subkingdom), Ascomycota (phylum), saccharomyceta (clade), Pezizomycotina (subphylum), leotiomyceta (clade), sordariomyceta (clade), Sordariomycetes (class), Hypocreomycetidae (subclass), Glomerellales (order), Plectosphaerellaceae (family), Verticillium (genus), Verticillium dahliae (species)	131567 (no rank), 2759 (domain), 33154 (clade), 4751 (kingdom), 451864 (subkingdom), 4890 (phylum), 716545 (clade), 147538 (subphylum), 716546 (clade), 715989 (clade), 147550 (class), 222543 (subclass), 1028384 (order), 1033978 (family), 1036719 (genus), 27337 (species)	295	reviewed
A0A4U0TZC6	A0A4U0TZC6_9PEZI	Salinomyces thailandicus	706561	cellular organisms (no rank), Eukaryota (domain), Opisthokonta (clade), Fungi (kingdom), Dikarya (subkingdom), Ascomycota (phylum), saccharomyceta (clade), Pezizomycotina (subphylum), leotiomyceta (clade), dothideomyceta (clade), Dothideomycetes (class), Dothideomycetidae (subclass), Mycosphaerellales (order), Teratosphaeriaceae (family), Salinomyces (genus)	131567 (no rank), 2759 (domain), 33154 (clade), 4751 (kingdom), 451864 (subkingdom), 4890 (phylum), 716545 (clade), 147538 (subphylum), 716546 (clade), 715962 (clade), 147541 (class), 451867 (subclass), 2726947 (order), 668547 (family), 2905158 (genus)	268	unreviewed
A0A365HAJ8	A0A365HAJ8_9ACTN	Actinomadura craniellae	2231787	cellular organisms (no rank), Bacteria (domain), Bacillati (kingdom), Actinomycetota (phylum), Actinomycetes (class), Streptosporangiales (order), Thermomonosporaceae (family), Actinomadura (genus)	131567 (no rank), 2 (domain), 1783272 (kingdom), 201174 (phylum), 1760 (class), 85012 (order), 2012 (family), 1988 (genus)	289	unreviewed
A0A3D8RFV8	A0A3D8RFV8_9HELO	Coleophoma cylindrospora	1849047	cellular organisms (no rank), Eukaryota (domain), Opisthokonta (clade), Fungi (kingdom), Dikarya (subkingdom), Ascomycota (phylum), saccharomyceta (clade), Pezizomycotina (subphylum), leotiomyceta (clade), sordariomyceta (clade), Leotiomycetes (class), Helotiales (order), Dermateaceae (family), Coleophoma (genus)	131567 (no rank), 2759 (domain), 33154 (clade), 4751 (kingdom), 451864 (subkingdom), 4890 (phylum), 716545 (clade), 147538 (subphylum), 716546 (clade), 715989 (clade), 147548 (class), 5178 (order), 76657 (family), 453209 (genus)	332	unreviewed
A0A2W1DFW0	A0A2W1DFW0_9PLEO	Pyrenophora tritici-repentis	45151	cellular organisms (no rank), Eukaryota (domain), Opisthokonta (clade), Fungi (kingdom), Dikarya (subkingdom), Ascomycota (phylum), saccharomyceta (clade), Pezizomycotina (subphylum), leotiomyceta (clade), dothideomyceta (clade), Dothideomycetes (class), Pleosporomycetidae (subclass), Pleosporales (order), Pleosporineae (suborder), Pleosporaceae (family), Pyrenophora (genus)	131567 (no rank), 2759 (domain), 33154 (clade), 4751 (kingdom), 451864 (subkingdom), 4890 (phylum), 716545 (clade), 147538 (subphylum), 716546 (clade), 715962 (clade), 147541 (class), 451868 (subclass), 92860 (order), 715340 (suborder), 28556 (family), 5027 (genus)	253	unreviewed
A0A2P5HJM6	A0A2P5HJM6_DIAHE	Diaporthe helianthi	158607	cellular organisms (no rank), Eukaryota (domain), Opisthokonta (clade), Fungi (kingdom), Dikarya (subkingdom), Ascomycota (phylum), saccharomyceta (clade), Pezizomycotina (subphylum), leotiomyceta (clade), sordariomyceta (clade), Sordariomycetes (class), Sordariomycetidae (subclass), Diaporthales (order), Diaporthaceae (family), Diaporthe (genus)	131567 (no rank), 2759 (domain), 33154 (clade), 4751 (kingdom), 451864 (subkingdom), 4890 (phylum), 716545 (clade), 147538 (subphylum), 716546 (clade), 715989 (clade), 147550 (class), 222544 (subclass), 5114 (order), 767018 (family), 36922 (genus)	325	unreviewed
A0A243RI45	A0A243RI45_9ACTN	Streptosporangium minutum	569862	cellular organisms (no rank), Bacteria (domain), Bacillati (kingdom), Actinomycetota (phylum), Actinomycetes (class), Streptosporangiales (order), Streptosporangiaceae (family), Streptosporangium (genus)	131567 (no rank), 2 (domain), 1783272 (kingdom), 201174 (phylum), 1760 (class), 85012 (order), 2004 (family), 2000 (genus)	285	unreviewed
A0A2P4UDC3	A0A2P4UDC3_9ACTN	Actinomadura rubteroloni	1926885	cellular organisms (no rank), Bacteria (domain), Bacillati (kingdom), Actinomycetota (phylum), Actinomycetes (class), Streptosporangiales (order), Thermomonosporaceae (family), Actinomadura (genus)	131567 (no rank), 2 (domain), 1783272 (kingdom), 201174 (phylum), 1760 (class), 85012 (order), 2012 (family), 1988 (genus)	295	unreviewed
A0A2P4UJS9	A0A2P4UJS9_9ACTN	Actinomadura rubteroloni	1926885	cellular organisms (no rank), Bacteria (domain), Bacillati (kingdom), Actinomycetota (phylum), Actinomycetes (class), Streptosporangiales (order), Thermomonosporaceae (family), Actinomadura (genus)	131567 (no rank), 2 (domain), 1783272 (kingdom), 201174 (phylum), 1760 (class), 85012 (order), 2012 (family), 1988 (genus)	298	unreviewed
A0A2W2EN64	A0A2W2EN64_9ACTN	Nonomuraea aridisoli	2070368	cellular organisms (no rank), Bacteria (domain), Bacillati (kingdom), Actinomycetota (phylum), Actinomycetes (class), Streptosporangiales (order), Streptosporangiaceae (family), Nonomuraea (genus)	131567 (no rank), 2 (domain), 1783272 (kingdom), 201174 (phylum), 1760 (class), 85012 (order), 2004 (family), 83681 (genus)	296	unreviewed
A0A365GXM3	A0A365GXM3_9ACTN	Actinomadura craniellae	2231787	cellular organisms (no rank), Bacteria (domain), Bacillati (kingdom), Actinomycetota (phylum), Actinomycetes (class), Streptosporangiales (order), Thermomonosporaceae (family), Actinomadura (genus)	131567 (no rank), 2 (domain), 1783272 (kingdom), 201174 (phylum), 1760 (class), 85012 (order), 2012 (family), 1988 (genus)	292	unreviewed
A0A365H0G7	A0A365H0G7_9ACTN	Actinomadura craniellae	2231787	cellular organisms (no rank), Bacteria (domain), Bacillati (kingdom), Actinomycetota (phylum), Actinomycetes (class), Streptosporangiales (order), Thermomonosporaceae (family), Actinomadura (genus)	131567 (no rank), 2 (domain), 1783272 (kingdom), 201174 (phylum), 1760 (class), 85012 (order), 2012 (family), 1988 (genus)	292	unreviewed
A0A365H6K8	A0A365H6K8_9ACTN	Actinomadura craniellae	2231787	cellular organisms (no rank), Bacteria (domain), Bacillati (kingdom), Actinomycetota (phylum), Actinomycetes (class), Streptosporangiales (order), Thermomonosporaceae (family), Actinomadura (genus)	131567 (no rank), 2 (domain), 1783272 (kingdom), 201174 (phylum), 1760 (class), 85012 (order), 2012 (family), 1988 (genus)	280	unreviewed
A0A365H755	A0A365H755_9ACTN	Actinomadura craniellae	2231787	cellular organisms (no rank), Bacteria (domain), Bacillati (kingdom), Actinomycetota (phylum), Actinomycetes (class), Streptosporangiales (order), Thermomonosporaceae (family), Actinomadura (genus)	131567 (no rank), 2 (domain), 1783272 (kingdom), 201174 (phylum), 1760 (class), 85012 (order), 2012 (family), 1988 (genus)	288	unreviewed
A0A3D9SPQ3	A0A3D9SPQ3_9ACTN	Thermomonospora umbrina	111806	cellular organisms (no rank), Bacteria (domain), Bacillati (kingdom), Actinomycetota (phylum), Actinomycetes (class), Streptosporangiales (order), Thermomonosporaceae (family), Thermomonospora (genus)	131567 (no rank), 2 (domain), 1783272 (kingdom), 201174 (phylum), 1760 (class), 85012 (order), 2012 (family), 2019 (genus)	291	unreviewed
A0A3N0E3M2	A0A3N0E3M2_9ACTN	Halostreptopolyspora alba	2487137	cellular organisms (no rank), Bacteria (domain), Bacillati (kingdom), Actinomycetota (phylum), Actinomycetes (class), Streptosporangiales (order), Nocardiopsidaceae (family), Halostreptopolyspora (genus)	131567 (no rank), 2 (domain), 1783272 (kingdom), 201174 (phylum), 1760 (class), 85012 (order), 83676 (family), 3373668 (genus)	282	unreviewed
A0A3N1CRP0	A0A3N1CRP0_9ACTN	Actinocorallia herbida	58109	cellular organisms (no rank), Bacteria (domain), Bacillati (kingdom), Actinomycetota (phylum), Actinomycetes (class), Streptosporangiales (order), Thermomonosporaceae (family), Actinocorallia (genus)	131567 (no rank), 2 (domain), 1783272 (kingdom), 201174 (phylum), 1760 (class), 85012 (order), 2012 (family), 58108 (genus)	288	unreviewed
A0A3N1D7Y0	A0A3N1D7Y0_9ACTN	Actinocorallia herbida	58109	cellular organisms (no rank), Bacteria (domain), Bacillati (kingdom), Actinomycetota (phylum), Actinomycetes (class), Streptosporangiales (order), Thermomonosporaceae (family), Actinocorallia (genus)	131567 (no rank), 2 (domain), 1783272 (kingdom), 201174 (phylum), 1760 (class), 85012 (order), 2012 (family), 58108 (genus)	292	unreviewed
A0A3N1DC31	A0A3N1DC31_9ACTN	Actinocorallia herbida	58109	cellular organisms (no rank), Bacteria (domain), Bacillati (kingdom), Actinomycetota (phylum), Actinomycetes (class), Streptosporangiales (order), Thermomonosporaceae (family), Actinocorallia (genus)	131567 (no rank), 2 (domain), 1783272 (kingdom), 201174 (phylum), 1760 (class), 85012 (order), 2012 (family), 58108 (genus)	305	unreviewed
A0A4U3MI12	A0A4U3MI12_9ACTN	Herbidospora galbida	2575442	cellular organisms (no rank), Bacteria (domain), Bacillati (kingdom), Actinomycetota (phylum), Actinomycetes (class), Streptosporangiales (order), Streptosporangiaceae (family), Herbidospora (genus)	131567 (no rank), 2 (domain), 1783272 (kingdom), 201174 (phylum), 1760 (class), 85012 (order), 2004 (family), 28443 (genus)	284	unreviewed
A0A4V2YA86	A0A4V2YA86_9ACTN	Nonomuraea deserti	1848322	cellular organisms (no rank), Bacteria (domain), Bacillati (kingdom), Actinomycetota (phylum), Actinomycetes (class), Streptosporangiales (order), Streptosporangiaceae (family), Nonomuraea (genus)	131567 (no rank), 2 (domain), 1783272 (kingdom), 201174 (phylum), 1760 (class), 85012 (order), 2004 (family), 83681 (genus)	275	unreviewed
A0A243RTG5	A0A243RTG5_9ACTN	Streptosporangium minutum	569862	cellular organisms (no rank), Bacteria (domain), Bacillati (kingdom), Actinomycetota (phylum), Actinomycetes (class), Streptosporangiales (order), Streptosporangiaceae (family), Streptosporangium (genus)	131567 (no rank), 2 (domain), 1783272 (kingdom), 201174 (phylum), 1760 (class), 85012 (order), 2004 (family), 2000 (genus)	320	unreviewed
A0A2B7XVR9	A0A2B7XVR9_9EURO	Helicocarpus griseus UAMH5409	1447875	cellular organisms (no rank), Eukaryota (domain), Opisthokonta (clade), Fungi (kingdom), Dikarya (subkingdom), Ascomycota (phylum), saccharomyceta (clade), Pezizomycotina (subphylum), leotiomyceta (clade), Eurotiomycetes (class), Eurotiomycetidae (subclass), Onygenales (order), Ajellomycetaceae (family), Helicocarpus (genus), Helicocarpus griseus (species)	131567 (no rank), 2759 (domain), 33154 (clade), 4751 (kingdom), 451864 (subkingdom), 4890 (phylum), 716545 (clade), 147538 (subphylum), 716546 (clade), 147545 (class), 451871 (subclass), 33183 (order), 299071 (family), 1745324 (genus), 121128 (species)	293	unreviewed
A0A2P4UDP6	A0A2P4UDP6_9ACTN	Actinomadura rubteroloni	1926885	cellular organisms (no rank), Bacteria (domain), Bacillati (kingdom), Actinomycetota (phylum), Actinomycetes (class), Streptosporangiales (order), Thermomonosporaceae (family), Actinomadura (genus)	131567 (no rank), 2 (domain), 1783272 (kingdom), 201174 (phylum), 1760 (class), 85012 (order), 2012 (family), 1988 (genus)	299	unreviewed
A0A2P5I627	A0A2P5I627_DIAHE	Diaporthe helianthi	158607	cellular organisms (no rank), Eukaryota (domain), Opisthokonta (clade), Fungi (kingdom), Dikarya (subkingdom), Ascomycota (phylum), saccharomyceta (clade), Pezizomycotina (subphylum), leotiomyceta (clade), sordariomyceta (clade), Sordariomycetes (class), Sordariomycetidae (subclass), Diaporthales (order), Diaporthaceae (family), Diaporthe (genus)	131567 (no rank), 2759 (domain), 33154 (clade), 4751 (kingdom), 451864 (subkingdom), 4890 (phylum), 716545 (clade), 147538 (subphylum), 716546 (clade), 715989 (clade), 147550 (class), 222544 (subclass), 5114 (order), 767018 (family), 36922 (genus)	251	unreviewed
A0A2T0MSV4	A0A2T0MSV4_9ACTN	Nonomuraea fuscirosea	1291556	cellular organisms (no rank), Bacteria (domain), Bacillati (kingdom), Actinomycetota (phylum), Actinomycetes (class), Streptosporangiales (order), Streptosporangiaceae (family), Nonomuraea (genus)	131567 (no rank), 2 (domain), 1783272 (kingdom), 201174 (phylum), 1760 (class), 85012 (order), 2004 (family), 83681 (genus)	280	unreviewed
A0A2T2NYK6	A0A2T2NYK6_CORCC	Corynespora cassiicola Philippines	1448308	cellular organisms (no rank), Eukaryota (domain), Opisthokonta (clade), Fungi (kingdom), Dikarya (subkingdom), Ascomycota (phylum), saccharomyceta (clade), Pezizomycotina (subphylum), leotiomyceta (clade), dothideomyceta (clade), Dothideomycetes (class), Pleosporomycetidae (subclass), Pleosporales (order), Corynesporascaceae (family), Corynespora (genus), Corynespora cassiicola (species)	131567 (no rank), 2759 (domain), 33154 (clade), 4751 (kingdom), 451864 (subkingdom), 4890 (phylum), 716545 (clade), 147538 (subphylum), 716546 (clade), 715962 (clade), 147541 (class), 451868 (subclass), 92860 (order), 281124 (family), 59585 (genus), 59586 (species)	280	unreviewed
A0A2T2ZRM5	A0A2T2ZRM5_9PEZI	Coniella lustricola	2025994	cellular organisms (no rank), Eukaryota (domain), Opisthokonta (clade), Fungi (kingdom), Dikarya (subkingdom), Ascomycota (phylum), saccharomyceta (clade), Pezizomycotina (subphylum), leotiomyceta (clade), sordariomyceta (clade), Sordariomycetes (class), Sordariomycetidae (subclass), Diaporthales (order), Schizoparmaceae (family), Coniella (genus)	131567 (no rank), 2759 (domain), 33154 (clade), 4751 (kingdom), 451864 (subkingdom), 4890 (phylum), 716545 (clade), 147538 (subphylum), 716546 (clade), 715989 (clade), 147550 (class), 222544 (subclass), 5114 (order), 1535530 (family), 172190 (genus)	277	unreviewed
A0A2V1DU88	A0A2V1DU88_9PLEO	Periconia macrospinosa	97972	cellular organisms (no rank), Eukaryota (domain), Opisthokonta (clade), Fungi (kingdom), Dikarya (subkingdom), Ascomycota (phylum), saccharomyceta (clade), Pezizomycotina (subphylum), leotiomyceta (clade), dothideomyceta (clade), Dothideomycetes (class), Pleosporomycetidae (subclass), Pleosporales (order), Massarineae (suborder), Periconiaceae (family), Periconia (genus)	131567 (no rank), 2759 (domain), 33154 (clade), 4751 (kingdom), 451864 (subkingdom), 4890 (phylum), 716545 (clade), 147538 (subphylum), 716546 (clade), 715962 (clade), 147541 (class), 451868 (subclass), 92860 (order), 1255046 (suborder), 1898439 (family), 97971 (genus)	259	unreviewed
A0A2W1CZT8	A0A2W1CZT8_9PLEO	Pyrenophora tritici-repentis	45151	cellular organisms (no rank), Eukaryota (domain), Opisthokonta (clade), Fungi (kingdom), Dikarya (subkingdom), Ascomycota (phylum), saccharomyceta (clade), Pezizomycotina (subphylum), leotiomyceta (clade), dothideomyceta (clade), Dothideomycetes (class), Pleosporomycetidae (subclass), Pleosporales (order), Pleosporineae (suborder), Pleosporaceae (family), Pyrenophora (genus)	131567 (no rank), 2759 (domain), 33154 (clade), 4751 (kingdom), 451864 (subkingdom), 4890 (phylum), 716545 (clade), 147538 (subphylum), 716546 (clade), 715962 (clade), 147541 (class), 451868 (subclass), 92860 (order), 715340 (suborder), 28556 (family), 5027 (genus)	251	unreviewed
A0A365H682	A0A365H682_9ACTN	Actinomadura craniellae	2231787	cellular organisms (no rank), Bacteria (domain), Bacillati (kingdom), Actinomycetota (phylum), Actinomycetes (class), Streptosporangiales (order), Thermomonosporaceae (family), Actinomadura (genus)	131567 (no rank), 2 (domain), 1783272 (kingdom), 201174 (phylum), 1760 (class), 85012 (order), 2012 (family), 1988 (genus)	288	unreviewed
A0A3D8QCA6	A0A3D8QCA6_9HELO	Coleophoma cylindrospora	1849047	cellular organisms (no rank), Eukaryota (domain), Opisthokonta (clade), Fungi (kingdom), Dikarya (subkingdom), Ascomycota (phylum), saccharomyceta (clade), Pezizomycotina (subphylum), leotiomyceta (clade), sordariomyceta (clade), Leotiomycetes (class), Helotiales (order), Dermateaceae (family), Coleophoma (genus)	131567 (no rank), 2759 (domain), 33154 (clade), 4751 (kingdom), 451864 (subkingdom), 4890 (phylum), 716545 (clade), 147538 (subphylum), 716546 (clade), 715989 (clade), 147548 (class), 5178 (order), 76657 (family), 453209 (genus)	258	unreviewed
A0A3D8RDQ0	A0A3D8RDQ0_9HELO	Coleophoma crateriformis	565419	cellular organisms (no rank), Eukaryota (domain), Opisthokonta (clade), Fungi (kingdom), Dikarya (subkingdom), Ascomycota (phylum), saccharomyceta (clade), Pezizomycotina (subphylum), leotiomyceta (clade), sordariomyceta (clade), Leotiomycetes (class), Helotiales (order), Dermateaceae (family), Coleophoma (genus)	131567 (no rank), 2759 (domain), 33154 (clade), 4751 (kingdom), 451864 (subkingdom), 4890 (phylum), 716545 (clade), 147538 (subphylum), 716546 (clade), 715989 (clade), 147548 (class), 5178 (order), 76657 (family), 453209 (genus)	254	unreviewed
A0A3D8S0C2	A0A3D8S0C2_9HELO	Coleophoma cylindrospora	1849047	cellular organisms (no rank), Eukaryota (domain), Opisthokonta (clade), Fungi (kingdom), Dikarya (subkingdom), Ascomycota (phylum), saccharomyceta (clade), Pezizomycotina (subphylum), leotiomyceta (clade), sordariomyceta (clade), Leotiomycetes (class), Helotiales (order), Dermateaceae (family), Coleophoma (genus)	131567 (no rank), 2759 (domain), 33154 (clade), 4751 (kingdom), 451864 (subkingdom), 4890 (phylum), 716545 (clade), 147538 (subphylum), 716546 (clade), 715989 (clade), 147548 (class), 5178 (order), 76657 (family), 453209 (genus)	268	unreviewed
A0A3D8T137	A0A3D8T137_9HELO	Coleophoma crateriformis	565419	cellular organisms (no rank), Eukaryota (domain), Opisthokonta (clade), Fungi (kingdom), Dikarya (subkingdom), Ascomycota (phylum), saccharomyceta (clade), Pezizomycotina (subphylum), leotiomyceta (clade), sordariomyceta (clade), Leotiomycetes (class), Helotiales (order), Dermateaceae (family), Coleophoma (genus)	131567 (no rank), 2759 (domain), 33154 (clade), 4751 (kingdom), 451864 (subkingdom), 4890 (phylum), 716545 (clade), 147538 (subphylum), 716546 (clade), 715989 (clade), 147548 (class), 5178 (order), 76657 (family), 453209 (genus)	268	unreviewed
A0A3D9SNA7	A0A3D9SNA7_9ACTN	Thermomonospora umbrina	111806	cellular organisms (no rank), Bacteria (domain), Bacillati (kingdom), Actinomycetota (phylum), Actinomycetes (class), Streptosporangiales (order), Thermomonosporaceae (family), Thermomonospora (genus)	131567 (no rank), 2 (domain), 1783272 (kingdom), 201174 (phylum), 1760 (class), 85012 (order), 2012 (family), 2019 (genus)	296	unreviewed
A0A3M7MGF2	A0A3M7MGF2_9PLEO	Pyrenophora seminiperda CCB06	1302712	cellular organisms (no rank), Eukaryota (domain), Opisthokonta (clade), Fungi (kingdom), Dikarya (subkingdom), Ascomycota (phylum), saccharomyceta (clade), Pezizomycotina (subphylum), leotiomyceta (clade), dothideomyceta (clade), Dothideomycetes (class), Pleosporomycetidae (subclass), Pleosporales (order), Pleosporineae (suborder), Pleosporaceae (family), Pyrenophora (genus), Pyrenophora seminiperda (species)	131567 (no rank), 2759 (domain), 33154 (clade), 4751 (kingdom), 451864 (subkingdom), 4890 (phylum), 716545 (clade), 147538 (subphylum), 716546 (clade), 715962 (clade), 147541 (class), 451868 (subclass), 92860 (order), 715340 (suborder), 28556 (family), 5027 (genus), 91370 (species)	253	unreviewed
A0A3M9YFB5	A0A3M9YFB5_9PEZI	Verticillium nonalfalfae	1051616	cellular organisms (no rank), Eukaryota (domain), Opisthokonta (clade), Fungi (kingdom), Dikarya (subkingdom), Ascomycota (phylum), saccharomyceta (clade), Pezizomycotina (subphylum), leotiomyceta (clade), sordariomyceta (clade), Sordariomycetes (class), Hypocreomycetidae (subclass), Glomerellales (order), Plectosphaerellaceae (family), Verticillium (genus)	131567 (no rank), 2759 (domain), 33154 (clade), 4751 (kingdom), 451864 (subkingdom), 4890 (phylum), 716545 (clade), 147538 (subphylum), 716546 (clade), 715989 (clade), 147550 (class), 222543 (subclass), 1028384 (order), 1033978 (family), 1036719 (genus)	309	unreviewed
A0A3N4HSF9	A0A3N4HSF9_ASCIM	Ascobolus immersus RN42	1160509	cellular organisms (no rank), Eukaryota (domain), Opisthokonta (clade), Fungi (kingdom), Dikarya (subkingdom), Ascomycota (phylum), saccharomyceta (clade), Pezizomycotina (subphylum), Pezizomycetes (class), Pezizales (order), Ascobolaceae (family), Ascobolus (genus), Ascobolus immersus (species)	131567 (no rank), 2759 (domain), 33154 (clade), 4751 (kingdom), 451864 (subkingdom), 4890 (phylum), 716545 (clade), 147538 (subphylum), 147549 (class), 5185 (order), 5189 (family), 5190 (genus), 5191 (species)	261	unreviewed
A0A4R4W6Q2	A0A4R4W6Q2_9ACTN	Nonomuraea diastatica	1848329	cellular organisms (no rank), Bacteria (domain), Bacillati (kingdom), Actinomycetota (phylum), Actinomycetes (class), Streptosporangiales (order), Streptosporangiaceae (family), Nonomuraea (genus)	131567 (no rank), 2 (domain), 1783272 (kingdom), 201174 (phylum), 1760 (class), 85012 (order), 2004 (family), 83681 (genus)	312	unreviewed
A0A4R5ARP1	A0A4R5ARP1_9ACTN	Actinomadura darangshiensis	705336	cellular organisms (no rank), Bacteria (domain), Bacillati (kingdom), Actinomycetota (phylum), Actinomycetes (class), Streptosporangiales (order), Thermomonosporaceae (family), Actinomadura (genus)	131567 (no rank), 2 (domain), 1783272 (kingdom), 201174 (phylum), 1760 (class), 85012 (order), 2012 (family), 1988 (genus)	303	unreviewed
A0A4R6V0N6	A0A4R6V0N6_9ACTN	Actinorugispora endophytica	1605990	cellular organisms (no rank), Bacteria (domain), Bacillati (kingdom), Actinomycetota (phylum), Actinomycetes (class), Streptosporangiales (order), Nocardiopsidaceae (family), Actinorugispora (genus)	131567 (no rank), 2 (domain), 1783272 (kingdom), 201174 (phylum), 1760 (class), 85012 (order), 83676 (family), 1833962 (genus)	271	unreviewed
A0A4V2XJ75	A0A4V2XJ75_9ACTN	Nonomuraea longispora	1848320	cellular organisms (no rank), Bacteria (domain), Bacillati (kingdom), Actinomycetota (phylum), Actinomycetes (class), Streptosporangiales (order), Streptosporangiaceae (family), Nonomuraea (genus)	131567 (no rank), 2 (domain), 1783272 (kingdom), 201174 (phylum), 1760 (class), 85012 (order), 2004 (family), 83681 (genus)	275	unreviewed
A0A2P4UD72	A0A2P4UD72_9ACTN	Actinomadura rubteroloni	1926885	cellular organisms (no rank), Bacteria (domain), Bacillati (kingdom), Actinomycetota (phylum), Actinomycetes (class), Streptosporangiales (order), Thermomonosporaceae (family), Actinomadura (genus)	131567 (no rank), 2 (domain), 1783272 (kingdom), 201174 (phylum), 1760 (class), 85012 (order), 2012 (family), 1988 (genus)	299	unreviewed
A0A2P4UNN9	A0A2P4UNN9_9ACTN	Actinomadura rubteroloni	1926885	cellular organisms (no rank), Bacteria (domain), Bacillati (kingdom), Actinomycetota (phylum), Actinomycetes (class), Streptosporangiales (order), Thermomonosporaceae (family), Actinomadura (genus)	131567 (no rank), 2 (domain), 1783272 (kingdom), 201174 (phylum), 1760 (class), 85012 (order), 2012 (family), 1988 (genus)	278	unreviewed
A0A3D9SN04	A0A3D9SN04_9ACTN	Thermomonospora umbrina	111806	cellular organisms (no rank), Bacteria (domain), Bacillati (kingdom), Actinomycetota (phylum), Actinomycetes (class), Streptosporangiales (order), Thermomonosporaceae (family), Thermomonospora (genus)	131567 (no rank), 2 (domain), 1783272 (kingdom), 201174 (phylum), 1760 (class), 85012 (order), 2012 (family), 2019 (genus)	289	unreviewed
A0A3N0EHU6	A0A3N0EHU6_9ACTN	Halostreptopolyspora alba	2487137	cellular organisms (no rank), Bacteria (domain), Bacillati (kingdom), Actinomycetota (phylum), Actinomycetes (class), Streptosporangiales (order), Nocardiopsidaceae (family), Halostreptopolyspora (genus)	131567 (no rank), 2 (domain), 1783272 (kingdom), 201174 (phylum), 1760 (class), 85012 (order), 83676 (family), 3373668 (genus)	311	unreviewed
A0A4R4NB20	A0A4R4NB20_9ACTN	Actinomadura bangladeshensis	453573	cellular organisms (no rank), Bacteria (domain), Bacillati (kingdom), Actinomycetota (phylum), Actinomycetes (class), Streptosporangiales (order), Thermomonosporaceae (family), Actinomadura (genus)	131567 (no rank), 2 (domain), 1783272 (kingdom), 201174 (phylum), 1760 (class), 85012 (order), 2012 (family), 1988 (genus)	340	unreviewed
A0A4R6UW92	A0A4R6UW92_9ACTN	Actinorugispora endophytica	1605990	cellular organisms (no rank), Bacteria (domain), Bacillati (kingdom), Actinomycetota (phylum), Actinomycetes (class), Streptosporangiales (order), Nocardiopsidaceae (family), Actinorugispora (genus)	131567 (no rank), 2 (domain), 1783272 (kingdom), 201174 (phylum), 1760 (class), 85012 (order), 83676 (family), 1833962 (genus)	312	unreviewed
A0A2C9ZMQ8	A0A2C9ZMQ8_9ACTN	Streptosporangium minutum	569862	cellular organisms (no rank), Bacteria (domain), Bacillati (kingdom), Actinomycetota (phylum), Actinomycetes (class), Streptosporangiales (order), Streptosporangiaceae (family), Streptosporangium (genus)	131567 (no rank), 2 (domain), 1783272 (kingdom), 201174 (phylum), 1760 (class), 85012 (order), 2004 (family), 2000 (genus)	285	unreviewed
A0A2P4UPT6	A0A2P4UPT6_9ACTN	Actinomadura rubteroloni	1926885	cellular organisms (no rank), Bacteria (domain), Bacillati (kingdom), Actinomycetota (phylum), Actinomycetes (class), Streptosporangiales (order), Thermomonosporaceae (family), Actinomadura (genus)	131567 (no rank), 2 (domain), 1783272 (kingdom), 201174 (phylum), 1760 (class), 85012 (order), 2012 (family), 1988 (genus)	282	unreviewed
A0A2T0PXG2	A0A2T0PXG2_9ACTN	Allonocardiopsis opalescens	1144618	cellular organisms (no rank), Bacteria (domain), Bacillati (kingdom), Actinomycetota (phylum), Actinomycetes (class), Streptosporangiales (order), Streptosporangiales incertae sedis (no rank), Allonocardiopsis (genus)	131567 (no rank), 2 (domain), 1783272 (kingdom), 201174 (phylum), 1760 (class), 85012 (order), 147066 (no rank), 1647181 (genus)	305	unreviewed
A0A365H6Y8	A0A365H6Y8_9ACTN	Actinomadura craniellae	2231787	cellular organisms (no rank), Bacteria (domain), Bacillati (kingdom), Actinomycetota (phylum), Actinomycetes (class), Streptosporangiales (order), Thermomonosporaceae (family), Actinomadura (genus)	131567 (no rank), 2 (domain), 1783272 (kingdom), 201174 (phylum), 1760 (class), 85012 (order), 2012 (family), 1988 (genus)	290	unreviewed
A0A399G2E0	A0A399G2E0_9ACTN	Thermobifida halotolerans	483545	cellular organisms (no rank), Bacteria (domain), Bacillati (kingdom), Actinomycetota (phylum), Actinomycetes (class), Streptosporangiales (order), Nocardiopsidaceae (family), Thermobifida (genus)	131567 (no rank), 2 (domain), 1783272 (kingdom), 201174 (phylum), 1760 (class), 85012 (order), 83676 (family), 83677 (genus)	281	unreviewed
A0A3A4B4E3	A0A3A4B4E3_9ACTN	Bailinhaonella thermotolerans	1070861	cellular organisms (no rank), Bacteria (domain), Bacillati (kingdom), Actinomycetota (phylum), Actinomycetes (class), Streptosporangiales (order), Streptosporangiaceae (family), Bailinhaonella (genus)	131567 (no rank), 2 (domain), 1783272 (kingdom), 201174 (phylum), 1760 (class), 85012 (order), 2004 (family), 2806742 (genus)	305	unreviewed
A0A3D9SRH8	A0A3D9SRH8_9ACTN	Thermomonospora umbrina	111806	cellular organisms (no rank), Bacteria (domain), Bacillati (kingdom), Actinomycetota (phylum), Actinomycetes (class), Streptosporangiales (order), Thermomonosporaceae (family), Thermomonospora (genus)	131567 (no rank), 2 (domain), 1783272 (kingdom), 201174 (phylum), 1760 (class), 85012 (order), 2012 (family), 2019 (genus)	279	unreviewed
A0A3D9SUD5	A0A3D9SUD5_9ACTN	Thermomonospora umbrina	111806	cellular organisms (no rank), Bacteria (domain), Bacillati (kingdom), Actinomycetota (phylum), Actinomycetes (class), Streptosporangiales (order), Thermomonosporaceae (family), Thermomonospora (genus)	131567 (no rank), 2 (domain), 1783272 (kingdom), 201174 (phylum), 1760 (class), 85012 (order), 2012 (family), 2019 (genus)	294	unreviewed
A0A4R4ZDD0	A0A4R4ZDD0_9ACTN	Nonomuraea terrae	2530383	cellular organisms (no rank), Bacteria (domain), Bacillati (kingdom), Actinomycetota (phylum), Actinomycetes (class), Streptosporangiales (order), Streptosporangiaceae (family), Nonomuraea (genus)	131567 (no rank), 2 (domain), 1783272 (kingdom), 201174 (phylum), 1760 (class), 85012 (order), 2004 (family), 83681 (genus)	283	unreviewed
A0A4R5FXI3	A0A4R5FXI3_9ACTN	Nonomuraea mesophila	2530382	cellular organisms (no rank), Bacteria (domain), Bacillati (kingdom), Actinomycetota (phylum), Actinomycetes (class), Streptosporangiales (order), Streptosporangiaceae (family), Nonomuraea (genus)	131567 (no rank), 2 (domain), 1783272 (kingdom), 201174 (phylum), 1760 (class), 85012 (order), 2004 (family), 83681 (genus)	295	unreviewed
A0A2P4UDA7	A0A2P4UDA7_9ACTN	Actinomadura rubteroloni	1926885	cellular organisms (no rank), Bacteria (domain), Bacillati (kingdom), Actinomycetota (phylum), Actinomycetes (class), Streptosporangiales (order), Thermomonosporaceae (family), Actinomadura (genus)	131567 (no rank), 2 (domain), 1783272 (kingdom), 201174 (phylum), 1760 (class), 85012 (order), 2012 (family), 1988 (genus)	293	unreviewed
A0A3D9SP59	A0A3D9SP59_9ACTN	Thermomonospora umbrina	111806	cellular organisms (no rank), Bacteria (domain), Bacillati (kingdom), Actinomycetota (phylum), Actinomycetes (class), Streptosporangiales (order), Thermomonosporaceae (family), Thermomonospora (genus)	131567 (no rank), 2 (domain), 1783272 (kingdom), 201174 (phylum), 1760 (class), 85012 (order), 2012 (family), 2019 (genus)	280	unreviewed
A0A3D9SRX0	A0A3D9SRX0_9ACTN	Thermomonospora umbrina	111806	cellular organisms (no rank), Bacteria (domain), Bacillati (kingdom), Actinomycetota (phylum), Actinomycetes (class), Streptosporangiales (order), Thermomonosporaceae (family), Thermomonospora (genus)	131567 (no rank), 2 (domain), 1783272 (kingdom), 201174 (phylum), 1760 (class), 85012 (order), 2012 (family), 2019 (genus)	291	unreviewed
A0A3D9SUJ1	A0A3D9SUJ1_9ACTN	Thermomonospora umbrina	111806	cellular organisms (no rank), Bacteria (domain), Bacillati (kingdom), Actinomycetota (phylum), Actinomycetes (class), Streptosporangiales (order), Thermomonosporaceae (family), Thermomonospora (genus)	131567 (no rank), 2 (domain), 1783272 (kingdom), 201174 (phylum), 1760 (class), 85012 (order), 2012 (family), 2019 (genus)	290	unreviewed
A0A3D9SVD4	A0A3D9SVD4_9ACTN	Thermomonospora umbrina	111806	cellular organisms (no rank), Bacteria (domain), Bacillati (kingdom), Actinomycetota (phylum), Actinomycetes (class), Streptosporangiales (order), Thermomonosporaceae (family), Thermomonospora (genus)	131567 (no rank), 2 (domain), 1783272 (kingdom), 201174 (phylum), 1760 (class), 85012 (order), 2012 (family), 2019 (genus)	299	unreviewed
A0A4V0ZKB9	A0A4V0ZKB9_9ACTN	Streptomonospora litoralis	2498135	cellular organisms (no rank), Bacteria (domain), Bacillati (kingdom), Actinomycetota (phylum), Actinomycetes (class), Streptosporangiales (order), Nocardiopsidaceae (family), Streptomonospora (genus)	131567 (no rank), 2 (domain), 1783272 (kingdom), 201174 (phylum), 1760 (class), 85012 (order), 83676 (family), 104204 (genus)	315	unreviewed
A0A2K9LQ63	A0A2K9LQ63_9GAMM	Ketobacter alkanivorans	1917421	cellular organisms (no rank), Bacteria (domain), Pseudomonadati (kingdom), Pseudomonadota (phylum), Gammaproteobacteria (class), Pseudomonadales (order), Ketobacteraceae (family), Ketobacter (genus)	131567 (no rank), 2 (domain), 3379134 (kingdom), 1224 (phylum), 1236 (class), 72274 (order), 3085096 (family), 2025617 (genus)	265	unreviewed
A0A2P8I084	A0A2P8I084_SACCR	Saccharothrix carnea	1280637	cellular organisms (no rank), Bacteria (domain), Bacillati (kingdom), Actinomycetota (phylum), Actinomycetes (class), Pseudonocardiales (order), Pseudonocardiaceae (family), Saccharothrix (genus)	131567 (no rank), 2 (domain), 1783272 (kingdom), 201174 (phylum), 1760 (class), 85010 (order), 2070 (family), 2071 (genus)	279	unreviewed
A0A370HZD1	A0A370HZD1_9NOCA	Nocardia pseudobrasiliensis	45979	cellular organisms (no rank), Bacteria (domain), Bacillati (kingdom), Actinomycetota (phylum), Actinomycetes (class), Mycobacteriales (order), Nocardiaceae (family), Nocardia (genus)	131567 (no rank), 2 (domain), 1783272 (kingdom), 201174 (phylum), 1760 (class), 85007 (order), 85025 (family), 1817 (genus)	336	unreviewed
A0A3D9SLY3	A0A3D9SLY3_9ACTN	Thermomonospora umbrina	111806	cellular organisms (no rank), Bacteria (domain), Bacillati (kingdom), Actinomycetota (phylum), Actinomycetes (class), Streptosporangiales (order), Thermomonosporaceae (family), Thermomonospora (genus)	131567 (no rank), 2 (domain), 1783272 (kingdom), 201174 (phylum), 1760 (class), 85012 (order), 2012 (family), 2019 (genus)	287	unreviewed
A0A3E0WVG8	A0A3E0WVG8_9GAMM	Alkalilimnicola ehrlichii	351052	cellular organisms (no rank), Bacteria (domain), Pseudomonadati (kingdom), Pseudomonadota (phylum), Gammaproteobacteria (class), Chromatiales (order), Ectothiorhodospiraceae (family), Alkalilimnicola (genus)	131567 (no rank), 2 (domain), 3379134 (kingdom), 1224 (phylum), 1236 (class), 135613 (order), 72276 (family), 133193 (genus)	311	unreviewed
A0A3T1D9P2	A0A3T1D9P2_9BACL	Cohnella abietis	2507935	cellular organisms (no rank), Bacteria (domain), Bacillati (kingdom), Bacillota (phylum), Bacilli (class), Bacillales (order), Paenibacillaceae (family), Cohnella (genus)	131567 (no rank), 2 (domain), 1783272 (kingdom), 1239 (phylum), 91061 (class), 1385 (order), 186822 (family), 329857 (genus)	309	unreviewed
A0A4Q7J964	A0A4Q7J964_9PSEU	Amycolatopsis suaedae	2510978	cellular organisms (no rank), Bacteria (domain), Bacillati (kingdom), Actinomycetota (phylum), Actinomycetes (class), Pseudonocardiales (order), Pseudonocardiaceae (family), Amycolatopsis (genus)	131567 (no rank), 2 (domain), 1783272 (kingdom), 201174 (phylum), 1760 (class), 85010 (order), 2070 (family), 1813 (genus)	303	unreviewed
A0A4R6P139	A0A4R6P139_NOCIG	Nocardia ignorata	145285	cellular organisms (no rank), Bacteria (domain), Bacillati (kingdom), Actinomycetota (phylum), Actinomycetes (class), Mycobacteriales (order), Nocardiaceae (family), Nocardia (genus)	131567 (no rank), 2 (domain), 1783272 (kingdom), 201174 (phylum), 1760 (class), 85007 (order), 85025 (family), 1817 (genus)	272	unreviewed
A0A285L7T1	A0A285L7T1_9NOCA	Nocardia amikacinitolerans	756689	cellular organisms (no rank), Bacteria (domain), Bacillati (kingdom), Actinomycetota (phylum), Actinomycetes (class), Mycobacteriales (order), Nocardiaceae (family), Nocardia (genus)	131567 (no rank), 2 (domain), 1783272 (kingdom), 201174 (phylum), 1760 (class), 85007 (order), 85025 (family), 1817 (genus)	332	unreviewed
A0A2T5MD89	A0A2T5MD89_9GAMM	Stenotrophobium rhamnosiphilum	2029166	cellular organisms (no rank), Bacteria (domain), Pseudomonadati (kingdom), Pseudomonadota (phylum), Gammaproteobacteria (class), Nevskiales (order), Nevskiaceae (family), Stenotrophobium (genus)	131567 (no rank), 2 (domain), 3379134 (kingdom), 1224 (phylum), 1236 (class), 1775403 (order), 568386 (family), 2689591 (genus)	347	unreviewed
A0A328ACF0	A0A328ACF0_9CAUL	Phenylobacterium deserti	1914756	cellular organisms (no rank), Bacteria (domain), Pseudomonadati (kingdom), Pseudomonadota (phylum), Alphaproteobacteria (class), Caulobacterales (order), Caulobacteraceae (family), Phenylobacterium (genus)	131567 (no rank), 2 (domain), 3379134 (kingdom), 1224 (phylum), 28211 (class), 204458 (order), 76892 (family), 20 (genus)	327	unreviewed
A0A370I561	A0A370I561_9NOCA	Nocardia pseudobrasiliensis	45979	cellular organisms (no rank), Bacteria (domain), Bacillati (kingdom), Actinomycetota (phylum), Actinomycetes (class), Mycobacteriales (order), Nocardiaceae (family), Nocardia (genus)	131567 (no rank), 2 (domain), 1783272 (kingdom), 201174 (phylum), 1760 (class), 85007 (order), 85025 (family), 1817 (genus)	336	unreviewed
A0A3G9J2N1	A0A3G9J2N1_9BACL	Paenibacillus baekrokdamisoli	1712516	cellular organisms (no rank), Bacteria (domain), Bacillati (kingdom), Bacillota (phylum), Bacilli (class), Bacillales (order), Paenibacillaceae (family), Paenibacillus (genus)	131567 (no rank), 2 (domain), 1783272 (kingdom), 1239 (phylum), 91061 (class), 1385 (order), 186822 (family), 44249 (genus)	308	unreviewed
A0A3N1D5H5	A0A3N1D5H5_9ACTN	Actinocorallia herbida	58109	cellular organisms (no rank), Bacteria (domain), Bacillati (kingdom), Actinomycetota (phylum), Actinomycetes (class), Streptosporangiales (order), Thermomonosporaceae (family), Actinocorallia (genus)	131567 (no rank), 2 (domain), 1783272 (kingdom), 201174 (phylum), 1760 (class), 85012 (order), 2012 (family), 58108 (genus)	278	unreviewed
A0A4R2GNM0	A0A4R2GNM0_9BACT	Natronoflexus pectinivorans	682526	cellular organisms (no rank), Bacteria (domain), Pseudomonadati (kingdom), FCB group (clade), Bacteroidota/Chlorobiota group (clade), Bacteroidota (phylum), Bacteroidia (class), Marinilabiliales (order), Marinilabiliaceae (family), Natronoflexus (genus)	131567 (no rank), 2 (domain), 3379134 (kingdom), 1783270 (clade), 68336 (clade), 976 (phylum), 200643 (class), 1970189 (order), 558415 (family), 1434024 (genus)	305	unreviewed
A0A286GRC4	A0A286GRC4_9BACT	Spirosoma fluviale	1597977	cellular organisms (no rank), Bacteria (domain), Pseudomonadati (kingdom), FCB group (clade), Bacteroidota/Chlorobiota group (clade), Bacteroidota (phylum), Cytophagia (class), Cytophagales (order), Cytophagaceae (family), Spirosoma (genus)	131567 (no rank), 2 (domain), 3379134 (kingdom), 1783270 (clade), 68336 (clade), 976 (phylum), 768503 (class), 768507 (order), 89373 (family), 107 (genus)	304	unreviewed
A0A2P2FIU7	A0A2P2FIU7_AMYLU	Amycolatopsis lurida NRRL 2430	1460371	cellular organisms (no rank), Bacteria (domain), Bacillati (kingdom), Actinomycetota (phylum), Actinomycetes (class), Pseudonocardiales (order), Pseudonocardiaceae (family), Amycolatopsis (genus), Amycolatopsis lurida (species)	131567 (no rank), 2 (domain), 1783272 (kingdom), 201174 (phylum), 1760 (class), 85010 (order), 2070 (family), 1813 (genus), 31959 (species)	277	unreviewed
A0A318JYH2	A0A318JYH2_9NOCA	Nocardia tenerifensis	228006	cellular organisms (no rank), Bacteria (domain), Bacillati (kingdom), Actinomycetota (phylum), Actinomycetes (class), Mycobacteriales (order), Nocardiaceae (family), Nocardia (genus)	131567 (no rank), 2 (domain), 1783272 (kingdom), 201174 (phylum), 1760 (class), 85007 (order), 85025 (family), 1817 (genus)	335	unreviewed
A0A3E0WQW9	A0A3E0WQW9_9GAMM	Alkalilimnicola ehrlichii	351052	cellular organisms (no rank), Bacteria (domain), Pseudomonadati (kingdom), Pseudomonadota (phylum), Gammaproteobacteria (class), Chromatiales (order), Ectothiorhodospiraceae (family), Alkalilimnicola (genus)	131567 (no rank), 2 (domain), 3379134 (kingdom), 1224 (phylum), 1236 (class), 135613 (order), 72276 (family), 133193 (genus)	283	unreviewed
A0A4T1ZYH6	A0A4T1ZYH6_9PSED	Pseudomonas leptonychotis	2448482	cellular organisms (no rank), Bacteria (domain), Pseudomonadati (kingdom), Pseudomonadota (phylum), Gammaproteobacteria (class), Pseudomonadales (order), Pseudomonadaceae (family), Pseudomonas (genus)	131567 (no rank), 2 (domain), 3379134 (kingdom), 1224 (phylum), 1236 (class), 72274 (order), 135621 (family), 286 (genus)	286	unreviewed
A0A2I1PAV8	A0A2I1PAV8_9MICO	Kytococcus schroeteri	138300	cellular organisms (no rank), Bacteria (domain), Bacillati (kingdom), Actinomycetota (phylum), Actinomycetes (class), Micrococcales (order), Kytococcaceae (family), Kytococcus (genus)	131567 (no rank), 2 (domain), 1783272 (kingdom), 201174 (phylum), 1760 (class), 85006 (order), 2805426 (family), 57499 (genus)	289	unreviewed
A0A2T0UB20	A0A2T0UB20_9SPHI	Arcticibacter pallidicorallinus	1259464	cellular organisms (no rank), Bacteria (domain), Pseudomonadati (kingdom), FCB group (clade), Bacteroidota/Chlorobiota group (clade), Bacteroidota (phylum), Sphingobacteriia (class), Sphingobacteriales (order), Sphingobacteriaceae (family), Arcticibacter (genus)	131567 (no rank), 2 (domain), 3379134 (kingdom), 1783270 (clade), 68336 (clade), 976 (phylum), 117747 (class), 200666 (order), 84566 (family), 1288026 (genus)	305	unreviewed
A0A370GT15	A0A370GT15_9NOCA	Nocardia mexicana	279262	cellular organisms (no rank), Bacteria (domain), Bacillati (kingdom), Actinomycetota (phylum), Actinomycetes (class), Mycobacteriales (order), Nocardiaceae (family), Nocardia (genus)	131567 (no rank), 2 (domain), 1783272 (kingdom), 201174 (phylum), 1760 (class), 85007 (order), 85025 (family), 1817 (genus)	338	unreviewed
A0A410DYU7	A0A410DYU7_9CLOT	Clostridium manihotivorum	2320868	cellular organisms (no rank), Bacteria (domain), Bacillati (kingdom), Bacillota (phylum), Clostridia (class), Eubacteriales (order), Clostridiaceae (family), Clostridium (genus)	131567 (no rank), 2 (domain), 1783272 (kingdom), 1239 (phylum), 186801 (class), 186802 (order), 31979 (family), 1485 (genus)	304	unreviewed
A0A285JDK9	A0A285JDK9_9ACTN	Paractinoplanes atraurantiacus	1036182	cellular organisms (no rank), Bacteria (domain), Bacillati (kingdom), Actinomycetota (phylum), Actinomycetes (class), Micromonosporales (order), Micromonosporaceae (family), Paractinoplanes (genus)	131567 (no rank), 2 (domain), 1783272 (kingdom), 201174 (phylum), 1760 (class), 85008 (order), 28056 (family), 3240234 (genus)	282	unreviewed
A0A2I1PAZ1	A0A2I1PAZ1_9MICO	Kytococcus schroeteri	138300	cellular organisms (no rank), Bacteria (domain), Bacillati (kingdom), Actinomycetota (phylum), Actinomycetes (class), Micrococcales (order), Kytococcaceae (family), Kytococcus (genus)	131567 (no rank), 2 (domain), 1783272 (kingdom), 201174 (phylum), 1760 (class), 85006 (order), 2805426 (family), 57499 (genus)	287	unreviewed
A0A2K9LJV9	A0A2K9LJV9_9GAMM	Ketobacter alkanivorans	1917421	cellular organisms (no rank), Bacteria (domain), Pseudomonadati (kingdom), Pseudomonadota (phylum), Gammaproteobacteria (class), Pseudomonadales (order), Ketobacteraceae (family), Ketobacter (genus)	131567 (no rank), 2 (domain), 3379134 (kingdom), 1224 (phylum), 1236 (class), 72274 (order), 3085096 (family), 2025617 (genus)	314	unreviewed
A0A2T5PA95	A0A2T5PA95_9PSED	Pseudomonas mangrovi	2161748	cellular organisms (no rank), Bacteria (domain), Pseudomonadati (kingdom), Pseudomonadota (phylum), Gammaproteobacteria (class), Pseudomonadales (order), Pseudomonadaceae (family), Pseudomonas (genus)	131567 (no rank), 2 (domain), 3379134 (kingdom), 1224 (phylum), 1236 (class), 72274 (order), 135621 (family), 286 (genus)	286	unreviewed
A0A327ZLV8	A0A327ZLV8_9ACTN	Actinoplanes lutulentus	1287878	cellular organisms (no rank), Bacteria (domain), Bacillati (kingdom), Actinomycetota (phylum), Actinomycetes (class), Micromonosporales (order), Micromonosporaceae (family), Actinoplanes (genus)	131567 (no rank), 2 (domain), 1783272 (kingdom), 201174 (phylum), 1760 (class), 85008 (order), 28056 (family), 1865 (genus)	264	unreviewed
A0A344L5S5	A0A344L5S5_9PSEU	Amycolatopsis albispora	1804986	cellular organisms (no rank), Bacteria (domain), Bacillati (kingdom), Actinomycetota (phylum), Actinomycetes (class), Pseudonocardiales (order), Pseudonocardiaceae (family), Amycolatopsis (genus)	131567 (no rank), 2 (domain), 1783272 (kingdom), 201174 (phylum), 1760 (class), 85010 (order), 2070 (family), 1813 (genus)	277	unreviewed
A0A366DS33	A0A366DS33_9NOCA	Nocardia puris	208602	cellular organisms (no rank), Bacteria (domain), Bacillati (kingdom), Actinomycetota (phylum), Actinomycetes (class), Mycobacteriales (order), Nocardiaceae (family), Nocardia (genus)	131567 (no rank), 2 (domain), 1783272 (kingdom), 201174 (phylum), 1760 (class), 85007 (order), 85025 (family), 1817 (genus)	330	unreviewed
A0A370I2K4	A0A370I2K4_9NOCA	Nocardia pseudobrasiliensis	45979	cellular organisms (no rank), Bacteria (domain), Bacillati (kingdom), Actinomycetota (phylum), Actinomycetes (class), Mycobacteriales (order), Nocardiaceae (family), Nocardia (genus)	131567 (no rank), 2 (domain), 1783272 (kingdom), 201174 (phylum), 1760 (class), 85007 (order), 85025 (family), 1817 (genus)	321	unreviewed
A0A3E0WVY1	A0A3E0WVY1_9GAMM	Alkalilimnicola ehrlichii	351052	cellular organisms (no rank), Bacteria (domain), Pseudomonadati (kingdom), Pseudomonadota (phylum), Gammaproteobacteria (class), Chromatiales (order), Ectothiorhodospiraceae (family), Alkalilimnicola (genus)	131567 (no rank), 2 (domain), 3379134 (kingdom), 1224 (phylum), 1236 (class), 135613 (order), 72276 (family), 133193 (genus)	305	unreviewed
A0A3R9DT78	A0A3R9DT78_9PSEU	Amycolatopsis eburnea	2267691	cellular organisms (no rank), Bacteria (domain), Bacillati (kingdom), Actinomycetota (phylum), Actinomycetes (class), Pseudonocardiales (order), Pseudonocardiaceae (family), Amycolatopsis (genus)	131567 (no rank), 2 (domain), 1783272 (kingdom), 201174 (phylum), 1760 (class), 85010 (order), 2070 (family), 1813 (genus)	310	unreviewed
A0A4Q7KNA4	A0A4Q7KNA4_9PSEU	Herbihabitans rhizosphaerae	1872711	cellular organisms (no rank), Bacteria (domain), Bacillati (kingdom), Actinomycetota (phylum), Actinomycetes (class), Pseudonocardiales (order), Pseudonocardiaceae (family), Herbihabitans (genus)	131567 (no rank), 2 (domain), 1783272 (kingdom), 201174 (phylum), 1760 (class), 85010 (order), 2070 (family), 1884922 (genus)	283	unreviewed
A0A6A6HWJ1	A0A6A6HWJ1_9PLEO	Trematosphaeria pertusa	390896	cellular organisms (no rank), Eukaryota (domain), Opisthokonta (clade), Fungi (kingdom), Dikarya (subkingdom), Ascomycota (phylum), saccharomyceta (clade), Pezizomycotina (subphylum), leotiomyceta (clade), dothideomyceta (clade), Dothideomycetes (class), Pleosporomycetidae (subclass), Pleosporales (order), Massarineae (suborder), Trematosphaeriaceae (family), Trematosphaeria (genus)	131567 (no rank), 2759 (domain), 33154 (clade), 4751 (kingdom), 451864 (subkingdom), 4890 (phylum), 716545 (clade), 147538 (subphylum), 716546 (clade), 715962 (clade), 147541 (class), 451868 (subclass), 92860 (order), 1255046 (suborder), 1208339 (family), 100048 (genus)	286	unreviewed
A0A4Z1P3T0	A0A4Z1P3T0_9PEZI	Venturia nashicola	86259	cellular organisms (no rank), Eukaryota (domain), Opisthokonta (clade), Fungi (kingdom), Dikarya (subkingdom), Ascomycota (phylum), saccharomyceta (clade), Pezizomycotina (subphylum), leotiomyceta (clade), dothideomyceta (clade), Dothideomycetes (class), Pleosporomycetidae (subclass), Venturiales (order), Venturiaceae (family), Venturia (genus)	131567 (no rank), 2759 (domain), 33154 (clade), 4751 (kingdom), 451864 (subkingdom), 4890 (phylum), 716545 (clade), 147538 (subphylum), 716546 (clade), 715962 (clade), 147541 (class), 451868 (subclass), 1111111 (order), 5023 (family), 5024 (genus)	271	unreviewed
A0A6G1FWJ7	A0A6G1FWJ7_9PEZI	Eremomyces bilateralis CBS 781.70	1392243	cellular organisms (no rank), Eukaryota (domain), Opisthokonta (clade), Fungi (kingdom), Dikarya (subkingdom), Ascomycota (phylum), saccharomyceta (clade), Pezizomycotina (subphylum), leotiomyceta (clade), dothideomyceta (clade), Dothideomycetes (class), Dothideomycetes incertae sedis (no rank), Eremomycetales (order), Eremomycetaceae (family), Eremomyces (genus), Eremomyces bilateralis (species)	131567 (no rank), 2759 (domain), 33154 (clade), 4751 (kingdom), 451864 (subkingdom), 4890 (phylum), 716545 (clade), 147538 (subphylum), 716546 (clade), 715962 (clade), 147541 (class), 159987 (no rank), 2714147 (order), 241722 (family), 258075 (genus), 1341166 (species)	301	unreviewed
A0A6G1HPA6	A0A6G1HPA6_9PEZI	Trichodelitschia bisporula	703511	cellular organisms (no rank), Eukaryota (domain), Opisthokonta (clade), Fungi (kingdom), Dikarya (subkingdom), Ascomycota (phylum), saccharomyceta (clade), Pezizomycotina (subphylum), leotiomyceta (clade), dothideomyceta (clade), Dothideomycetes (class), Dothideomycetes incertae sedis (no rank), Phaeotrichales (order), Phaeotrichaceae (family), Trichodelitschia (genus)	131567 (no rank), 2759 (domain), 33154 (clade), 4751 (kingdom), 451864 (subkingdom), 4890 (phylum), 716545 (clade), 147538 (subphylum), 716546 (clade), 715962 (clade), 147541 (class), 159987 (no rank), 1818663 (order), 45152 (family), 372047 (genus)	298	unreviewed
A0A4Z1PSH0	A0A4Z1PSH0_9PEZI	Venturia nashicola	86259	cellular organisms (no rank), Eukaryota (domain), Opisthokonta (clade), Fungi (kingdom), Dikarya (subkingdom), Ascomycota (phylum), saccharomyceta (clade), Pezizomycotina (subphylum), leotiomyceta (clade), dothideomyceta (clade), Dothideomycetes (class), Pleosporomycetidae (subclass), Venturiales (order), Venturiaceae (family), Venturia (genus)	131567 (no rank), 2759 (domain), 33154 (clade), 4751 (kingdom), 451864 (subkingdom), 4890 (phylum), 716545 (clade), 147538 (subphylum), 716546 (clade), 715962 (clade), 147541 (class), 451868 (subclass), 1111111 (order), 5023 (family), 5024 (genus)	309	unreviewed
A0A517LCX5	A0A517LCX5_9PEZI	Venturia effusa	50376	cellular organisms (no rank), Eukaryota (domain), Opisthokonta (clade), Fungi (kingdom), Dikarya (subkingdom), Ascomycota (phylum), saccharomyceta (clade), Pezizomycotina (subphylum), leotiomyceta (clade), dothideomyceta (clade), Dothideomycetes (class), Pleosporomycetidae (subclass), Venturiales (order), Venturiaceae (family), Venturia (genus)	131567 (no rank), 2759 (domain), 33154 (clade), 4751 (kingdom), 451864 (subkingdom), 4890 (phylum), 716545 (clade), 147538 (subphylum), 716546 (clade), 715962 (clade), 147541 (class), 451868 (subclass), 1111111 (order), 5023 (family), 5024 (genus)	345	unreviewed
A0A543NNU7	A0A543NNU7_9ACTN	Haloactinospora alba	405555	cellular organisms (no rank), Bacteria (domain), Bacillati (kingdom), Actinomycetota (phylum), Actinomycetes (class), Streptosporangiales (order), Nocardiopsidaceae (family), Haloactinospora (genus)	131567 (no rank), 2 (domain), 1783272 (kingdom), 201174 (phylum), 1760 (class), 85012 (order), 83676 (family), 405552 (genus)	299	unreviewed
A0A6G1GIT3	A0A6G1GIT3_9PEZI	Aulographum hederae CBS 113979	1176131	cellular organisms (no rank), Eukaryota (domain), Opisthokonta (clade), Fungi (kingdom), Dikarya (subkingdom), Ascomycota (phylum), saccharomyceta (clade), Pezizomycotina (subphylum), leotiomyceta (clade), dothideomyceta (clade), Dothideomycetes (class), Pleosporomycetidae (subclass), Aulographales (order), Aulographaceae (family), Aulographum (genus), Aulographum hederae (species)	131567 (no rank), 2759 (domain), 33154 (clade), 4751 (kingdom), 451864 (subkingdom), 4890 (phylum), 716545 (clade), 147538 (subphylum), 716546 (clade), 715962 (clade), 147541 (class), 451868 (subclass), 2706121 (order), 281109 (family), 1176129 (genus), 1176130 (species)	282	unreviewed
A0A4Z1PCH0	A0A4Z1PCH0_9PEZI	Venturia nashicola	86259	cellular organisms (no rank), Eukaryota (domain), Opisthokonta (clade), Fungi (kingdom), Dikarya (subkingdom), Ascomycota (phylum), saccharomyceta (clade), Pezizomycotina (subphylum), leotiomyceta (clade), dothideomyceta (clade), Dothideomycetes (class), Pleosporomycetidae (subclass), Venturiales (order), Venturiaceae (family), Venturia (genus)	131567 (no rank), 2759 (domain), 33154 (clade), 4751 (kingdom), 451864 (subkingdom), 4890 (phylum), 716545 (clade), 147538 (subphylum), 716546 (clade), 715962 (clade), 147541 (class), 451868 (subclass), 1111111 (order), 5023 (family), 5024 (genus)	296	unreviewed
A0A6G1G4Q1	A0A6G1G4Q1_9PEZI	Eremomyces bilateralis CBS 781.70	1392243	cellular organisms (no rank), Eukaryota (domain), Opisthokonta (clade), Fungi (kingdom), Dikarya (subkingdom), Ascomycota (phylum), saccharomyceta (clade), Pezizomycotina (subphylum), leotiomyceta (clade), dothideomyceta (clade), Dothideomycetes (class), Dothideomycetes incertae sedis (no rank), Eremomycetales (order), Eremomycetaceae (family), Eremomyces (genus), Eremomyces bilateralis (species)	131567 (no rank), 2759 (domain), 33154 (clade), 4751 (kingdom), 451864 (subkingdom), 4890 (phylum), 716545 (clade), 147538 (subphylum), 716546 (clade), 715962 (clade), 147541 (class), 159987 (no rank), 2714147 (order), 241722 (family), 258075 (genus), 1341166 (species)	284	unreviewed
A0A6G1HPJ6	A0A6G1HPJ6_9PEZI	Trichodelitschia bisporula	703511	cellular organisms (no rank), Eukaryota (domain), Opisthokonta (clade), Fungi (kingdom), Dikarya (subkingdom), Ascomycota (phylum), saccharomyceta (clade), Pezizomycotina (subphylum), leotiomyceta (clade), dothideomyceta (clade), Dothideomycetes (class), Dothideomycetes incertae sedis (no rank), Phaeotrichales (order), Phaeotrichaceae (family), Trichodelitschia (genus)	131567 (no rank), 2759 (domain), 33154 (clade), 4751 (kingdom), 451864 (subkingdom), 4890 (phylum), 716545 (clade), 147538 (subphylum), 716546 (clade), 715962 (clade), 147541 (class), 159987 (no rank), 1818663 (order), 45152 (family), 372047 (genus)	330	unreviewed
A0A6G1GLJ4	A0A6G1GLJ4_9PEZI	Aulographum hederae CBS 113979	1176131	cellular organisms (no rank), Eukaryota (domain), Opisthokonta (clade), Fungi (kingdom), Dikarya (subkingdom), Ascomycota (phylum), saccharomyceta (clade), Pezizomycotina (subphylum), leotiomyceta (clade), dothideomyceta (clade), Dothideomycetes (class), Pleosporomycetidae (subclass), Aulographales (order), Aulographaceae (family), Aulographum (genus), Aulographum hederae (species)	131567 (no rank), 2759 (domain), 33154 (clade), 4751 (kingdom), 451864 (subkingdom), 4890 (phylum), 716545 (clade), 147538 (subphylum), 716546 (clade), 715962 (clade), 147541 (class), 451868 (subclass), 2706121 (order), 281109 (family), 1176129 (genus), 1176130 (species)	286	unreviewed
A0A6G1HNA7	A0A6G1HNA7_9PEZI	Trichodelitschia bisporula	703511	cellular organisms (no rank), Eukaryota (domain), Opisthokonta (clade), Fungi (kingdom), Dikarya (subkingdom), Ascomycota (phylum), saccharomyceta (clade), Pezizomycotina (subphylum), leotiomyceta (clade), dothideomyceta (clade), Dothideomycetes (class), Dothideomycetes incertae sedis (no rank), Phaeotrichales (order), Phaeotrichaceae (family), Trichodelitschia (genus)	131567 (no rank), 2759 (domain), 33154 (clade), 4751 (kingdom), 451864 (subkingdom), 4890 (phylum), 716545 (clade), 147538 (subphylum), 716546 (clade), 715962 (clade), 147541 (class), 159987 (no rank), 1818663 (order), 45152 (family), 372047 (genus)	282	unreviewed
A0A6G1HY92	A0A6G1HY92_9PEZI	Trichodelitschia bisporula	703511	cellular organisms (no rank), Eukaryota (domain), Opisthokonta (clade), Fungi (kingdom), Dikarya (subkingdom), Ascomycota (phylum), saccharomyceta (clade), Pezizomycotina (subphylum), leotiomyceta (clade), dothideomyceta (clade), Dothideomycetes (class), Dothideomycetes incertae sedis (no rank), Phaeotrichales (order), Phaeotrichaceae (family), Trichodelitschia (genus)	131567 (no rank), 2759 (domain), 33154 (clade), 4751 (kingdom), 451864 (subkingdom), 4890 (phylum), 716545 (clade), 147538 (subphylum), 716546 (clade), 715962 (clade), 147541 (class), 159987 (no rank), 1818663 (order), 45152 (family), 372047 (genus)	275	unreviewed
A0A7K1L1I6	A0A7K1L1I6_9ACTN	Actinomadura litoris	2678616	cellular organisms (no rank), Bacteria (domain), Bacillati (kingdom), Actinomycetota (phylum), Actinomycetes (class), Streptosporangiales (order), Thermomonosporaceae (family), Actinomadura (genus)	131567 (no rank), 2 (domain), 1783272 (kingdom), 201174 (phylum), 1760 (class), 85012 (order), 2012 (family), 1988 (genus)	310	unreviewed
A0A5N6B6N8	A0A5N6B6N8_9ACTN	Microbispora catharanthi	1712871	cellular organisms (no rank), Bacteria (domain), Bacillati (kingdom), Actinomycetota (phylum), Actinomycetes (class), Streptosporangiales (order), Streptosporangiaceae (family), Microbispora (genus)	131567 (no rank), 2 (domain), 1783272 (kingdom), 201174 (phylum), 1760 (class), 85012 (order), 2004 (family), 2005 (genus)	306	unreviewed
A0A5S4FJI0	A0A5S4FJI0_9ACTN	Nonomuraea zeae	1642303	cellular organisms (no rank), Bacteria (domain), Bacillati (kingdom), Actinomycetota (phylum), Actinomycetes (class), Streptosporangiales (order), Streptosporangiaceae (family), Nonomuraea (genus)	131567 (no rank), 2 (domain), 1783272 (kingdom), 201174 (phylum), 1760 (class), 85012 (order), 2004 (family), 83681 (genus)	313	unreviewed
A0A5S4GNH7	A0A5S4GNH7_9ACTN	Nonomuraea zeae	1642303	cellular organisms (no rank), Bacteria (domain), Bacillati (kingdom), Actinomycetota (phylum), Actinomycetes (class), Streptosporangiales (order), Streptosporangiaceae (family), Nonomuraea (genus)	131567 (no rank), 2 (domain), 1783272 (kingdom), 201174 (phylum), 1760 (class), 85012 (order), 2004 (family), 83681 (genus)	302	unreviewed
A0A5S4GQ57	A0A5S4GQ57_9ACTN	Nonomuraea zeae	1642303	cellular organisms (no rank), Bacteria (domain), Bacillati (kingdom), Actinomycetota (phylum), Actinomycetes (class), Streptosporangiales (order), Streptosporangiaceae (family), Nonomuraea (genus)	131567 (no rank), 2 (domain), 1783272 (kingdom), 201174 (phylum), 1760 (class), 85012 (order), 2004 (family), 83681 (genus)	281	unreviewed
A0A6G1HPP8	A0A6G1HPP8_9PEZI	Trichodelitschia bisporula	703511	cellular organisms (no rank), Eukaryota (domain), Opisthokonta (clade), Fungi (kingdom), Dikarya (subkingdom), Ascomycota (phylum), saccharomyceta (clade), Pezizomycotina (subphylum), leotiomyceta (clade), dothideomyceta (clade), Dothideomycetes (class), Dothideomycetes incertae sedis (no rank), Phaeotrichales (order), Phaeotrichaceae (family), Trichodelitschia (genus)	131567 (no rank), 2759 (domain), 33154 (clade), 4751 (kingdom), 451864 (subkingdom), 4890 (phylum), 716545 (clade), 147538 (subphylum), 716546 (clade), 715962 (clade), 147541 (class), 159987 (no rank), 1818663 (order), 45152 (family), 372047 (genus)	294	unreviewed
A0A6H0XY78	A0A6H0XY78_9PEZI	Peltaster fructicola	286661	cellular organisms (no rank), Eukaryota (domain), Opisthokonta (clade), Fungi (kingdom), Dikarya (subkingdom), Ascomycota (phylum), saccharomyceta (clade), Pezizomycotina (subphylum), leotiomyceta (clade), dothideomyceta (clade), Dothideomycetes (class), Dothideomycetes incertae sedis (no rank), Peltaster (genus)	131567 (no rank), 2759 (domain), 33154 (clade), 4751 (kingdom), 451864 (subkingdom), 4890 (phylum), 716545 (clade), 147538 (subphylum), 716546 (clade), 715962 (clade), 147541 (class), 159987 (no rank), 286660 (genus)	299	unreviewed
A0A6H9YZG5	A0A6H9YZG5_9ACTN	Actinomadura rudentiformis	359158	cellular organisms (no rank), Bacteria (domain), Bacillati (kingdom), Actinomycetota (phylum), Actinomycetes (class), Streptosporangiales (order), Thermomonosporaceae (family), Actinomadura (genus)	131567 (no rank), 2 (domain), 1783272 (kingdom), 201174 (phylum), 1760 (class), 85012 (order), 2012 (family), 1988 (genus)	268	unreviewed
A0A6I4WCS2	A0A6I4WCS2_9ACTN	Actinomadura rayongensis	1429076	cellular organisms (no rank), Bacteria (domain), Bacillati (kingdom), Actinomycetota (phylum), Actinomycetes (class), Streptosporangiales (order), Thermomonosporaceae (family), Actinomadura (genus)	131567 (no rank), 2 (domain), 1783272 (kingdom), 201174 (phylum), 1760 (class), 85012 (order), 2012 (family), 1988 (genus)	281	unreviewed
A0A6L3W3E9	A0A6L3W3E9_9ACTN	Actinomadura montaniterrae	1803903	cellular organisms (no rank), Bacteria (domain), Bacillati (kingdom), Actinomycetota (phylum), Actinomycetes (class), Streptosporangiales (order), Thermomonosporaceae (family), Actinomadura (genus)	131567 (no rank), 2 (domain), 1783272 (kingdom), 201174 (phylum), 1760 (class), 85012 (order), 2012 (family), 1988 (genus)	308	unreviewed
A0A7K0BW49	A0A7K0BW49_9ACTN	Actinomadura macrotermitis	2585200	cellular organisms (no rank), Bacteria (domain), Bacillati (kingdom), Actinomycetota (phylum), Actinomycetes (class), Streptosporangiales (order), Thermomonosporaceae (family), Actinomadura (genus)	131567 (no rank), 2 (domain), 1783272 (kingdom), 201174 (phylum), 1760 (class), 85012 (order), 2012 (family), 1988 (genus)	290	unreviewed
A0A7K0BXG1	A0A7K0BXG1_9ACTN	Actinomadura macrotermitis	2585200	cellular organisms (no rank), Bacteria (domain), Bacillati (kingdom), Actinomycetota (phylum), Actinomycetes (class), Streptosporangiales (order), Thermomonosporaceae (family), Actinomadura (genus)	131567 (no rank), 2 (domain), 1783272 (kingdom), 201174 (phylum), 1760 (class), 85012 (order), 2012 (family), 1988 (genus)	288	unreviewed
A0A7K0BY86	A0A7K0BY86_9ACTN	Actinomadura macrotermitis	2585200	cellular organisms (no rank), Bacteria (domain), Bacillati (kingdom), Actinomycetota (phylum), Actinomycetes (class), Streptosporangiales (order), Thermomonosporaceae (family), Actinomadura (genus)	131567 (no rank), 2 (domain), 1783272 (kingdom), 201174 (phylum), 1760 (class), 85012 (order), 2012 (family), 1988 (genus)	284	unreviewed
A0A7W0HTY1	A0A7W0HTY1_9ACTN	Nonomuraea soli	1032476	cellular organisms (no rank), Bacteria (domain), Bacillati (kingdom), Actinomycetota (phylum), Actinomycetes (class), Streptosporangiales (order), Streptosporangiaceae (family), Nonomuraea (genus)	131567 (no rank), 2 (domain), 1783272 (kingdom), 201174 (phylum), 1760 (class), 85012 (order), 2004 (family), 83681 (genus)	286	unreviewed
A0A7W3MTE8	A0A7W3MTE8_9ACTN	Thermomonospora cellulosilytica	1411118	cellular organisms (no rank), Bacteria (domain), Bacillati (kingdom), Actinomycetota (phylum), Actinomycetes (class), Streptosporangiales (order), Thermomonosporaceae (family), Thermomonospora (genus)	131567 (no rank), 2 (domain), 1783272 (kingdom), 201174 (phylum), 1760 (class), 85012 (order), 2012 (family), 2019 (genus)	279	unreviewed
A0A4V2YB24	A0A4V2YB24_9ACTN	Nonomuraea deserti	1848322	cellular organisms (no rank), Bacteria (domain), Bacillati (kingdom), Actinomycetota (phylum), Actinomycetes (class), Streptosporangiales (order), Streptosporangiaceae (family), Nonomuraea (genus)	131567 (no rank), 2 (domain), 1783272 (kingdom), 201174 (phylum), 1760 (class), 85012 (order), 2004 (family), 83681 (genus)	284	unreviewed
A0A4V4HI96	A0A4V4HI96_DENBC	Dendrothele bispora (strain CBS 962.96)	1314807	cellular organisms (no rank), Eukaryota (domain), Opisthokonta (clade), Fungi (kingdom), Dikarya (subkingdom), Basidiomycota (phylum), Agaricomycotina (subphylum), Agaricomycetes (class), Agaricomycetidae (subclass), Agaricales (order), Agaricales incertae sedis (no rank), Dendrothele (genus), Dendrothele bispora (species)	131567 (no rank), 2759 (domain), 33154 (clade), 4751 (kingdom), 451864 (subkingdom), 5204 (phylum), 5302 (subphylum), 155619 (class), 452333 (subclass), 5338 (order), 230759 (no rank), 139111 (genus), 1314803 (species)	279	unreviewed
A0A4Y8D2X5	A0A4Y8D2X5_9HELO	Botryotinia calthae	38488	cellular organisms (no rank), Eukaryota (domain), Opisthokonta (clade), Fungi (kingdom), Dikarya (subkingdom), Ascomycota (phylum), saccharomyceta (clade), Pezizomycotina (subphylum), leotiomyceta (clade), sordariomyceta (clade), Leotiomycetes (class), Helotiales (order), Sclerotiniaceae (family), Botryotinia (genus)	131567 (no rank), 2759 (domain), 33154 (clade), 4751 (kingdom), 451864 (subkingdom), 4890 (phylum), 716545 (clade), 147538 (subphylum), 716546 (clade), 715989 (clade), 147548 (class), 5178 (order), 28983 (family), 40558 (genus)	256	unreviewed
A0A4Z1NMX4	A0A4Z1NMX4_9PEZI	Venturia nashicola	86259	cellular organisms (no rank), Eukaryota (domain), Opisthokonta (clade), Fungi (kingdom), Dikarya (subkingdom), Ascomycota (phylum), saccharomyceta (clade), Pezizomycotina (subphylum), leotiomyceta (clade), dothideomyceta (clade), Dothideomycetes (class), Pleosporomycetidae (subclass), Venturiales (order), Venturiaceae (family), Venturia (genus)	131567 (no rank), 2759 (domain), 33154 (clade), 4751 (kingdom), 451864 (subkingdom), 4890 (phylum), 716545 (clade), 147538 (subphylum), 716546 (clade), 715962 (clade), 147541 (class), 451868 (subclass), 1111111 (order), 5023 (family), 5024 (genus)	265	unreviewed
A0A4Z1NXB7	A0A4Z1NXB7_9PEZI	Venturia nashicola	86259	cellular organisms (no rank), Eukaryota (domain), Opisthokonta (clade), Fungi (kingdom), Dikarya (subkingdom), Ascomycota (phylum), saccharomyceta (clade), Pezizomycotina (subphylum), leotiomyceta (clade), dothideomyceta (clade), Dothideomycetes (class), Pleosporomycetidae (subclass), Venturiales (order), Venturiaceae (family), Venturia (genus)	131567 (no rank), 2759 (domain), 33154 (clade), 4751 (kingdom), 451864 (subkingdom), 4890 (phylum), 716545 (clade), 147538 (subphylum), 716546 (clade), 715962 (clade), 147541 (class), 451868 (subclass), 1111111 (order), 5023 (family), 5024 (genus)	287	unreviewed
A0A507BPN0	A0A507BPN0_9PEZI	Thyridium curvatum	1093900	cellular organisms (no rank), Eukaryota (domain), Opisthokonta (clade), Fungi (kingdom), Dikarya (subkingdom), Ascomycota (phylum), saccharomyceta (clade), Pezizomycotina (subphylum), leotiomyceta (clade), sordariomyceta (clade), Sordariomycetes (class), Sordariomycetidae (subclass), Thyridiales (order), Thyridiaceae (family), Thyridium (genus)	131567 (no rank), 2759 (domain), 33154 (clade), 4751 (kingdom), 451864 (subkingdom), 4890 (phylum), 716545 (clade), 147538 (subphylum), 716546 (clade), 715989 (clade), 147550 (class), 222544 (subclass), 3402571 (order), 265081 (family), 265082 (genus)	286	unreviewed
A0A507DNB9	A0A507DNB9_9FUNG	Synchytrium endobioticum	286115	cellular organisms (no rank), Eukaryota (domain), Opisthokonta (clade), Fungi (kingdom), Fungi incertae sedis (no rank), Chytridiomycota (phylum), Chytridiomycota incertae sedis (no rank), Chytridiomycetes (class), Synchytriales (order), Synchytriaceae (family), Synchytrium (genus)	131567 (no rank), 2759 (domain), 33154 (clade), 4751 (kingdom), 112252 (no rank), 4761 (phylum), 2683659 (no rank), 451435 (class), 2231171 (order), 286113 (family), 286114 (genus)	266	unreviewed
A0A517LAE3	A0A517LAE3_9PEZI	Venturia effusa	50376	cellular organisms (no rank), Eukaryota (domain), Opisthokonta (clade), Fungi (kingdom), Dikarya (subkingdom), Ascomycota (phylum), saccharomyceta (clade), Pezizomycotina (subphylum), leotiomyceta (clade), dothideomyceta (clade), Dothideomycetes (class), Pleosporomycetidae (subclass), Venturiales (order), Venturiaceae (family), Venturia (genus)	131567 (no rank), 2759 (domain), 33154 (clade), 4751 (kingdom), 451864 (subkingdom), 4890 (phylum), 716545 (clade), 147538 (subphylum), 716546 (clade), 715962 (clade), 147541 (class), 451868 (subclass), 1111111 (order), 5023 (family), 5024 (genus)	312	unreviewed
A0A517LL11	A0A517LL11_9PEZI	Venturia effusa	50376	cellular organisms (no rank), Eukaryota (domain), Opisthokonta (clade), Fungi (kingdom), Dikarya (subkingdom), Ascomycota (phylum), saccharomyceta (clade), Pezizomycotina (subphylum), leotiomyceta (clade), dothideomyceta (clade), Dothideomycetes (class), Pleosporomycetidae (subclass), Venturiales (order), Venturiaceae (family), Venturia (genus)	131567 (no rank), 2759 (domain), 33154 (clade), 4751 (kingdom), 451864 (subkingdom), 4890 (phylum), 716545 (clade), 147538 (subphylum), 716546 (clade), 715962 (clade), 147541 (class), 451868 (subclass), 1111111 (order), 5023 (family), 5024 (genus)	262	unreviewed
A0A517LPD0	A0A517LPD0_9PEZI	Venturia effusa	50376	cellular organisms (no rank), Eukaryota (domain), Opisthokonta (clade), Fungi (kingdom), Dikarya (subkingdom), Ascomycota (phylum), saccharomyceta (clade), Pezizomycotina (subphylum), leotiomyceta (clade), dothideomyceta (clade), Dothideomycetes (class), Pleosporomycetidae (subclass), Venturiales (order), Venturiaceae (family), Venturia (genus)	131567 (no rank), 2759 (domain), 33154 (clade), 4751 (kingdom), 451864 (subkingdom), 4890 (phylum), 716545 (clade), 147538 (subphylum), 716546 (clade), 715962 (clade), 147541 (class), 451868 (subclass), 1111111 (order), 5023 (family), 5024 (genus)	283	unreviewed
A0A517LQM4	A0A517LQM4_9PEZI	Venturia effusa	50376	cellular organisms (no rank), Eukaryota (domain), Opisthokonta (clade), Fungi (kingdom), Dikarya (subkingdom), Ascomycota (phylum), saccharomyceta (clade), Pezizomycotina (subphylum), leotiomyceta (clade), dothideomyceta (clade), Dothideomycetes (class), Pleosporomycetidae (subclass), Venturiales (order), Venturiaceae (family), Venturia (genus)	131567 (no rank), 2759 (domain), 33154 (clade), 4751 (kingdom), 451864 (subkingdom), 4890 (phylum), 716545 (clade), 147538 (subphylum), 716546 (clade), 715962 (clade), 147541 (class), 451868 (subclass), 1111111 (order), 5023 (family), 5024 (genus)	266	unreviewed
A0A545VVG4	A0A545VVG4_9HYPO	Cordyceps javanica	43265	cellular organisms (no rank), Eukaryota (domain), Opisthokonta (clade), Fungi (kingdom), Dikarya (subkingdom), Ascomycota (phylum), saccharomyceta (clade), Pezizomycotina (subphylum), leotiomyceta (clade), sordariomyceta (clade), Sordariomycetes (class), Hypocreomycetidae (subclass), Hypocreales (order), Cordycipitaceae (family), Cordyceps (genus)	131567 (no rank), 2759 (domain), 33154 (clade), 4751 (kingdom), 451864 (subkingdom), 4890 (phylum), 716545 (clade), 147538 (subphylum), 716546 (clade), 715989 (clade), 147550 (class), 222543 (subclass), 5125 (order), 474943 (family), 45234 (genus)	288	unreviewed
A0A559MA35	A0A559MA35_9HELO	Lachnellula willkommii	215461	cellular organisms (no rank), Eukaryota (domain), Opisthokonta (clade), Fungi (kingdom), Dikarya (subkingdom), Ascomycota (phylum), saccharomyceta (clade), Pezizomycotina (subphylum), leotiomyceta (clade), sordariomyceta (clade), Leotiomycetes (class), Helotiales (order), Lachnaceae (family), Lachnellula (genus)	131567 (no rank), 2759 (domain), 33154 (clade), 4751 (kingdom), 451864 (subkingdom), 4890 (phylum), 716545 (clade), 147538 (subphylum), 716546 (clade), 715989 (clade), 147548 (class), 5178 (order), 2589077 (family), 47830 (genus)	260	unreviewed
A0A5M3MAM5	A0A5M3MAM5_CONPW	Coniophora puteana (strain RWD-64-598) (Brown rot fungus)	741705	cellular organisms (no rank), Eukaryota (domain), Opisthokonta (clade), Fungi (kingdom), Dikarya (subkingdom), Basidiomycota (phylum), Agaricomycotina (subphylum), Agaricomycetes (class), Agaricomycetidae (subclass), Boletales (order), Coniophorineae (suborder), Coniophoraceae (family), Coniophora (genus), Coniophora puteana (species)	131567 (no rank), 2759 (domain), 33154 (clade), 4751 (kingdom), 451864 (subkingdom), 5204 (phylum), 5302 (subphylum), 155619 (class), 452333 (subclass), 68889 (order), 227334 (suborder), 80634 (family), 80635 (genus), 80637 (species)	285	unreviewed
A0A5M9J9Y2	A0A5M9J9Y2_MONFR	Monilinia fructicola (Brown rot fungus) (Ciboria fructicola)	38448	cellular organisms (no rank), Eukaryota (domain), Opisthokonta (clade), Fungi (kingdom), Dikarya (subkingdom), Ascomycota (phylum), saccharomyceta (clade), Pezizomycotina (subphylum), leotiomyceta (clade), sordariomyceta (clade), Leotiomycetes (class), Helotiales (order), Sclerotiniaceae (family), Monilinia (genus)	131567 (no rank), 2759 (domain), 33154 (clade), 4751 (kingdom), 451864 (subkingdom), 4890 (phylum), 716545 (clade), 147538 (subphylum), 716546 (clade), 715989 (clade), 147548 (class), 5178 (order), 28983 (family), 38447 (genus)	257	unreviewed
A0A5S4G823	A0A5S4G823_9ACTN	Nonomuraea zeae	1642303	cellular organisms (no rank), Bacteria (domain), Bacillati (kingdom), Actinomycetota (phylum), Actinomycetes (class), Streptosporangiales (order), Streptosporangiaceae (family), Nonomuraea (genus)	131567 (no rank), 2 (domain), 1783272 (kingdom), 201174 (phylum), 1760 (class), 85012 (order), 2004 (family), 83681 (genus)	275	unreviewed
A0A5S4H3R9	A0A5S4H3R9_9ACTN	Actinomadura geliboluensis	882440	cellular organisms (no rank), Bacteria (domain), Bacillati (kingdom), Actinomycetota (phylum), Actinomycetes (class), Streptosporangiales (order), Thermomonosporaceae (family), Actinomadura (genus)	131567 (no rank), 2 (domain), 1783272 (kingdom), 201174 (phylum), 1760 (class), 85012 (order), 2012 (family), 1988 (genus)	335	unreviewed
A0A7K0C0L9	A0A7K0C0L9_9ACTN	Actinomadura macrotermitis	2585200	cellular organisms (no rank), Bacteria (domain), Bacillati (kingdom), Actinomycetota (phylum), Actinomycetes (class), Streptosporangiales (order), Thermomonosporaceae (family), Actinomadura (genus)	131567 (no rank), 2 (domain), 1783272 (kingdom), 201174 (phylum), 1760 (class), 85012 (order), 2012 (family), 1988 (genus)	289	unreviewed
A0A7W0CKZ2	A0A7W0CKZ2_9ACTN	Nonomuraea soli	1032476	cellular organisms (no rank), Bacteria (domain), Bacillati (kingdom), Actinomycetota (phylum), Actinomycetes (class), Streptosporangiales (order), Streptosporangiaceae (family), Nonomuraea (genus)	131567 (no rank), 2 (domain), 1783272 (kingdom), 201174 (phylum), 1760 (class), 85012 (order), 2004 (family), 83681 (genus)	266	unreviewed
A0A7W3LQW1	A0A7W3LQW1_ACTKI	Actinomadura kijaniata (Actinomadura namibiensis)	46161	cellular organisms (no rank), Bacteria (domain), Bacillati (kingdom), Actinomycetota (phylum), Actinomycetes (class), Streptosporangiales (order), Thermomonosporaceae (family), Actinomadura (genus)	131567 (no rank), 2 (domain), 1783272 (kingdom), 201174 (phylum), 1760 (class), 85012 (order), 2012 (family), 1988 (genus)	292	unreviewed
A0A7W3LR11	A0A7W3LR11_ACTKI	Actinomadura kijaniata (Actinomadura namibiensis)	46161	cellular organisms (no rank), Bacteria (domain), Bacillati (kingdom), Actinomycetota (phylum), Actinomycetes (class), Streptosporangiales (order), Thermomonosporaceae (family), Actinomadura (genus)	131567 (no rank), 2 (domain), 1783272 (kingdom), 201174 (phylum), 1760 (class), 85012 (order), 2012 (family), 1988 (genus)	267	unreviewed
A0A7W3MTQ6	A0A7W3MTQ6_9ACTN	Thermomonospora cellulosilytica	1411118	cellular organisms (no rank), Bacteria (domain), Bacillati (kingdom), Actinomycetota (phylum), Actinomycetes (class), Streptosporangiales (order), Thermomonosporaceae (family), Thermomonospora (genus)	131567 (no rank), 2 (domain), 1783272 (kingdom), 201174 (phylum), 1760 (class), 85012 (order), 2012 (family), 2019 (genus)	295	unreviewed
A0A7W3N2I8	A0A7W3N2I8_9ACTN	Thermomonospora cellulosilytica	1411118	cellular organisms (no rank), Bacteria (domain), Bacillati (kingdom), Actinomycetota (phylum), Actinomycetes (class), Streptosporangiales (order), Thermomonosporaceae (family), Thermomonospora (genus)	131567 (no rank), 2 (domain), 1783272 (kingdom), 201174 (phylum), 1760 (class), 85012 (order), 2012 (family), 2019 (genus)	287	unreviewed
A0A543IKT7	A0A543IKT7_9ACTN	Actinomadura hallensis	337895	cellular organisms (no rank), Bacteria (domain), Bacillati (kingdom), Actinomycetota (phylum), Actinomycetes (class), Streptosporangiales (order), Thermomonosporaceae (family), Actinomadura (genus)	131567 (no rank), 2 (domain), 1783272 (kingdom), 201174 (phylum), 1760 (class), 85012 (order), 2012 (family), 1988 (genus)	290	unreviewed
A0A6P2BTG6	A0A6P2BTG6_9ACTN	Trebonia kvetii	2480626	cellular organisms (no rank), Bacteria (domain), Bacillati (kingdom), Actinomycetota (phylum), Actinomycetes (class), Streptosporangiales (order), Treboniaceae (family), Trebonia (genus)	131567 (no rank), 2 (domain), 1783272 (kingdom), 201174 (phylum), 1760 (class), 85012 (order), 2767072 (family), 2767073 (genus)	315	unreviewed
A0A7D3VX47	A0A7D3VX47_ACTVE	Actinomadura verrucosospora	46165	cellular organisms (no rank), Bacteria (domain), Bacillati (kingdom), Actinomycetota (phylum), Actinomycetes (class), Streptosporangiales (order), Thermomonosporaceae (family), Actinomadura (genus)	131567 (no rank), 2 (domain), 1783272 (kingdom), 201174 (phylum), 1760 (class), 85012 (order), 2012 (family), 1988 (genus)	303	unreviewed
A0A7D3W2P3	A0A7D3W2P3_ACTVE	Actinomadura verrucosospora	46165	cellular organisms (no rank), Bacteria (domain), Bacillati (kingdom), Actinomycetota (phylum), Actinomycetes (class), Streptosporangiales (order), Thermomonosporaceae (family), Actinomadura (genus)	131567 (no rank), 2 (domain), 1783272 (kingdom), 201174 (phylum), 1760 (class), 85012 (order), 2012 (family), 1988 (genus)	287	unreviewed
A0A7K0BYW6	A0A7K0BYW6_9ACTN	Actinomadura macrotermitis	2585200	cellular organisms (no rank), Bacteria (domain), Bacillati (kingdom), Actinomycetota (phylum), Actinomycetes (class), Streptosporangiales (order), Thermomonosporaceae (family), Actinomadura (genus)	131567 (no rank), 2 (domain), 1783272 (kingdom), 201174 (phylum), 1760 (class), 85012 (order), 2012 (family), 1988 (genus)	303	unreviewed
A0A7W0CGN6	A0A7W0CGN6_9ACTN	Nonomuraea soli	1032476	cellular organisms (no rank), Bacteria (domain), Bacillati (kingdom), Actinomycetota (phylum), Actinomycetes (class), Streptosporangiales (order), Streptosporangiaceae (family), Nonomuraea (genus)	131567 (no rank), 2 (domain), 1783272 (kingdom), 201174 (phylum), 1760 (class), 85012 (order), 2004 (family), 83681 (genus)	301	unreviewed
A0A7W0HRK2	A0A7W0HRK2_9ACTN	Nonomuraea soli	1032476	cellular organisms (no rank), Bacteria (domain), Bacillati (kingdom), Actinomycetota (phylum), Actinomycetes (class), Streptosporangiales (order), Streptosporangiaceae (family), Nonomuraea (genus)	131567 (no rank), 2 (domain), 1783272 (kingdom), 201174 (phylum), 1760 (class), 85012 (order), 2004 (family), 83681 (genus)	288	unreviewed
A0A7W3LQR6	A0A7W3LQR6_ACTKI	Actinomadura kijaniata (Actinomadura namibiensis)	46161	cellular organisms (no rank), Bacteria (domain), Bacillati (kingdom), Actinomycetota (phylum), Actinomycetes (class), Streptosporangiales (order), Thermomonosporaceae (family), Actinomadura (genus)	131567 (no rank), 2 (domain), 1783272 (kingdom), 201174 (phylum), 1760 (class), 85012 (order), 2012 (family), 1988 (genus)	287	unreviewed
A0A7W3LXJ4	A0A7W3LXJ4_ACTKI	Actinomadura kijaniata (Actinomadura namibiensis)	46161	cellular organisms (no rank), Bacteria (domain), Bacillati (kingdom), Actinomycetota (phylum), Actinomycetes (class), Streptosporangiales (order), Thermomonosporaceae (family), Actinomadura (genus)	131567 (no rank), 2 (domain), 1783272 (kingdom), 201174 (phylum), 1760 (class), 85012 (order), 2012 (family), 1988 (genus)	280	unreviewed
A0A517LPK3	A0A517LPK3_9PEZI	Venturia effusa	50376	cellular organisms (no rank), Eukaryota (domain), Opisthokonta (clade), Fungi (kingdom), Dikarya (subkingdom), Ascomycota (phylum), saccharomyceta (clade), Pezizomycotina (subphylum), leotiomyceta (clade), dothideomyceta (clade), Dothideomycetes (class), Pleosporomycetidae (subclass), Venturiales (order), Venturiaceae (family), Venturia (genus)	131567 (no rank), 2759 (domain), 33154 (clade), 4751 (kingdom), 451864 (subkingdom), 4890 (phylum), 716545 (clade), 147538 (subphylum), 716546 (clade), 715962 (clade), 147541 (class), 451868 (subclass), 1111111 (order), 5023 (family), 5024 (genus)	310	unreviewed
A0A5M3W626	A0A5M3W626_9ACTN	Acrocarpospora corrugata	35763	cellular organisms (no rank), Bacteria (domain), Bacillati (kingdom), Actinomycetota (phylum), Actinomycetes (class), Streptosporangiales (order), Streptosporangiaceae (family), Acrocarpospora (genus)	131567 (no rank), 2 (domain), 1783272 (kingdom), 201174 (phylum), 1760 (class), 85012 (order), 2004 (family), 90974 (genus)	292	unreviewed
A0A6A6HD05	A0A6A6HD05_VIRVR	Viridothelium virens (Speckled blister lichen) (Trypethelium virens)	1048519	cellular organisms (no rank), Eukaryota (domain), Opisthokonta (clade), Fungi (kingdom), Dikarya (subkingdom), Ascomycota (phylum), saccharomyceta (clade), Pezizomycotina (subphylum), leotiomyceta (clade), dothideomyceta (clade), Dothideomycetes (class), Dothideomycetes incertae sedis (no rank), Trypetheliales (order), Trypetheliaceae (family), Viridothelium (genus)	131567 (no rank), 2759 (domain), 33154 (clade), 4751 (kingdom), 451864 (subkingdom), 4890 (phylum), 716545 (clade), 147538 (subphylum), 716546 (clade), 715962 (clade), 147541 (class), 159987 (no rank), 714581 (order), 271822 (family), 1929940 (genus)	263	unreviewed
A0A6A6HEB6	A0A6A6HEB6_VIRVR	Viridothelium virens (Speckled blister lichen) (Trypethelium virens)	1048519	cellular organisms (no rank), Eukaryota (domain), Opisthokonta (clade), Fungi (kingdom), Dikarya (subkingdom), Ascomycota (phylum), saccharomyceta (clade), Pezizomycotina (subphylum), leotiomyceta (clade), dothideomyceta (clade), Dothideomycetes (class), Dothideomycetes incertae sedis (no rank), Trypetheliales (order), Trypetheliaceae (family), Viridothelium (genus)	131567 (no rank), 2759 (domain), 33154 (clade), 4751 (kingdom), 451864 (subkingdom), 4890 (phylum), 716545 (clade), 147538 (subphylum), 716546 (clade), 715962 (clade), 147541 (class), 159987 (no rank), 714581 (order), 271822 (family), 1929940 (genus)	284	unreviewed
A0A6I4VZW1	A0A6I4VZW1_9ACTN	Actinomadura rayongensis	1429076	cellular organisms (no rank), Bacteria (domain), Bacillati (kingdom), Actinomycetota (phylum), Actinomycetes (class), Streptosporangiales (order), Thermomonosporaceae (family), Actinomadura (genus)	131567 (no rank), 2 (domain), 1783272 (kingdom), 201174 (phylum), 1760 (class), 85012 (order), 2012 (family), 1988 (genus)	290	unreviewed
A0A6I4W489	A0A6I4W489_9ACTN	Actinomadura rayongensis	1429076	cellular organisms (no rank), Bacteria (domain), Bacillati (kingdom), Actinomycetota (phylum), Actinomycetes (class), Streptosporangiales (order), Thermomonosporaceae (family), Actinomadura (genus)	131567 (no rank), 2 (domain), 1783272 (kingdom), 201174 (phylum), 1760 (class), 85012 (order), 2012 (family), 1988 (genus)	285	unreviewed
A0A6I4W9J4	A0A6I4W9J4_9ACTN	Actinomadura rayongensis	1429076	cellular organisms (no rank), Bacteria (domain), Bacillati (kingdom), Actinomycetota (phylum), Actinomycetes (class), Streptosporangiales (order), Thermomonosporaceae (family), Actinomadura (genus)	131567 (no rank), 2 (domain), 1783272 (kingdom), 201174 (phylum), 1760 (class), 85012 (order), 2012 (family), 1988 (genus)	295	unreviewed
A0A7C9NKH2	A0A7C9NKH2_9ACTN	Herbidospora solisilvae	2696284	cellular organisms (no rank), Bacteria (domain), Bacillati (kingdom), Actinomycetota (phylum), Actinomycetes (class), Streptosporangiales (order), Streptosporangiaceae (family), Herbidospora (genus)	131567 (no rank), 2 (domain), 1783272 (kingdom), 201174 (phylum), 1760 (class), 85012 (order), 2004 (family), 28443 (genus)	284	unreviewed
A0A7K0BNG8	A0A7K0BNG8_9ACTN	Actinomadura macrotermitis	2585200	cellular organisms (no rank), Bacteria (domain), Bacillati (kingdom), Actinomycetota (phylum), Actinomycetes (class), Streptosporangiales (order), Thermomonosporaceae (family), Actinomadura (genus)	131567 (no rank), 2 (domain), 1783272 (kingdom), 201174 (phylum), 1760 (class), 85012 (order), 2012 (family), 1988 (genus)	300	unreviewed
A0A7W3R6L2	A0A7W3R6L2_9ACTN	Thermomonospora cellulosilytica	1411118	cellular organisms (no rank), Bacteria (domain), Bacillati (kingdom), Actinomycetota (phylum), Actinomycetes (class), Streptosporangiales (order), Thermomonosporaceae (family), Thermomonospora (genus)	131567 (no rank), 2 (domain), 1783272 (kingdom), 201174 (phylum), 1760 (class), 85012 (order), 2012 (family), 2019 (genus)	293	unreviewed
A0A5C4J1R7	A0A5C4J1R7_9ACTN	Actinomadura soli	2508997	cellular organisms (no rank), Bacteria (domain), Bacillati (kingdom), Actinomycetota (phylum), Actinomycetes (class), Streptosporangiales (order), Thermomonosporaceae (family), Actinomadura (genus)	131567 (no rank), 2 (domain), 1783272 (kingdom), 201174 (phylum), 1760 (class), 85012 (order), 2012 (family), 1988 (genus)	310	unreviewed
A0A5C4VLV1	A0A5C4VLV1_9ACTN	Nonomuraea phyllanthi	2219224	cellular organisms (no rank), Bacteria (domain), Bacillati (kingdom), Actinomycetota (phylum), Actinomycetes (class), Streptosporangiales (order), Streptosporangiaceae (family), Nonomuraea (genus)	131567 (no rank), 2 (domain), 1783272 (kingdom), 201174 (phylum), 1760 (class), 85012 (order), 2004 (family), 83681 (genus)	310	unreviewed
A0A5C4WSK7	A0A5C4WSK7_9ACTN	Nonomuraea phyllanthi	2219224	cellular organisms (no rank), Bacteria (domain), Bacillati (kingdom), Actinomycetota (phylum), Actinomycetes (class), Streptosporangiales (order), Streptosporangiaceae (family), Nonomuraea (genus)	131567 (no rank), 2 (domain), 1783272 (kingdom), 201174 (phylum), 1760 (class), 85012 (order), 2004 (family), 83681 (genus)	296	unreviewed
A0A6G1G7Q5	A0A6G1G7Q5_9PEZI	Eremomyces bilateralis CBS 781.70	1392243	cellular organisms (no rank), Eukaryota (domain), Opisthokonta (clade), Fungi (kingdom), Dikarya (subkingdom), Ascomycota (phylum), saccharomyceta (clade), Pezizomycotina (subphylum), leotiomyceta (clade), dothideomyceta (clade), Dothideomycetes (class), Dothideomycetes incertae sedis (no rank), Eremomycetales (order), Eremomycetaceae (family), Eremomyces (genus), Eremomyces bilateralis (species)	131567 (no rank), 2759 (domain), 33154 (clade), 4751 (kingdom), 451864 (subkingdom), 4890 (phylum), 716545 (clade), 147538 (subphylum), 716546 (clade), 715962 (clade), 147541 (class), 159987 (no rank), 2714147 (order), 241722 (family), 258075 (genus), 1341166 (species)	258	unreviewed
A0A6I4MG66	A0A6I4MG66_9ACTN	Actinomadura physcomitrii	2650748	cellular organisms (no rank), Bacteria (domain), Bacillati (kingdom), Actinomycetota (phylum), Actinomycetes (class), Streptosporangiales (order), Thermomonosporaceae (family), Actinomadura (genus)	131567 (no rank), 2 (domain), 1783272 (kingdom), 201174 (phylum), 1760 (class), 85012 (order), 2012 (family), 1988 (genus)	310	unreviewed
A0A6I4WH26	A0A6I4WH26_9ACTN	Actinomadura rayongensis	1429076	cellular organisms (no rank), Bacteria (domain), Bacillati (kingdom), Actinomycetota (phylum), Actinomycetes (class), Streptosporangiales (order), Thermomonosporaceae (family), Actinomadura (genus)	131567 (no rank), 2 (domain), 1783272 (kingdom), 201174 (phylum), 1760 (class), 85012 (order), 2012 (family), 1988 (genus)	299	unreviewed
A0A7K0BW34	A0A7K0BW34_9ACTN	Actinomadura macrotermitis	2585200	cellular organisms (no rank), Bacteria (domain), Bacillati (kingdom), Actinomycetota (phylum), Actinomycetes (class), Streptosporangiales (order), Thermomonosporaceae (family), Actinomadura (genus)	131567 (no rank), 2 (domain), 1783272 (kingdom), 201174 (phylum), 1760 (class), 85012 (order), 2012 (family), 1988 (genus)	290	unreviewed
A0A4Y3RDQ0	A0A4Y3RDQ0_9ACTN	Streptomyces gardneri	66892	cellular organisms (no rank), Bacteria (domain), Bacillati (kingdom), Actinomycetota (phylum), Actinomycetes (class), Kitasatosporales (order), Streptomycetaceae (family), Streptomyces (genus)	131567 (no rank), 2 (domain), 1783272 (kingdom), 201174 (phylum), 1760 (class), 85011 (order), 2062 (family), 1883 (genus)	288	unreviewed
A0A512C2P5	A0A512C2P5_9HYPH	Microvirga aerophila	670291	cellular organisms (no rank), Bacteria (domain), Pseudomonadati (kingdom), Pseudomonadota (phylum), Alphaproteobacteria (class), Hyphomicrobiales (order), Methylobacteriaceae (family), Microvirga (genus)	131567 (no rank), 2 (domain), 3379134 (kingdom), 1224 (phylum), 28211 (class), 356 (order), 119045 (family), 186650 (genus)	350	unreviewed
A0A556QNH3	A0A556QNH3_9BACT	Rariglobus hedericola	2597822	cellular organisms (no rank), Bacteria (domain), Pseudomonadati (kingdom), PVC group (clade), Verrucomicrobiota (phylum), Opitutia (class), Opitutales (order), Opitutaceae (family), Rariglobus (genus)	131567 (no rank), 2 (domain), 3379134 (kingdom), 1783257 (clade), 74201 (phylum), 414999 (class), 415000 (order), 134623 (family), 2706524 (genus)	318	unreviewed
A0A7D6ZIT8	A0A7D6ZIT8_9NOCA	Nocardia huaxiensis	2755382	cellular organisms (no rank), Bacteria (domain), Bacillati (kingdom), Actinomycetota (phylum), Actinomycetes (class), Mycobacteriales (order), Nocardiaceae (family), Nocardia (genus)	131567 (no rank), 2 (domain), 1783272 (kingdom), 201174 (phylum), 1760 (class), 85007 (order), 85025 (family), 1817 (genus)	296	unreviewed
A0A5Q6S2Z8	A0A5Q6S2Z8_9ACTN	Mumia zhuanghuii	2585211	cellular organisms (no rank), Bacteria (domain), Bacillati (kingdom), Actinomycetota (phylum), Actinomycetes (class), Propionibacteriales (order), Nocardioidaceae (family), Mumia (genus)	131567 (no rank), 2 (domain), 1783272 (kingdom), 201174 (phylum), 1760 (class), 85009 (order), 85015 (family), 1546255 (genus)	310	unreviewed
A0A6C2YTQ5	A0A6C2YTQ5_9BACT	Tuwongella immobilis	692036	cellular organisms (no rank), Bacteria (domain), Pseudomonadati (kingdom), PVC group (clade), Planctomycetota (phylum), Planctomycetia (class), Gemmatales (order), Gemmataceae (family), Tuwongella (genus)	131567 (no rank), 2 (domain), 3379134 (kingdom), 1783257 (clade), 203682 (phylum), 203683 (class), 2691355 (order), 1914233 (family), 2051044 (genus)	326	unreviewed
A0A6G9YMI2	A0A6G9YMI2_9NOCA	Nocardia arthritidis	228602	cellular organisms (no rank), Bacteria (domain), Bacillati (kingdom), Actinomycetota (phylum), Actinomycetes (class), Mycobacteriales (order), Nocardiaceae (family), Nocardia (genus)	131567 (no rank), 2 (domain), 1783272 (kingdom), 201174 (phylum), 1760 (class), 85007 (order), 85025 (family), 1817 (genus)	325	unreviewed
A0A7D6ZFX0	A0A7D6ZFX0_9NOCA	Nocardia huaxiensis	2755382	cellular organisms (no rank), Bacteria (domain), Bacillati (kingdom), Actinomycetota (phylum), Actinomycetes (class), Mycobacteriales (order), Nocardiaceae (family), Nocardia (genus)	131567 (no rank), 2 (domain), 1783272 (kingdom), 201174 (phylum), 1760 (class), 85007 (order), 85025 (family), 1817 (genus)	329	unreviewed
A0A7H0LJJ6	A0A7H0LJJ6_9SPHN	Sphingomonas alpina	653931	cellular organisms (no rank), Bacteria (domain), Pseudomonadati (kingdom), Pseudomonadota (phylum), Alphaproteobacteria (class), Sphingomonadales (order), Sphingomonadaceae (family), Sphingomonas (genus)	131567 (no rank), 2 (domain), 3379134 (kingdom), 1224 (phylum), 28211 (class), 204457 (order), 41297 (family), 13687 (genus)	321	unreviewed
A0A543FN38	A0A543FN38_9PSEU	Pseudonocardia cypriaca	882449	cellular organisms (no rank), Bacteria (domain), Bacillati (kingdom), Actinomycetota (phylum), Actinomycetes (class), Pseudonocardiales (order), Pseudonocardiaceae (family), Pseudonocardia (genus)	131567 (no rank), 2 (domain), 1783272 (kingdom), 201174 (phylum), 1760 (class), 85010 (order), 2070 (family), 1847 (genus)	294	unreviewed
A0A5C8ZP14	A0A5C8ZP14_9GAMM	Parahaliea maris	2716870	cellular organisms (no rank), Bacteria (domain), Pseudomonadati (kingdom), Pseudomonadota (phylum), Gammaproteobacteria (class), Cellvibrionales (order), Halieaceae (family), Parahaliea (genus)	131567 (no rank), 2 (domain), 3379134 (kingdom), 1224 (phylum), 1236 (class), 1706369 (order), 1706372 (family), 1857932 (genus)	320	unreviewed
A0A6G1G4Z9	A0A6G1G4Z9_9PEZI	Eremomyces bilateralis CBS 781.70	1392243	cellular organisms (no rank), Eukaryota (domain), Opisthokonta (clade), Fungi (kingdom), Dikarya (subkingdom), Ascomycota (phylum), saccharomyceta (clade), Pezizomycotina (subphylum), leotiomyceta (clade), dothideomyceta (clade), Dothideomycetes (class), Dothideomycetes incertae sedis (no rank), Eremomycetales (order), Eremomycetaceae (family), Eremomyces (genus), Eremomyces bilateralis (species)	131567 (no rank), 2759 (domain), 33154 (clade), 4751 (kingdom), 451864 (subkingdom), 4890 (phylum), 716545 (clade), 147538 (subphylum), 716546 (clade), 715962 (clade), 147541 (class), 159987 (no rank), 2714147 (order), 241722 (family), 258075 (genus), 1341166 (species)	333	unreviewed
A0A6I4KZF1	A0A6I4KZF1_9PSED	Pseudomonas xionganensis	2654845	cellular organisms (no rank), Bacteria (domain), Pseudomonadati (kingdom), Pseudomonadota (phylum), Gammaproteobacteria (class), Pseudomonadales (order), Pseudomonadaceae (family), Pseudomonas (genus)	131567 (no rank), 2 (domain), 3379134 (kingdom), 1224 (phylum), 1236 (class), 72274 (order), 135621 (family), 286 (genus)	286	unreviewed
A0A6P1THF7	A0A6P1THF7_9GAMM	Microbulbifer hydrolyticus	48074	cellular organisms (no rank), Bacteria (domain), Pseudomonadati (kingdom), Pseudomonadota (phylum), Gammaproteobacteria (class), Cellvibrionales (order), Microbulbiferaceae (family), Microbulbifer (genus)	131567 (no rank), 2 (domain), 3379134 (kingdom), 1224 (phylum), 1236 (class), 1706369 (order), 1706373 (family), 48073 (genus)	298	unreviewed
A0A542DLD4	A0A542DLD4_AMYCI	Amycolatopsis cihanbeyliensis	1128664	cellular organisms (no rank), Bacteria (domain), Bacillati (kingdom), Actinomycetota (phylum), Actinomycetes (class), Pseudonocardiales (order), Pseudonocardiaceae (family), Amycolatopsis (genus)	131567 (no rank), 2 (domain), 1783272 (kingdom), 201174 (phylum), 1760 (class), 85010 (order), 2070 (family), 1813 (genus)	280	unreviewed
A0A5Q0HE30	A0A5Q0HE30_SACSY	Saccharothrix syringae (Nocardiopsis syringae)	103733	cellular organisms (no rank), Bacteria (domain), Bacillati (kingdom), Actinomycetota (phylum), Actinomycetes (class), Pseudonocardiales (order), Pseudonocardiaceae (family), Saccharothrix (genus)	131567 (no rank), 2 (domain), 1783272 (kingdom), 201174 (phylum), 1760 (class), 85010 (order), 2070 (family), 2071 (genus)	273	unreviewed
A0A6A6ZPM7	A0A6A6ZPM7_9PLEO	Ophiobolus disseminans	1469910	cellular organisms (no rank), Eukaryota (domain), Opisthokonta (clade), Fungi (kingdom), Dikarya (subkingdom), Ascomycota (phylum), saccharomyceta (clade), Pezizomycotina (subphylum), leotiomyceta (clade), dothideomyceta (clade), Dothideomycetes (class), Pleosporomycetidae (subclass), Pleosporales (order), Pleosporineae (suborder), Phaeosphaeriaceae (family), Ophiobolus (genus)	131567 (no rank), 2759 (domain), 33154 (clade), 4751 (kingdom), 451864 (subkingdom), 4890 (phylum), 716545 (clade), 147538 (subphylum), 716546 (clade), 715962 (clade), 147541 (class), 451868 (subclass), 92860 (order), 715340 (suborder), 5020 (family), 45294 (genus)	270	unreviewed
A0A6G7YM33	A0A6G7YM33_9SPHN	Sphingomonas piscis	2714943	cellular organisms (no rank), Bacteria (domain), Pseudomonadati (kingdom), Pseudomonadota (phylum), Alphaproteobacteria (class), Sphingomonadales (order), Sphingomonadaceae (family), Sphingomonas (genus)	131567 (no rank), 2 (domain), 3379134 (kingdom), 1224 (phylum), 28211 (class), 204457 (order), 41297 (family), 13687 (genus)	306	unreviewed
A0A6I6FHT8	A0A6I6FHT8_9ACTN	Streptomyces ficellus	1977088	cellular organisms (no rank), Bacteria (domain), Bacillati (kingdom), Actinomycetota (phylum), Actinomycetes (class), Kitasatosporales (order), Streptomycetaceae (family), Streptomyces (genus)	131567 (no rank), 2 (domain), 1783272 (kingdom), 201174 (phylum), 1760 (class), 85011 (order), 2062 (family), 1883 (genus)	303	unreviewed
A0A6L6JDB4	A0A6L6JDB4_9RHOB	Paracoccus aestuariivivens	1820333	cellular organisms (no rank), Bacteria (domain), Pseudomonadati (kingdom), Pseudomonadota (phylum), Alphaproteobacteria (class), Rhodobacterales (order), Paracoccaceae (family), Paracoccus (genus)	131567 (no rank), 2 (domain), 3379134 (kingdom), 1224 (phylum), 28211 (class), 204455 (order), 31989 (family), 265 (genus)	306	unreviewed
A0A7V8V8A4	A0A7V8V8A4_9BACT	Bremerella alba	980252	cellular organisms (no rank), Bacteria (domain), Pseudomonadati (kingdom), PVC group (clade), Planctomycetota (phylum), Planctomycetia (class), Pirellulales (order), Pirellulaceae (family), Bremerella (genus)	131567 (no rank), 2 (domain), 3379134 (kingdom), 1783257 (clade), 203682 (phylum), 203683 (class), 2691354 (order), 2691357 (family), 2714594 (genus)	338	unreviewed
A0A7G1KJX1	A0A7G1KJX1_9NOCA	Nocardia wallacei	480035	cellular organisms (no rank), Bacteria (domain), Bacillati (kingdom), Actinomycetota (phylum), Actinomycetes (class), Mycobacteriales (order), Nocardiaceae (family), Nocardia (genus)	131567 (no rank), 2 (domain), 1783272 (kingdom), 201174 (phylum), 1760 (class), 85007 (order), 85025 (family), 1817 (genus)	321	unreviewed
A0A841IUE8	A0A841IUE8_9ACTN	Nocardiopsis algeriensis	1478215	cellular organisms (no rank), Bacteria (domain), Bacillati (kingdom), Actinomycetota (phylum), Actinomycetes (class), Streptosporangiales (order), Nocardiopsidaceae (family), Nocardiopsis (genus)	131567 (no rank), 2 (domain), 1783272 (kingdom), 201174 (phylum), 1760 (class), 85012 (order), 83676 (family), 2013 (genus)	304	unreviewed
A0A9N9LCP2	A0A9N9LCP2_9HELO	Hymenoscyphus fraxineus	746836	cellular organisms (no rank), Eukaryota (domain), Opisthokonta (clade), Fungi (kingdom), Dikarya (subkingdom), Ascomycota (phylum), saccharomyceta (clade), Pezizomycotina (subphylum), leotiomyceta (clade), sordariomyceta (clade), Leotiomycetes (class), Helotiales (order), Helotiaceae (family), Hymenoscyphus (genus)	131567 (no rank), 2759 (domain), 33154 (clade), 4751 (kingdom), 451864 (subkingdom), 4890 (phylum), 716545 (clade), 147538 (subphylum), 716546 (clade), 715989 (clade), 147548 (class), 5178 (order), 5181 (family), 5182 (genus)	269	unreviewed
A0A9N9LRE3	A0A9N9LRE3_9HELO	Hymenoscyphus albidus	595503	cellular organisms (no rank), Eukaryota (domain), Opisthokonta (clade), Fungi (kingdom), Dikarya (subkingdom), Ascomycota (phylum), saccharomyceta (clade), Pezizomycotina (subphylum), leotiomyceta (clade), sordariomyceta (clade), Leotiomycetes (class), Helotiales (order), Helotiaceae (family), Hymenoscyphus (genus)	131567 (no rank), 2759 (domain), 33154 (clade), 4751 (kingdom), 451864 (subkingdom), 4890 (phylum), 716545 (clade), 147538 (subphylum), 716546 (clade), 715989 (clade), 147548 (class), 5178 (order), 5181 (family), 5182 (genus)	277	unreviewed
A0A7W7RJC2	A0A7W7RJC2_9ACTN	Lipingzhangella halophila	1783352	cellular organisms (no rank), Bacteria (domain), Bacillati (kingdom), Actinomycetota (phylum), Actinomycetes (class), Streptosporangiales (order), Nocardiopsidaceae (family), Lipingzhangella (genus)	131567 (no rank), 2 (domain), 1783272 (kingdom), 201174 (phylum), 1760 (class), 85012 (order), 83676 (family), 1874625 (genus)	311	unreviewed
A0A7Z0ET41	A0A7Z0ET41_9ACTN	Nocardiopsis aegyptia	220378	cellular organisms (no rank), Bacteria (domain), Bacillati (kingdom), Actinomycetota (phylum), Actinomycetes (class), Streptosporangiales (order), Nocardiopsidaceae (family), Nocardiopsis (genus)	131567 (no rank), 2 (domain), 1783272 (kingdom), 201174 (phylum), 1760 (class), 85012 (order), 83676 (family), 2013 (genus)	289	unreviewed
A0A7Z0EUU2	A0A7Z0EUU2_9ACTN	Nocardiopsis aegyptia	220378	cellular organisms (no rank), Bacteria (domain), Bacillati (kingdom), Actinomycetota (phylum), Actinomycetes (class), Streptosporangiales (order), Nocardiopsidaceae (family), Nocardiopsis (genus)	131567 (no rank), 2 (domain), 1783272 (kingdom), 201174 (phylum), 1760 (class), 85012 (order), 83676 (family), 2013 (genus)	283	unreviewed
A0A7Z0JAZ5	A0A7Z0JAZ5_9ACTN	Nocardiopsis aegyptia	220378	cellular organisms (no rank), Bacteria (domain), Bacillati (kingdom), Actinomycetota (phylum), Actinomycetes (class), Streptosporangiales (order), Nocardiopsidaceae (family), Nocardiopsis (genus)	131567 (no rank), 2 (domain), 1783272 (kingdom), 201174 (phylum), 1760 (class), 85012 (order), 83676 (family), 2013 (genus)	308	unreviewed
A0A840P2P8	A0A840P2P8_9ACTN	Thermocatellispora tengchongensis	1073253	cellular organisms (no rank), Bacteria (domain), Bacillati (kingdom), Actinomycetota (phylum), Actinomycetes (class), Streptosporangiales (order), Streptosporangiaceae (family), Thermocatellispora (genus)	131567 (no rank), 2 (domain), 1783272 (kingdom), 201174 (phylum), 1760 (class), 85012 (order), 2004 (family), 1649505 (genus)	300	unreviewed
A0A841ED77	A0A841ED77_9ACTN	Streptomonospora salina	104205	cellular organisms (no rank), Bacteria (domain), Bacillati (kingdom), Actinomycetota (phylum), Actinomycetes (class), Streptosporangiales (order), Nocardiopsidaceae (family), Streptomonospora (genus)	131567 (no rank), 2 (domain), 1783272 (kingdom), 201174 (phylum), 1760 (class), 85012 (order), 83676 (family), 104204 (genus)	316	unreviewed
A0A852TYE9	A0A852TYE9_9ACTN	Spinactinospora alkalitolerans	687207	cellular organisms (no rank), Bacteria (domain), Bacillati (kingdom), Actinomycetota (phylum), Actinomycetes (class), Streptosporangiales (order), Nocardiopsidaceae (family), Spinactinospora (genus)	131567 (no rank), 2 (domain), 1783272 (kingdom), 201174 (phylum), 1760 (class), 85012 (order), 83676 (family), 1434047 (genus)	318	unreviewed
A0A8H9LKD0	A0A8H9LKD0_9ACTN	Microbispora bryophytorum	1460882	cellular organisms (no rank), Bacteria (domain), Bacillati (kingdom), Actinomycetota (phylum), Actinomycetes (class), Streptosporangiales (order), Streptosporangiaceae (family), Microbispora (genus)	131567 (no rank), 2 (domain), 1783272 (kingdom), 201174 (phylum), 1760 (class), 85012 (order), 2004 (family), 2005 (genus)	306	unreviewed
A0A8J3X7Y9	A0A8J3X7Y9_9ACTN	Planotetraspora mira	58121	cellular organisms (no rank), Bacteria (domain), Bacillati (kingdom), Actinomycetota (phylum), Actinomycetes (class), Streptosporangiales (order), Streptosporangiaceae (family), Planotetraspora (genus)	131567 (no rank), 2 (domain), 1783272 (kingdom), 201174 (phylum), 1760 (class), 85012 (order), 2004 (family), 58120 (genus)	309	unreviewed
A0A931GV53	A0A931GV53_9ACTN	Actinomadura viridis	58110	cellular organisms (no rank), Bacteria (domain), Bacillati (kingdom), Actinomycetota (phylum), Actinomycetes (class), Streptosporangiales (order), Thermomonosporaceae (family), Actinomadura (genus)	131567 (no rank), 2 (domain), 1783272 (kingdom), 201174 (phylum), 1760 (class), 85012 (order), 2012 (family), 1988 (genus)	289	unreviewed
A0A7W7RIU6	A0A7W7RIU6_9ACTN	Lipingzhangella halophila	1783352	cellular organisms (no rank), Bacteria (domain), Bacillati (kingdom), Actinomycetota (phylum), Actinomycetes (class), Streptosporangiales (order), Nocardiopsidaceae (family), Lipingzhangella (genus)	131567 (no rank), 2 (domain), 1783272 (kingdom), 201174 (phylum), 1760 (class), 85012 (order), 83676 (family), 1874625 (genus)	250	unreviewed
A0A7W9IC21	A0A7W9IC21_9ACTN	Streptosporangium becharense	1816182	cellular organisms (no rank), Bacteria (domain), Bacillati (kingdom), Actinomycetota (phylum), Actinomycetes (class), Streptosporangiales (order), Streptosporangiaceae (family), Streptosporangium (genus)	131567 (no rank), 2 (domain), 1783272 (kingdom), 201174 (phylum), 1760 (class), 85012 (order), 2004 (family), 2000 (genus)	305	unreviewed
A0A7Y6MET4	A0A7Y6MET4_9ACTN	Nonomuraea rhodomycinica	1712872	cellular organisms (no rank), Bacteria (domain), Bacillati (kingdom), Actinomycetota (phylum), Actinomycetes (class), Streptosporangiales (order), Streptosporangiaceae (family), Nonomuraea (genus)	131567 (no rank), 2 (domain), 1783272 (kingdom), 201174 (phylum), 1760 (class), 85012 (order), 2004 (family), 83681 (genus)	294	unreviewed
A0A8H9GVK2	A0A8H9GVK2_9ACTN	Microbispora bryophytorum	1460882	cellular organisms (no rank), Bacteria (domain), Bacillati (kingdom), Actinomycetota (phylum), Actinomycetes (class), Streptosporangiales (order), Streptosporangiaceae (family), Microbispora (genus)	131567 (no rank), 2 (domain), 1783272 (kingdom), 201174 (phylum), 1760 (class), 85012 (order), 2004 (family), 2005 (genus)	281	unreviewed
A0A918XC99	A0A918XC99_9ACTN	Nocardiopsis kunsanensis	141693	cellular organisms (no rank), Bacteria (domain), Bacillati (kingdom), Actinomycetota (phylum), Actinomycetes (class), Streptosporangiales (order), Nocardiopsidaceae (family), Nocardiopsis (genus)	131567 (no rank), 2 (domain), 1783272 (kingdom), 201174 (phylum), 1760 (class), 85012 (order), 83676 (family), 2013 (genus)	313	unreviewed
A0A919UGB5	A0A919UGB5_9ACTN	Dactylosporangium siamense	685454	cellular organisms (no rank), Bacteria (domain), Bacillati (kingdom), Actinomycetota (phylum), Actinomycetes (class), Micromonosporales (order), Micromonosporaceae (family), Dactylosporangium (genus)	131567 (no rank), 2 (domain), 1783272 (kingdom), 201174 (phylum), 1760 (class), 85008 (order), 28056 (family), 35753 (genus)	345	unreviewed
A0A931AKC4	A0A931AKC4_9ACTN	Nonomuraea cypriaca	1187855	cellular organisms (no rank), Bacteria (domain), Bacillati (kingdom), Actinomycetota (phylum), Actinomycetes (class), Streptosporangiales (order), Streptosporangiaceae (family), Nonomuraea (genus)	131567 (no rank), 2 (domain), 1783272 (kingdom), 201174 (phylum), 1760 (class), 85012 (order), 2004 (family), 83681 (genus)	311	unreviewed
A0A7W9GDV7	A0A7W9GDV7_9ACTN	Nonomuraea jabiensis	882448	cellular organisms (no rank), Bacteria (domain), Bacillati (kingdom), Actinomycetota (phylum), Actinomycetes (class), Streptosporangiales (order), Streptosporangiaceae (family), Nonomuraea (genus)	131567 (no rank), 2 (domain), 1783272 (kingdom), 201174 (phylum), 1760 (class), 85012 (order), 2004 (family), 83681 (genus)	295	unreviewed
A0A7W9IMV4	A0A7W9IMV4_9ACTN	Streptosporangium becharense	1816182	cellular organisms (no rank), Bacteria (domain), Bacillati (kingdom), Actinomycetota (phylum), Actinomycetes (class), Streptosporangiales (order), Streptosporangiaceae (family), Streptosporangium (genus)	131567 (no rank), 2 (domain), 1783272 (kingdom), 201174 (phylum), 1760 (class), 85012 (order), 2004 (family), 2000 (genus)	301	unreviewed
A0A7X0U3W9	A0A7X0U3W9_9ACTN	Nonomuraea rubra	46180	cellular organisms (no rank), Bacteria (domain), Bacillati (kingdom), Actinomycetota (phylum), Actinomycetes (class), Streptosporangiales (order), Streptosporangiaceae (family), Nonomuraea (genus)	131567 (no rank), 2 (domain), 1783272 (kingdom), 201174 (phylum), 1760 (class), 85012 (order), 2004 (family), 83681 (genus)	303	unreviewed
A0A7X6RRV0	A0A7X6RRV0_9ACTN	Nocardiopsis alborubida	146802	cellular organisms (no rank), Bacteria (domain), Bacillati (kingdom), Actinomycetota (phylum), Actinomycetes (class), Streptosporangiales (order), Nocardiopsidaceae (family), Nocardiopsis (genus)	131567 (no rank), 2 (domain), 1783272 (kingdom), 201174 (phylum), 1760 (class), 85012 (order), 83676 (family), 2013 (genus)	311	unreviewed
A0A7Y6MCQ0	A0A7Y6MCQ0_9ACTN	Nonomuraea rhodomycinica	1712872	cellular organisms (no rank), Bacteria (domain), Bacillati (kingdom), Actinomycetota (phylum), Actinomycetes (class), Streptosporangiales (order), Streptosporangiaceae (family), Nonomuraea (genus)	131567 (no rank), 2 (domain), 1783272 (kingdom), 201174 (phylum), 1760 (class), 85012 (order), 2004 (family), 83681 (genus)	285	unreviewed
A0A7Y9EM44	A0A7Y9EM44_9ACTN	Actinomadura luteofluorescens	46163	cellular organisms (no rank), Bacteria (domain), Bacillati (kingdom), Actinomycetota (phylum), Actinomycetes (class), Streptosporangiales (order), Thermomonosporaceae (family), Actinomadura (genus)	131567 (no rank), 2 (domain), 1783272 (kingdom), 201174 (phylum), 1760 (class), 85012 (order), 2012 (family), 1988 (genus)	293	unreviewed
A0A7Y9GI10	A0A7Y9GI10_9ACTN	Actinomadura citrea	46158	cellular organisms (no rank), Bacteria (domain), Bacillati (kingdom), Actinomycetota (phylum), Actinomycetes (class), Streptosporangiales (order), Thermomonosporaceae (family), Actinomadura (genus)	131567 (no rank), 2 (domain), 1783272 (kingdom), 201174 (phylum), 1760 (class), 85012 (order), 2012 (family), 1988 (genus)	291	unreviewed
A0A840NXT3	A0A840NXT3_9ACTN	Thermocatellispora tengchongensis	1073253	cellular organisms (no rank), Bacteria (domain), Bacillati (kingdom), Actinomycetota (phylum), Actinomycetes (class), Streptosporangiales (order), Streptosporangiaceae (family), Thermocatellispora (genus)	131567 (no rank), 2 (domain), 1783272 (kingdom), 201174 (phylum), 1760 (class), 85012 (order), 2004 (family), 1649505 (genus)	304	unreviewed
A0A846ZDK3	A0A846ZDK3_9ACTN	Actinomadura latina	163603	cellular organisms (no rank), Bacteria (domain), Bacillati (kingdom), Actinomycetota (phylum), Actinomycetes (class), Streptosporangiales (order), Thermomonosporaceae (family), Actinomadura (genus)	131567 (no rank), 2 (domain), 1783272 (kingdom), 201174 (phylum), 1760 (class), 85012 (order), 2012 (family), 1988 (genus)	291	unreviewed
A0A8J3PRQ9	A0A8J3PRQ9_9ACTN	Planotetraspora kaengkrachanensis	575193	cellular organisms (no rank), Bacteria (domain), Bacillati (kingdom), Actinomycetota (phylum), Actinomycetes (class), Streptosporangiales (order), Streptosporangiaceae (family), Planotetraspora (genus)	131567 (no rank), 2 (domain), 1783272 (kingdom), 201174 (phylum), 1760 (class), 85012 (order), 2004 (family), 58120 (genus)	306	unreviewed
A0A8J3WQI5	A0A8J3WQI5_9ACTN	Planobispora siamensis	936338	cellular organisms (no rank), Bacteria (domain), Bacillati (kingdom), Actinomycetota (phylum), Actinomycetes (class), Streptosporangiales (order), Streptosporangiaceae (family), Planobispora (genus)	131567 (no rank), 2 (domain), 1783272 (kingdom), 201174 (phylum), 1760 (class), 85012 (order), 2004 (family), 29298 (genus)	300	unreviewed
A0A8J3XMP6	A0A8J3XMP6_9ACTN	Planotetraspora silvatica	234614	cellular organisms (no rank), Bacteria (domain), Bacillati (kingdom), Actinomycetota (phylum), Actinomycetes (class), Streptosporangiales (order), Streptosporangiaceae (family), Planotetraspora (genus)	131567 (no rank), 2 (domain), 1783272 (kingdom), 201174 (phylum), 1760 (class), 85012 (order), 2004 (family), 58120 (genus)	309	unreviewed
A0A918DIC6	A0A918DIC6_9ACTN	Nonomuraea cavernae	2045107	cellular organisms (no rank), Bacteria (domain), Bacillati (kingdom), Actinomycetota (phylum), Actinomycetes (class), Streptosporangiales (order), Streptosporangiaceae (family), Nonomuraea (genus)	131567 (no rank), 2 (domain), 1783272 (kingdom), 201174 (phylum), 1760 (class), 85012 (order), 2004 (family), 83681 (genus)	327	unreviewed
A0A939TAR4	A0A939TAR4_9ACTN	Actinomadura barringtoniae	1427535	cellular organisms (no rank), Bacteria (domain), Bacillati (kingdom), Actinomycetota (phylum), Actinomycetes (class), Streptosporangiales (order), Thermomonosporaceae (family), Actinomadura (genus)	131567 (no rank), 2 (domain), 1783272 (kingdom), 201174 (phylum), 1760 (class), 85012 (order), 2012 (family), 1988 (genus)	298	unreviewed
A0A975LD17	A0A975LD17_9ACTN	Nocardiopsis eucommiae	2831970	cellular organisms (no rank), Bacteria (domain), Bacillati (kingdom), Actinomycetota (phylum), Actinomycetes (class), Streptosporangiales (order), Nocardiopsidaceae (family), Nocardiopsis (genus)	131567 (no rank), 2 (domain), 1783272 (kingdom), 201174 (phylum), 1760 (class), 85012 (order), 83676 (family), 2013 (genus)	297	unreviewed
A0A7W5VR51	A0A7W5VR51_9ACTN	Nonomuraea dietziae	65515	cellular organisms (no rank), Bacteria (domain), Bacillati (kingdom), Actinomycetota (phylum), Actinomycetes (class), Streptosporangiales (order), Streptosporangiaceae (family), Nonomuraea (genus)	131567 (no rank), 2 (domain), 1783272 (kingdom), 201174 (phylum), 1760 (class), 85012 (order), 2004 (family), 83681 (genus)	275	unreviewed
A0A7W7IIG7	A0A7W7IIG7_9ACTN	Actinomadura livida	79909	cellular organisms (no rank), Bacteria (domain), Bacillati (kingdom), Actinomycetota (phylum), Actinomycetes (class), Streptosporangiales (order), Thermomonosporaceae (family), Actinomadura (genus)	131567 (no rank), 2 (domain), 1783272 (kingdom), 201174 (phylum), 1760 (class), 85012 (order), 2012 (family), 1988 (genus)	290	unreviewed
A0A7W7RNW4	A0A7W7RNW4_9ACTN	Lipingzhangella halophila	1783352	cellular organisms (no rank), Bacteria (domain), Bacillati (kingdom), Actinomycetota (phylum), Actinomycetes (class), Streptosporangiales (order), Nocardiopsidaceae (family), Lipingzhangella (genus)	131567 (no rank), 2 (domain), 1783272 (kingdom), 201174 (phylum), 1760 (class), 85012 (order), 83676 (family), 1874625 (genus)	282	unreviewed
A0A7W7W8Y9	A0A7W7W8Y9_9ACTN	Streptosporangium album	47479	cellular organisms (no rank), Bacteria (domain), Bacillati (kingdom), Actinomycetota (phylum), Actinomycetes (class), Streptosporangiales (order), Streptosporangiaceae (family), Streptosporangium (genus)	131567 (no rank), 2 (domain), 1783272 (kingdom), 201174 (phylum), 1760 (class), 85012 (order), 2004 (family), 2000 (genus)	281	unreviewed
A0A7W8AD49	A0A7W8AD49_9ACTN	Nonomuraea endophytica	714136	cellular organisms (no rank), Bacteria (domain), Bacillati (kingdom), Actinomycetota (phylum), Actinomycetes (class), Streptosporangiales (order), Streptosporangiaceae (family), Nonomuraea (genus)	131567 (no rank), 2 (domain), 1783272 (kingdom), 201174 (phylum), 1760 (class), 85012 (order), 2004 (family), 83681 (genus)	288	unreviewed
A0A7X0U566	A0A7X0U566_9ACTN	Nonomuraea rubra	46180	cellular organisms (no rank), Bacteria (domain), Bacillati (kingdom), Actinomycetota (phylum), Actinomycetes (class), Streptosporangiales (order), Streptosporangiaceae (family), Nonomuraea (genus)	131567 (no rank), 2 (domain), 1783272 (kingdom), 201174 (phylum), 1760 (class), 85012 (order), 2004 (family), 83681 (genus)	281	unreviewed
A0A7Z0ENR9	A0A7Z0ENR9_9ACTN	Nocardiopsis aegyptia	220378	cellular organisms (no rank), Bacteria (domain), Bacillati (kingdom), Actinomycetota (phylum), Actinomycetes (class), Streptosporangiales (order), Nocardiopsidaceae (family), Nocardiopsis (genus)	131567 (no rank), 2 (domain), 1783272 (kingdom), 201174 (phylum), 1760 (class), 85012 (order), 83676 (family), 2013 (genus)	304	unreviewed
A0A840P6D1	A0A840P6D1_9ACTN	Thermocatellispora tengchongensis	1073253	cellular organisms (no rank), Bacteria (domain), Bacillati (kingdom), Actinomycetota (phylum), Actinomycetes (class), Streptosporangiales (order), Streptosporangiaceae (family), Thermocatellispora (genus)	131567 (no rank), 2 (domain), 1783272 (kingdom), 201174 (phylum), 1760 (class), 85012 (order), 2004 (family), 1649505 (genus)	281	unreviewed
A0A841DCU0	A0A841DCU0_PLAVE	Planomonospora venezuelensis	1999	cellular organisms (no rank), Bacteria (domain), Bacillati (kingdom), Actinomycetota (phylum), Actinomycetes (class), Streptosporangiales (order), Streptosporangiaceae (family), Planomonospora (genus)	131567 (no rank), 2 (domain), 1783272 (kingdom), 201174 (phylum), 1760 (class), 85012 (order), 2004 (family), 1998 (genus)	305	unreviewed
A0A841IQ61	A0A841IQ61_9ACTN	Nocardiopsis algeriensis	1478215	cellular organisms (no rank), Bacteria (domain), Bacillati (kingdom), Actinomycetota (phylum), Actinomycetes (class), Streptosporangiales (order), Nocardiopsidaceae (family), Nocardiopsis (genus)	131567 (no rank), 2 (domain), 1783272 (kingdom), 201174 (phylum), 1760 (class), 85012 (order), 83676 (family), 2013 (genus)	284	unreviewed
A0A853BQM0	A0A853BQM0_9ACTN	Streptomonospora nanhaiensis	1323731	cellular organisms (no rank), Bacteria (domain), Bacillati (kingdom), Actinomycetota (phylum), Actinomycetes (class), Streptosporangiales (order), Nocardiopsidaceae (family), Streptomonospora (genus)	131567 (no rank), 2 (domain), 1783272 (kingdom), 201174 (phylum), 1760 (class), 85012 (order), 83676 (family), 104204 (genus)	309	unreviewed
A0A853BTF5	A0A853BTF5_9ACTN	Streptomonospora nanhaiensis	1323731	cellular organisms (no rank), Bacteria (domain), Bacillati (kingdom), Actinomycetota (phylum), Actinomycetes (class), Streptosporangiales (order), Nocardiopsidaceae (family), Streptomonospora (genus)	131567 (no rank), 2 (domain), 1783272 (kingdom), 201174 (phylum), 1760 (class), 85012 (order), 83676 (family), 104204 (genus)	285	unreviewed
A0A8D4BD61	A0A8D4BD61_STRFA	Streptomyces pratensis (strain ATCC 33331 / IAF-45CD)	591167	cellular organisms (no rank), Bacteria (domain), Bacillati (kingdom), Actinomycetota (phylum), Actinomycetes (class), Kitasatosporales (order), Streptomycetaceae (family), Streptomyces (genus), Streptomyces pratensis (species)	131567 (no rank), 2 (domain), 1783272 (kingdom), 201174 (phylum), 1760 (class), 85011 (order), 2062 (family), 1883 (genus), 1169025 (species)	310	unreviewed
A0A8J3S7U8	A0A8J3S7U8_PLARO	Planobispora rosea	35762	cellular organisms (no rank), Bacteria (domain), Bacillati (kingdom), Actinomycetota (phylum), Actinomycetes (class), Streptosporangiales (order), Streptosporangiaceae (family), Planobispora (genus)	131567 (no rank), 2 (domain), 1783272 (kingdom), 201174 (phylum), 1760 (class), 85012 (order), 2004 (family), 29298 (genus)	281	unreviewed
A0A8J3T081	A0A8J3T081_9ACTN	Planobispora takensis	1367882	cellular organisms (no rank), Bacteria (domain), Bacillati (kingdom), Actinomycetota (phylum), Actinomycetes (class), Streptosporangiales (order), Streptosporangiaceae (family), Planobispora (genus)	131567 (no rank), 2 (domain), 1783272 (kingdom), 201174 (phylum), 1760 (class), 85012 (order), 2004 (family), 29298 (genus)	300	unreviewed
A0A8J3W5P3	A0A8J3W5P3_9ACTN	Planobispora longispora	28887	cellular organisms (no rank), Bacteria (domain), Bacillati (kingdom), Actinomycetota (phylum), Actinomycetes (class), Streptosporangiales (order), Streptosporangiaceae (family), Planobispora (genus)	131567 (no rank), 2 (domain), 1783272 (kingdom), 201174 (phylum), 1760 (class), 85012 (order), 2004 (family), 29298 (genus)	301	unreviewed
A0A917Z115	A0A917Z115_9ACTN	Nonomuraea cavernae	2045107	cellular organisms (no rank), Bacteria (domain), Bacillati (kingdom), Actinomycetota (phylum), Actinomycetes (class), Streptosporangiales (order), Streptosporangiaceae (family), Nonomuraea (genus)	131567 (no rank), 2 (domain), 1783272 (kingdom), 201174 (phylum), 1760 (class), 85012 (order), 2004 (family), 83681 (genus)	301	unreviewed
A0A939PKG5	A0A939PKG5_9ACTN	Actinomadura barringtoniae	1427535	cellular organisms (no rank), Bacteria (domain), Bacillati (kingdom), Actinomycetota (phylum), Actinomycetes (class), Streptosporangiales (order), Thermomonosporaceae (family), Actinomadura (genus)	131567 (no rank), 2 (domain), 1783272 (kingdom), 201174 (phylum), 1760 (class), 85012 (order), 2012 (family), 1988 (genus)	283	unreviewed
A0A7W7VS92	A0A7W7VS92_9ACTN	Streptosporangium saharense	1706840	cellular organisms (no rank), Bacteria (domain), Bacillati (kingdom), Actinomycetota (phylum), Actinomycetes (class), Streptosporangiales (order), Streptosporangiaceae (family), Streptosporangium (genus)	131567 (no rank), 2 (domain), 1783272 (kingdom), 201174 (phylum), 1760 (class), 85012 (order), 2004 (family), 2000 (genus)	287	unreviewed
A0A7W8EHH8	A0A7W8EHH8_9ACTN	Nonomuraea endophytica	714136	cellular organisms (no rank), Bacteria (domain), Bacillati (kingdom), Actinomycetota (phylum), Actinomycetes (class), Streptosporangiales (order), Streptosporangiaceae (family), Nonomuraea (genus)	131567 (no rank), 2 (domain), 1783272 (kingdom), 201174 (phylum), 1760 (class), 85012 (order), 2004 (family), 83681 (genus)	272	unreviewed
A0A7W9GH83	A0A7W9GH83_9ACTN	Nonomuraea jabiensis	882448	cellular organisms (no rank), Bacteria (domain), Bacillati (kingdom), Actinomycetota (phylum), Actinomycetes (class), Streptosporangiales (order), Streptosporangiaceae (family), Nonomuraea (genus)	131567 (no rank), 2 (domain), 1783272 (kingdom), 201174 (phylum), 1760 (class), 85012 (order), 2004 (family), 83681 (genus)	275	unreviewed
A0A7W9IBT4	A0A7W9IBT4_9ACTN	Streptosporangium becharense	1816182	cellular organisms (no rank), Bacteria (domain), Bacillati (kingdom), Actinomycetota (phylum), Actinomycetes (class), Streptosporangiales (order), Streptosporangiaceae (family), Streptosporangium (genus)	131567 (no rank), 2 (domain), 1783272 (kingdom), 201174 (phylum), 1760 (class), 85012 (order), 2004 (family), 2000 (genus)	281	unreviewed
A0A7X0EVU5	A0A7X0EVU5_9ACTN	Nonomuraea muscovyensis	1124761	cellular organisms (no rank), Bacteria (domain), Bacillati (kingdom), Actinomycetota (phylum), Actinomycetes (class), Streptosporangiales (order), Streptosporangiaceae (family), Nonomuraea (genus)	131567 (no rank), 2 (domain), 1783272 (kingdom), 201174 (phylum), 1760 (class), 85012 (order), 2004 (family), 83681 (genus)	275	unreviewed
A0A7X0L0G3	A0A7X0L0G3_9ACTN	Actinomadura coerulea	46159	cellular organisms (no rank), Bacteria (domain), Bacillati (kingdom), Actinomycetota (phylum), Actinomycetes (class), Streptosporangiales (order), Thermomonosporaceae (family), Actinomadura (genus)	131567 (no rank), 2 (domain), 1783272 (kingdom), 201174 (phylum), 1760 (class), 85012 (order), 2012 (family), 1988 (genus)	291	unreviewed
A0A7Y6I7B0	A0A7Y6I7B0_9ACTN	Nonomuraea montanisoli	2741721	cellular organisms (no rank), Bacteria (domain), Bacillati (kingdom), Actinomycetota (phylum), Actinomycetes (class), Streptosporangiales (order), Streptosporangiaceae (family), Nonomuraea (genus)	131567 (no rank), 2 (domain), 1783272 (kingdom), 201174 (phylum), 1760 (class), 85012 (order), 2004 (family), 83681 (genus)	285	unreviewed
A0A7Y9KFU4	A0A7Y9KFU4_9ACTN	Actinomadura citrea	46158	cellular organisms (no rank), Bacteria (domain), Bacillati (kingdom), Actinomycetota (phylum), Actinomycetes (class), Streptosporangiales (order), Thermomonosporaceae (family), Actinomadura (genus)	131567 (no rank), 2 (domain), 1783272 (kingdom), 201174 (phylum), 1760 (class), 85012 (order), 2012 (family), 1988 (genus)	308	unreviewed
A0A840WFK4	A0A840WFK4_9ACTN	Nocardiopsis metallicus	179819	cellular organisms (no rank), Bacteria (domain), Bacillati (kingdom), Actinomycetota (phylum), Actinomycetes (class), Streptosporangiales (order), Nocardiopsidaceae (family), Nocardiopsis (genus)	131567 (no rank), 2 (domain), 1783272 (kingdom), 201174 (phylum), 1760 (class), 85012 (order), 83676 (family), 2013 (genus)	312	unreviewed
A0A8J3RZU3	A0A8J3RZU3_PLARO	Planobispora rosea	35762	cellular organisms (no rank), Bacteria (domain), Bacillati (kingdom), Actinomycetota (phylum), Actinomycetes (class), Streptosporangiales (order), Streptosporangiaceae (family), Planobispora (genus)	131567 (no rank), 2 (domain), 1783272 (kingdom), 201174 (phylum), 1760 (class), 85012 (order), 2004 (family), 29298 (genus)	323	unreviewed
A0A8J3S661	A0A8J3S661_PLARO	Planobispora rosea	35762	cellular organisms (no rank), Bacteria (domain), Bacillati (kingdom), Actinomycetota (phylum), Actinomycetes (class), Streptosporangiales (order), Streptosporangiaceae (family), Planobispora (genus)	131567 (no rank), 2 (domain), 1783272 (kingdom), 201174 (phylum), 1760 (class), 85012 (order), 2004 (family), 29298 (genus)	301	unreviewed
A0A8J3U475	A0A8J3U475_9ACTN	Planotetraspora phitsanulokensis	575192	cellular organisms (no rank), Bacteria (domain), Bacillati (kingdom), Actinomycetota (phylum), Actinomycetes (class), Streptosporangiales (order), Streptosporangiaceae (family), Planotetraspora (genus)	131567 (no rank), 2 (domain), 1783272 (kingdom), 201174 (phylum), 1760 (class), 85012 (order), 2004 (family), 58120 (genus)	306	unreviewed
A0A8J3W4U6	A0A8J3W4U6_9ACTN	Planobispora longispora	28887	cellular organisms (no rank), Bacteria (domain), Bacillati (kingdom), Actinomycetota (phylum), Actinomycetes (class), Streptosporangiales (order), Streptosporangiaceae (family), Planobispora (genus)	131567 (no rank), 2 (domain), 1783272 (kingdom), 201174 (phylum), 1760 (class), 85012 (order), 2004 (family), 29298 (genus)	312	unreviewed
A0A919UR82	A0A919UR82_9ACTN	Acrocarpospora phusangensis	1070424	cellular organisms (no rank), Bacteria (domain), Bacillati (kingdom), Actinomycetota (phylum), Actinomycetes (class), Streptosporangiales (order), Streptosporangiaceae (family), Acrocarpospora (genus)	131567 (no rank), 2 (domain), 1783272 (kingdom), 201174 (phylum), 1760 (class), 85012 (order), 2004 (family), 90974 (genus)	295	unreviewed
A0A939PI20	A0A939PI20_9ACTN	Actinomadura barringtoniae	1427535	cellular organisms (no rank), Bacteria (domain), Bacillati (kingdom), Actinomycetota (phylum), Actinomycetes (class), Streptosporangiales (order), Thermomonosporaceae (family), Actinomadura (genus)	131567 (no rank), 2 (domain), 1783272 (kingdom), 201174 (phylum), 1760 (class), 85012 (order), 2012 (family), 1988 (genus)	278	unreviewed
A0A7W6JX89	A0A7W6JX89_9SPHN	Sphingomonas kyeonggiensis	1268553	cellular organisms (no rank), Bacteria (domain), Pseudomonadati (kingdom), Pseudomonadota (phylum), Alphaproteobacteria (class), Sphingomonadales (order), Sphingomonadaceae (family), Sphingomonas (genus)	131567 (no rank), 2 (domain), 3379134 (kingdom), 1224 (phylum), 28211 (class), 204457 (order), 41297 (family), 13687 (genus)	323	unreviewed
A0A7W7HPD3	A0A7W7HPD3_9ACTN	Actinoplanes lobatus	113568	cellular organisms (no rank), Bacteria (domain), Bacillati (kingdom), Actinomycetota (phylum), Actinomycetes (class), Micromonosporales (order), Micromonosporaceae (family), Actinoplanes (genus)	131567 (no rank), 2 (domain), 1783272 (kingdom), 201174 (phylum), 1760 (class), 85008 (order), 28056 (family), 1865 (genus)	266	unreviewed
A0A7W8XJQ4	A0A7W8XJQ4_9HYPH	Rhizobium lentis	1138194	cellular organisms (no rank), Bacteria (domain), Pseudomonadati (kingdom), Pseudomonadota (phylum), Alphaproteobacteria (class), Hyphomicrobiales (order), Rhizobiaceae (family), Rhizobium/Agrobacterium group (no rank), Rhizobium (genus)	131567 (no rank), 2 (domain), 3379134 (kingdom), 1224 (phylum), 28211 (class), 356 (order), 82115 (family), 227290 (no rank), 379 (genus)	342	unreviewed
A0A7X0HEL9	A0A7X0HEL9_STRC6	Streptomyces candidus	67283	cellular organisms (no rank), Bacteria (domain), Bacillati (kingdom), Actinomycetota (phylum), Actinomycetes (class), Kitasatosporales (order), Streptomycetaceae (family), Streptomyces (genus)	131567 (no rank), 2 (domain), 1783272 (kingdom), 201174 (phylum), 1760 (class), 85011 (order), 2062 (family), 1883 (genus)	291	unreviewed
A0A7X1KQJ9	A0A7X1KQJ9_9SPHN	Novosphingobium piscinae	1507448	cellular organisms (no rank), Bacteria (domain), Pseudomonadati (kingdom), Pseudomonadota (phylum), Alphaproteobacteria (class), Sphingomonadales (order), Sphingomonadaceae (family), Novosphingobium (genus)	131567 (no rank), 2 (domain), 3379134 (kingdom), 1224 (phylum), 28211 (class), 204457 (order), 41297 (family), 165696 (genus)	322	unreviewed
A0A918KHB5	A0A918KHB5_9ACTN	Streptomyces fructofermentans	152141	cellular organisms (no rank), Bacteria (domain), Bacillati (kingdom), Actinomycetota (phylum), Actinomycetes (class), Kitasatosporales (order), Streptomycetaceae (family), Streptomyces (genus)	131567 (no rank), 2 (domain), 1783272 (kingdom), 201174 (phylum), 1760 (class), 85011 (order), 2062 (family), 1883 (genus)	310	unreviewed
A0A853BEY4	A0A853BEY4_9PSEU	Amycolatopsis endophytica	860233	cellular organisms (no rank), Bacteria (domain), Bacillati (kingdom), Actinomycetota (phylum), Actinomycetes (class), Pseudonocardiales (order), Pseudonocardiaceae (family), Amycolatopsis (genus)	131567 (no rank), 2 (domain), 1783272 (kingdom), 201174 (phylum), 1760 (class), 85010 (order), 2070 (family), 1813 (genus)	298	unreviewed
A0A8J3KKH5	A0A8J3KKH5_9ACTN	Catellatospora citrea	53366	cellular organisms (no rank), Bacteria (domain), Bacillati (kingdom), Actinomycetota (phylum), Actinomycetes (class), Micromonosporales (order), Micromonosporaceae (family), Catellatospora (genus)	131567 (no rank), 2 (domain), 1783272 (kingdom), 201174 (phylum), 1760 (class), 85008 (order), 28056 (family), 53365 (genus)	298	unreviewed
A0A918GHW1	A0A918GHW1_9PSEU	Actinokineospora fastidiosa	1816	cellular organisms (no rank), Bacteria (domain), Bacillati (kingdom), Actinomycetota (phylum), Actinomycetes (class), Pseudonocardiales (order), Pseudonocardiaceae (family), Actinokineospora (genus)	131567 (no rank), 2 (domain), 1783272 (kingdom), 201174 (phylum), 1760 (class), 85010 (order), 2070 (family), 39845 (genus)	270	unreviewed
A0A919PJW8	A0A919PJW8_9ACTN	Dactylosporangium siamense	685454	cellular organisms (no rank), Bacteria (domain), Bacillati (kingdom), Actinomycetota (phylum), Actinomycetes (class), Micromonosporales (order), Micromonosporaceae (family), Dactylosporangium (genus)	131567 (no rank), 2 (domain), 1783272 (kingdom), 201174 (phylum), 1760 (class), 85008 (order), 28056 (family), 35753 (genus)	344	unreviewed
A0A919PNJ3	A0A919PNJ3_9ACTN	Dactylosporangium siamense	685454	cellular organisms (no rank), Bacteria (domain), Bacillati (kingdom), Actinomycetota (phylum), Actinomycetes (class), Micromonosporales (order), Micromonosporaceae (family), Dactylosporangium (genus)	131567 (no rank), 2 (domain), 1783272 (kingdom), 201174 (phylum), 1760 (class), 85008 (order), 28056 (family), 35753 (genus)	268	unreviewed
A0A9J6ZNH3	A0A9J6ZNH3_9BACT	Xiashengella succiniciproducens	2949635	cellular organisms (no rank), Bacteria (domain), Pseudomonadati (kingdom), FCB group (clade), Bacteroidota/Chlorobiota group (clade), Bacteroidota (phylum), Bacteroidia (class), Marinilabiliales (order), Marinilabiliaceae (family), Xiashengella (genus)	131567 (no rank), 2 (domain), 3379134 (kingdom), 1783270 (clade), 68336 (clade), 976 (phylum), 200643 (class), 1970189 (order), 558415 (family), 3129724 (genus)	313	unreviewed
A0A7W5FDL4	A0A7W5FDL4_9ACTN	Actinoplanes campanulatus	113559	cellular organisms (no rank), Bacteria (domain), Bacillati (kingdom), Actinomycetota (phylum), Actinomycetes (class), Micromonosporales (order), Micromonosporaceae (family), Actinoplanes (genus)	131567 (no rank), 2 (domain), 1783272 (kingdom), 201174 (phylum), 1760 (class), 85008 (order), 28056 (family), 1865 (genus)	266	unreviewed
A0A8J3JBF7	A0A8J3JBF7_9ACTN	Catellatospora bangladeshensis	310355	cellular organisms (no rank), Bacteria (domain), Bacillati (kingdom), Actinomycetota (phylum), Actinomycetes (class), Micromonosporales (order), Micromonosporaceae (family), Catellatospora (genus)	131567 (no rank), 2 (domain), 1783272 (kingdom), 201174 (phylum), 1760 (class), 85008 (order), 28056 (family), 53365 (genus)	342	unreviewed
A0A8J3JTM3	A0A8J3JTM3_9ACTN	Catellatospora bangladeshensis	310355	cellular organisms (no rank), Bacteria (domain), Bacillati (kingdom), Actinomycetota (phylum), Actinomycetes (class), Micromonosporales (order), Micromonosporaceae (family), Catellatospora (genus)	131567 (no rank), 2 (domain), 1783272 (kingdom), 201174 (phylum), 1760 (class), 85008 (order), 28056 (family), 53365 (genus)	315	unreviewed
A0A8J3JYJ1	A0A8J3JYJ1_9ACTN	Catellatospora chokoriensis	310353	cellular organisms (no rank), Bacteria (domain), Bacillati (kingdom), Actinomycetota (phylum), Actinomycetes (class), Micromonosporales (order), Micromonosporaceae (family), Catellatospora (genus)	131567 (no rank), 2 (domain), 1783272 (kingdom), 201174 (phylum), 1760 (class), 85008 (order), 28056 (family), 53365 (genus)	298	unreviewed
A0A8J3KXG5	A0A8J3KXG5_9ACTN	Catellatospora coxensis	310354	cellular organisms (no rank), Bacteria (domain), Bacillati (kingdom), Actinomycetota (phylum), Actinomycetes (class), Micromonosporales (order), Micromonosporaceae (family), Catellatospora (genus)	131567 (no rank), 2 (domain), 1783272 (kingdom), 201174 (phylum), 1760 (class), 85008 (order), 28056 (family), 53365 (genus)	298	unreviewed
A0A8J3ZIJ9	A0A8J3ZIJ9_9ACTN	Virgisporangium aurantiacum	175570	cellular organisms (no rank), Bacteria (domain), Bacillati (kingdom), Actinomycetota (phylum), Actinomycetes (class), Micromonosporales (order), Micromonosporaceae (family), Virgisporangium (genus)	131567 (no rank), 2 (domain), 1783272 (kingdom), 201174 (phylum), 1760 (class), 85008 (order), 28056 (family), 65504 (genus)	292	unreviewed
A0A917UCS4	A0A917UCS4_9ACTN	Dactylosporangium sucinum	1424081	cellular organisms (no rank), Bacteria (domain), Bacillati (kingdom), Actinomycetota (phylum), Actinomycetes (class), Micromonosporales (order), Micromonosporaceae (family), Dactylosporangium (genus)	131567 (no rank), 2 (domain), 1783272 (kingdom), 201174 (phylum), 1760 (class), 85008 (order), 28056 (family), 35753 (genus)	346	unreviewed
A0A917X6A9	A0A917X6A9_9ACTN	Dactylosporangium sucinum	1424081	cellular organisms (no rank), Bacteria (domain), Bacillati (kingdom), Actinomycetota (phylum), Actinomycetes (class), Micromonosporales (order), Micromonosporaceae (family), Dactylosporangium (genus)	131567 (no rank), 2 (domain), 1783272 (kingdom), 201174 (phylum), 1760 (class), 85008 (order), 28056 (family), 35753 (genus)	309	unreviewed
A0A919DPR9	A0A919DPR9_9ACTN	Streptomyces longispororuber	68230	cellular organisms (no rank), Bacteria (domain), Bacillati (kingdom), Actinomycetota (phylum), Actinomycetes (class), Kitasatosporales (order), Streptomycetaceae (family), Streptomyces (genus)	131567 (no rank), 2 (domain), 1783272 (kingdom), 201174 (phylum), 1760 (class), 85011 (order), 2062 (family), 1883 (genus)	291	unreviewed
A0A931I7M5	A0A931I7M5_9NOCA	Nocardia bovistercoris	2785916	cellular organisms (no rank), Bacteria (domain), Bacillati (kingdom), Actinomycetota (phylum), Actinomycetes (class), Mycobacteriales (order), Nocardiaceae (family), Nocardia (genus)	131567 (no rank), 2 (domain), 1783272 (kingdom), 201174 (phylum), 1760 (class), 85007 (order), 85025 (family), 1817 (genus)	323	unreviewed
A0A7W7QD15	A0A7W7QD15_9PSEU	Actinophytocola algeriensis	1768010	cellular organisms (no rank), Bacteria (domain), Bacillati (kingdom), Actinomycetota (phylum), Actinomycetes (class), Pseudonocardiales (order), Pseudonocardiaceae (family), Actinophytocola (genus)	131567 (no rank), 2 (domain), 1783272 (kingdom), 201174 (phylum), 1760 (class), 85010 (order), 2070 (family), 695999 (genus)	279	unreviewed
A0A917J6Z5	A0A917J6Z5_9SPHI	Mucilaginibacter galii	2005073	cellular organisms (no rank), Bacteria (domain), Pseudomonadati (kingdom), FCB group (clade), Bacteroidota/Chlorobiota group (clade), Bacteroidota (phylum), Sphingobacteriia (class), Sphingobacteriales (order), Sphingobacteriaceae (family), Mucilaginibacter (genus)	131567 (no rank), 2 (domain), 3379134 (kingdom), 1783270 (clade), 68336 (clade), 976 (phylum), 117747 (class), 200666 (order), 84566 (family), 423349 (genus)	301	unreviewed
A0A7W7FSY8	A0A7W7FSY8_9PSEU	Crossiella cryophila	43355	cellular organisms (no rank), Bacteria (domain), Bacillati (kingdom), Actinomycetota (phylum), Actinomycetes (class), Pseudonocardiales (order), Pseudonocardiaceae (family), Crossiella (genus)	131567 (no rank), 2 (domain), 1783272 (kingdom), 201174 (phylum), 1760 (class), 85010 (order), 2070 (family), 130795 (genus)	279	unreviewed
A0A7W7K5J1	A0A7W7K5J1_9SPHN	Sphingomonas kyeonggiensis	1268553	cellular organisms (no rank), Bacteria (domain), Pseudomonadati (kingdom), Pseudomonadota (phylum), Alphaproteobacteria (class), Sphingomonadales (order), Sphingomonadaceae (family), Sphingomonas (genus)	131567 (no rank), 2 (domain), 3379134 (kingdom), 1224 (phylum), 28211 (class), 204457 (order), 41297 (family), 13687 (genus)	323	unreviewed
A0A7W9P8S4	A0A7W9P8S4_9NOCA	Nocardia transvalensis	37333	cellular organisms (no rank), Bacteria (domain), Bacillati (kingdom), Actinomycetota (phylum), Actinomycetes (class), Mycobacteriales (order), Nocardiaceae (family), Nocardia (genus)	131567 (no rank), 2 (domain), 1783272 (kingdom), 201174 (phylum), 1760 (class), 85007 (order), 85025 (family), 1817 (genus)	321	unreviewed
A0A7X1F731	A0A7X1F731_9SPHN	Novosphingobium aerophilum	2839843	cellular organisms (no rank), Bacteria (domain), Pseudomonadati (kingdom), Pseudomonadota (phylum), Alphaproteobacteria (class), Sphingomonadales (order), Sphingomonadaceae (family), Novosphingobium (genus)	131567 (no rank), 2 (domain), 3379134 (kingdom), 1224 (phylum), 28211 (class), 204457 (order), 41297 (family), 165696 (genus)	320	unreviewed
A0A7X5V1Y0	A0A7X5V1Y0_9SPHN	Sphingomonas leidyi	68569	cellular organisms (no rank), Bacteria (domain), Pseudomonadati (kingdom), Pseudomonadota (phylum), Alphaproteobacteria (class), Sphingomonadales (order), Sphingomonadaceae (family), Sphingomonas (genus)	131567 (no rank), 2 (domain), 3379134 (kingdom), 1224 (phylum), 28211 (class), 204457 (order), 41297 (family), 13687 (genus)	323	unreviewed
A0A8J3L5P2	A0A8J3L5P2_9ACTN	Catellatospora methionotrophica	121620	cellular organisms (no rank), Bacteria (domain), Bacillati (kingdom), Actinomycetota (phylum), Actinomycetes (class), Micromonosporales (order), Micromonosporaceae (family), Catellatospora (genus)	131567 (no rank), 2 (domain), 1783272 (kingdom), 201174 (phylum), 1760 (class), 85008 (order), 28056 (family), 53365 (genus)	298	unreviewed
A0A8J3NLV9	A0A8J3NLV9_9ACTN	Catellatospora bangladeshensis	310355	cellular organisms (no rank), Bacteria (domain), Bacillati (kingdom), Actinomycetota (phylum), Actinomycetes (class), Micromonosporales (order), Micromonosporaceae (family), Catellatospora (genus)	131567 (no rank), 2 (domain), 1783272 (kingdom), 201174 (phylum), 1760 (class), 85008 (order), 28056 (family), 53365 (genus)	299	unreviewed
A0A918LED6	A0A918LED6_9PSEU	Actinokineospora fastidiosa	1816	cellular organisms (no rank), Bacteria (domain), Bacillati (kingdom), Actinomycetota (phylum), Actinomycetes (class), Pseudonocardiales (order), Pseudonocardiaceae (family), Actinokineospora (genus)	131567 (no rank), 2 (domain), 1783272 (kingdom), 201174 (phylum), 1760 (class), 85010 (order), 2070 (family), 39845 (genus)	287	unreviewed
A0A9P4MID0	A0A9P4MID0_9PEZI	Myriangium duriaei CBS 260.36	1168546	cellular organisms (no rank), Eukaryota (domain), Opisthokonta (clade), Fungi (kingdom), Dikarya (subkingdom), Ascomycota (phylum), saccharomyceta (clade), Pezizomycotina (subphylum), leotiomyceta (clade), dothideomyceta (clade), Dothideomycetes (class), Dothideomycetidae (subclass), Myriangiales (order), Myriangiaceae (family), Myriangium (genus), Myriangium duriaei (species)	131567 (no rank), 2759 (domain), 33154 (clade), 4751 (kingdom), 451864 (subkingdom), 4890 (phylum), 716545 (clade), 147538 (subphylum), 716546 (clade), 715962 (clade), 147541 (class), 451867 (subclass), 45676 (order), 147568 (family), 147569 (genus), 147570 (species)	267	unreviewed
A0A9P4NHA4	A0A9P4NHA4_9PEZI	Tothia fuscella	1048955	cellular organisms (no rank), Eukaryota (domain), Opisthokonta (clade), Fungi (kingdom), Dikarya (subkingdom), Ascomycota (phylum), saccharomyceta (clade), Pezizomycotina (subphylum), leotiomyceta (clade), dothideomyceta (clade), Dothideomycetes (class), Pleosporomycetidae (subclass), Venturiales (order), Cylindrosympodiaceae (family), Tothia (genus)	131567 (no rank), 2759 (domain), 33154 (clade), 4751 (kingdom), 451864 (subkingdom), 4890 (phylum), 716545 (clade), 147538 (subphylum), 716546 (clade), 715962 (clade), 147541 (class), 451868 (subclass), 1111111 (order), 2728979 (family), 1048954 (genus)	260	unreviewed
A0A9P9DWD9	A0A9P9DWD9_9PLEO	Dendryphion nanum	256645	cellular organisms (no rank), Eukaryota (domain), Opisthokonta (clade), Fungi (kingdom), Dikarya (subkingdom), Ascomycota (phylum), saccharomyceta (clade), Pezizomycotina (subphylum), leotiomyceta (clade), dothideomyceta (clade), Dothideomycetes (class), Pleosporomycetidae (subclass), Pleosporales (order), Torulaceae (family), Dendryphion (genus)	131567 (no rank), 2759 (domain), 33154 (clade), 4751 (kingdom), 451864 (subkingdom), 4890 (phylum), 716545 (clade), 147538 (subphylum), 716546 (clade), 715962 (clade), 147541 (class), 451868 (subclass), 92860 (order), 1667020 (family), 84616 (genus)	284	unreviewed
A0AAN8IKS4	A0AAN8IKS4_9EURO	Knufia fluminis	191047	cellular organisms (no rank), Eukaryota (domain), Opisthokonta (clade), Fungi (kingdom), Dikarya (subkingdom), Ascomycota (phylum), saccharomyceta (clade), Pezizomycotina (subphylum), leotiomyceta (clade), Eurotiomycetes (class), Chaetothyriomycetidae (subclass), Chaetothyriales (order), Trichomeriaceae (family), Knufia (genus)	131567 (no rank), 2759 (domain), 33154 (clade), 4751 (kingdom), 451864 (subkingdom), 4890 (phylum), 716545 (clade), 147538 (subphylum), 716546 (clade), 147545 (class), 451870 (subclass), 34395 (order), 1233474 (family), 430999 (genus)	324	unreviewed
A0ABP7IBD0	A0ABP7IBD0_9ACTN	Sphaerisporangium flaviroseum	509199	cellular organisms (no rank), Bacteria (domain), Bacillati (kingdom), Actinomycetota (phylum), Actinomycetes (class), Streptosporangiales (order), Streptosporangiaceae (family), Sphaerisporangium (genus)	131567 (no rank), 2 (domain), 1783272 (kingdom), 201174 (phylum), 1760 (class), 85012 (order), 2004 (family), 321315 (genus)	310	unreviewed
A0AAV9JXN6	A0AAV9JXN6_9PEZI	Oleoguttula mirabilis	1507867	cellular organisms (no rank), Eukaryota (domain), Opisthokonta (clade), Fungi (kingdom), Dikarya (subkingdom), Ascomycota (phylum), saccharomyceta (clade), Pezizomycotina (subphylum), leotiomyceta (clade), dothideomyceta (clade), Dothideomycetes (class), Dothideomycetidae (subclass), Mycosphaerellales (order), Teratosphaeriaceae (family), Oleoguttula (genus)	131567 (no rank), 2759 (domain), 33154 (clade), 4751 (kingdom), 451864 (subkingdom), 4890 (phylum), 716545 (clade), 147538 (subphylum), 716546 (clade), 715962 (clade), 147541 (class), 451867 (subclass), 2726947 (order), 668547 (family), 1507866 (genus)	250	unreviewed
A0A9Q9ELL9	A0A9Q9ELL9_9PEZI	Septoria linicola	215465	cellular organisms (no rank), Eukaryota (domain), Opisthokonta (clade), Fungi (kingdom), Dikarya (subkingdom), Ascomycota (phylum), saccharomyceta (clade), Pezizomycotina (subphylum), leotiomyceta (clade), dothideomyceta (clade), Dothideomycetes (class), Dothideomycetidae (subclass), Mycosphaerellales (order), Mycosphaerellaceae (family), Septoria (genus)	131567 (no rank), 2759 (domain), 33154 (clade), 4751 (kingdom), 451864 (subkingdom), 4890 (phylum), 716545 (clade), 147538 (subphylum), 716546 (clade), 715962 (clade), 147541 (class), 451867 (subclass), 2726947 (order), 93133 (family), 39702 (genus)	262	unreviewed
A0AAD9S5E7	A0AAD9S5E7_DIAAM	Diaporthe amygdali (Fusicoccum amygdali)	1214568	cellular organisms (no rank), Eukaryota (domain), Opisthokonta (clade), Fungi (kingdom), Dikarya (subkingdom), Ascomycota (phylum), saccharomyceta (clade), Pezizomycotina (subphylum), leotiomyceta (clade), sordariomyceta (clade), Sordariomycetes (class), Sordariomycetidae (subclass), Diaporthales (order), Diaporthaceae (family), Diaporthe (genus)	131567 (no rank), 2759 (domain), 33154 (clade), 4751 (kingdom), 451864 (subkingdom), 4890 (phylum), 716545 (clade), 147538 (subphylum), 716546 (clade), 715989 (clade), 147550 (class), 222544 (subclass), 5114 (order), 767018 (family), 36922 (genus)	333	unreviewed
A0A9P7QB77	A0A9P7QB77_9HYPO	Claviceps aff. purpurea	1967640	cellular organisms (no rank), Eukaryota (domain), Opisthokonta (clade), Fungi (kingdom), Dikarya (subkingdom), Ascomycota (phylum), saccharomyceta (clade), Pezizomycotina (subphylum), leotiomyceta (clade), sordariomyceta (clade), Sordariomycetes (class), Hypocreomycetidae (subclass), Hypocreales (order), Clavicipitaceae (family), Claviceps (genus)	131567 (no rank), 2759 (domain), 33154 (clade), 4751 (kingdom), 451864 (subkingdom), 4890 (phylum), 716545 (clade), 147538 (subphylum), 716546 (clade), 715989 (clade), 147550 (class), 222543 (subclass), 5125 (order), 34397 (family), 5110 (genus)	319	unreviewed
A0A9P9WSE2	A0A9P9WSE2_9PEZI	Neoarthrinium moseri	1658444	cellular organisms (no rank), Eukaryota (domain), Opisthokonta (clade), Fungi (kingdom), Dikarya (subkingdom), Ascomycota (phylum), saccharomyceta (clade), Pezizomycotina (subphylum), leotiomyceta (clade), sordariomyceta (clade), Sordariomycetes (class), Xylariomycetidae (subclass), Amphisphaeriales (order), Apiosporaceae (family), Neoarthrinium (genus)	131567 (no rank), 2759 (domain), 33154 (clade), 4751 (kingdom), 451864 (subkingdom), 4890 (phylum), 716545 (clade), 147538 (subphylum), 716546 (clade), 715989 (clade), 147550 (class), 222545 (subclass), 3402561 (order), 106263 (family), 2983819 (genus)	250	unreviewed
A0A9X2K5K6	A0A9X2K5K6_9ACTN	Nonomuraea thailandensis	1188745	cellular organisms (no rank), Bacteria (domain), Bacillati (kingdom), Actinomycetota (phylum), Actinomycetes (class), Streptosporangiales (order), Streptosporangiaceae (family), Nonomuraea (genus)	131567 (no rank), 2 (domain), 1783272 (kingdom), 201174 (phylum), 1760 (class), 85012 (order), 2004 (family), 83681 (genus)	303	unreviewed
A0A9X3NJC1	A0A9X3NJC1_9ACTN	Streptomonospora mangrovi	2883123	cellular organisms (no rank), Bacteria (domain), Bacillati (kingdom), Actinomycetota (phylum), Actinomycetes (class), Streptosporangiales (order), Nocardiopsidaceae (family), Streptomonospora (genus)	131567 (no rank), 2 (domain), 1783272 (kingdom), 201174 (phylum), 1760 (class), 85012 (order), 83676 (family), 104204 (genus)	278	unreviewed
A0ABN3C865	A0ABN3C865_9ACTN	Nonomuraea monospora	568818	cellular organisms (no rank), Bacteria (domain), Bacillati (kingdom), Actinomycetota (phylum), Actinomycetes (class), Streptosporangiales (order), Streptosporangiaceae (family), Nonomuraea (genus)	131567 (no rank), 2 (domain), 1783272 (kingdom), 201174 (phylum), 1760 (class), 85012 (order), 2004 (family), 83681 (genus)	303	unreviewed
A0ABN3D3P5	A0ABN3D3P5_9ACTN	Nonomuraea monospora	568818	cellular organisms (no rank), Bacteria (domain), Bacillati (kingdom), Actinomycetota (phylum), Actinomycetes (class), Streptosporangiales (order), Streptosporangiaceae (family), Nonomuraea (genus)	131567 (no rank), 2 (domain), 1783272 (kingdom), 201174 (phylum), 1760 (class), 85012 (order), 2004 (family), 83681 (genus)	301	unreviewed
A0ABN3U267	A0ABN3U267_9ACTN	Actinocorallia aurantiaca	46204	cellular organisms (no rank), Bacteria (domain), Bacillati (kingdom), Actinomycetota (phylum), Actinomycetes (class), Streptosporangiales (order), Thermomonosporaceae (family), Actinocorallia (genus)	131567 (no rank), 2 (domain), 1783272 (kingdom), 201174 (phylum), 1760 (class), 85012 (order), 2012 (family), 58108 (genus)	289	unreviewed
A0ABP6MKG0	A0ABP6MKG0_9ACTN	Planomonospora alba	161354	cellular organisms (no rank), Bacteria (domain), Bacillati (kingdom), Actinomycetota (phylum), Actinomycetes (class), Streptosporangiales (order), Streptosporangiaceae (family), Planomonospora (genus)	131567 (no rank), 2 (domain), 1783272 (kingdom), 201174 (phylum), 1760 (class), 85012 (order), 2004 (family), 1998 (genus)	299	unreviewed
A0ABP6Q7A0	A0ABP6Q7A0_9ACTN	Actinocorallia longicatena	111803	cellular organisms (no rank), Bacteria (domain), Bacillati (kingdom), Actinomycetota (phylum), Actinomycetes (class), Streptosporangiales (order), Thermomonosporaceae (family), Actinocorallia (genus)	131567 (no rank), 2 (domain), 1783272 (kingdom), 201174 (phylum), 1760 (class), 85012 (order), 2012 (family), 58108 (genus)	278	unreviewed
A0ABP7GIM2	A0ABP7GIM2_9ACTN	Salinactinospora qingdaonensis	702744	cellular organisms (no rank), Bacteria (domain), Bacillati (kingdom), Actinomycetota (phylum), Actinomycetes (class), Streptosporangiales (order), Nocardiopsidaceae (family), Salinactinospora (genus)	131567 (no rank), 2 (domain), 1783272 (kingdom), 201174 (phylum), 1760 (class), 85012 (order), 83676 (family), 1434041 (genus)	315	unreviewed
A0A9P2TBN9	A0A9P2TBN9_THEFU	Thermobifida fusca TM51	1169414	cellular organisms (no rank), Bacteria (domain), Bacillati (kingdom), Actinomycetota (phylum), Actinomycetes (class), Streptosporangiales (order), Nocardiopsidaceae (family), Thermobifida (genus), Thermobifida fusca (species)	131567 (no rank), 2 (domain), 1783272 (kingdom), 201174 (phylum), 1760 (class), 85012 (order), 83676 (family), 83677 (genus), 2021 (species)	301	unreviewed
A0A9X2K9B4	A0A9X2K9B4_9ACTN	Nonomuraea thailandensis	1188745	cellular organisms (no rank), Bacteria (domain), Bacillati (kingdom), Actinomycetota (phylum), Actinomycetes (class), Streptosporangiales (order), Streptosporangiaceae (family), Nonomuraea (genus)	131567 (no rank), 2 (domain), 1783272 (kingdom), 201174 (phylum), 1760 (class), 85012 (order), 2004 (family), 83681 (genus)	281	unreviewed
A0ABN1Q5Y7	A0ABN1Q5Y7_9ACTN	Nonomuraea longicatena	83682	cellular organisms (no rank), Bacteria (domain), Bacillati (kingdom), Actinomycetota (phylum), Actinomycetes (class), Streptosporangiales (order), Streptosporangiaceae (family), Nonomuraea (genus)	131567 (no rank), 2 (domain), 1783272 (kingdom), 201174 (phylum), 1760 (class), 85012 (order), 2004 (family), 83681 (genus)	286	unreviewed
A0ABN1R605	A0ABN1R605_9ACTN	Actinocorallia libanotica	46162	cellular organisms (no rank), Bacteria (domain), Bacillati (kingdom), Actinomycetota (phylum), Actinomycetes (class), Streptosporangiales (order), Thermomonosporaceae (family), Actinocorallia (genus)	131567 (no rank), 2 (domain), 1783272 (kingdom), 201174 (phylum), 1760 (class), 85012 (order), 2012 (family), 58108 (genus)	291	unreviewed
A0ABN3Q643	A0ABN3Q643_9ACTN	Actinomadura fulvescens	46160	cellular organisms (no rank), Bacteria (domain), Bacillati (kingdom), Actinomycetota (phylum), Actinomycetes (class), Streptosporangiales (order), Thermomonosporaceae (family), Actinomadura (genus)	131567 (no rank), 2 (domain), 1783272 (kingdom), 201174 (phylum), 1760 (class), 85012 (order), 2012 (family), 1988 (genus)	291	unreviewed
A0ABN3UAA8	A0ABN3UAA8_9ACTN	Actinocorallia aurantiaca	46204	cellular organisms (no rank), Bacteria (domain), Bacillati (kingdom), Actinomycetota (phylum), Actinomycetes (class), Streptosporangiales (order), Thermomonosporaceae (family), Actinocorallia (genus)	131567 (no rank), 2 (domain), 1783272 (kingdom), 201174 (phylum), 1760 (class), 85012 (order), 2012 (family), 58108 (genus)	305	unreviewed
A0ABP6CMB2	A0ABP6CMB2_9ACTN	Actinomadura fulvescens	46160	cellular organisms (no rank), Bacteria (domain), Bacillati (kingdom), Actinomycetota (phylum), Actinomycetes (class), Streptosporangiales (order), Thermomonosporaceae (family), Actinomadura (genus)	131567 (no rank), 2 (domain), 1783272 (kingdom), 201174 (phylum), 1760 (class), 85012 (order), 2012 (family), 1988 (genus)	294	unreviewed
A0ABP6CPY2	A0ABP6CPY2_9ACTN	Actinomadura fulvescens	46160	cellular organisms (no rank), Bacteria (domain), Bacillati (kingdom), Actinomycetota (phylum), Actinomycetes (class), Streptosporangiales (order), Thermomonosporaceae (family), Actinomadura (genus)	131567 (no rank), 2 (domain), 1783272 (kingdom), 201174 (phylum), 1760 (class), 85012 (order), 2012 (family), 1988 (genus)	313	unreviewed
A0ABP6DBE2	A0ABP6DBE2_9ACTN	Actinomadura fulvescens	46160	cellular organisms (no rank), Bacteria (domain), Bacillati (kingdom), Actinomycetota (phylum), Actinomycetes (class), Streptosporangiales (order), Thermomonosporaceae (family), Actinomadura (genus)	131567 (no rank), 2 (domain), 1783272 (kingdom), 201174 (phylum), 1760 (class), 85012 (order), 2012 (family), 1988 (genus)	283	unreviewed
A0ABP6PWL3	A0ABP6PWL3_9ACTN	Actinocorallia longicatena	111803	cellular organisms (no rank), Bacteria (domain), Bacillati (kingdom), Actinomycetota (phylum), Actinomycetes (class), Streptosporangiales (order), Thermomonosporaceae (family), Actinocorallia (genus)	131567 (no rank), 2 (domain), 1783272 (kingdom), 201174 (phylum), 1760 (class), 85012 (order), 2012 (family), 58108 (genus)	286	unreviewed
A0ABP6Q129	A0ABP6Q129_9ACTN	Actinocorallia longicatena	111803	cellular organisms (no rank), Bacteria (domain), Bacillati (kingdom), Actinomycetota (phylum), Actinomycetes (class), Streptosporangiales (order), Thermomonosporaceae (family), Actinocorallia (genus)	131567 (no rank), 2 (domain), 1783272 (kingdom), 201174 (phylum), 1760 (class), 85012 (order), 2012 (family), 58108 (genus)	288	unreviewed
A0ABP6VHA9	A0ABP6VHA9_9ACTN	Nonomuraea rosea	638574	cellular organisms (no rank), Bacteria (domain), Bacillati (kingdom), Actinomycetota (phylum), Actinomycetes (class), Streptosporangiales (order), Streptosporangiaceae (family), Nonomuraea (genus)	131567 (no rank), 2 (domain), 1783272 (kingdom), 201174 (phylum), 1760 (class), 85012 (order), 2004 (family), 83681 (genus)	300	unreviewed
A0ABP7GG15	A0ABP7GG15_9ACTN	Salinactinospora qingdaonensis	702744	cellular organisms (no rank), Bacteria (domain), Bacillati (kingdom), Actinomycetota (phylum), Actinomycetes (class), Streptosporangiales (order), Nocardiopsidaceae (family), Salinactinospora (genus)	131567 (no rank), 2 (domain), 1783272 (kingdom), 201174 (phylum), 1760 (class), 85012 (order), 83676 (family), 1434041 (genus)	316	unreviewed
A0A9W6UXL5	A0A9W6UXL5_9ACTN	Actinomadura rubrobrunea	115335	cellular organisms (no rank), Bacteria (domain), Bacillati (kingdom), Actinomycetota (phylum), Actinomycetes (class), Streptosporangiales (order), Thermomonosporaceae (family), Actinomadura (genus)	131567 (no rank), 2 (domain), 1783272 (kingdom), 201174 (phylum), 1760 (class), 85012 (order), 2012 (family), 1988 (genus)	323	unreviewed
A0A9X2K0A4	A0A9X2K0A4_9ACTN	Nonomuraea thailandensis	1188745	cellular organisms (no rank), Bacteria (domain), Bacillati (kingdom), Actinomycetota (phylum), Actinomycetes (class), Streptosporangiales (order), Streptosporangiaceae (family), Nonomuraea (genus)	131567 (no rank), 2 (domain), 1783272 (kingdom), 201174 (phylum), 1760 (class), 85012 (order), 2004 (family), 83681 (genus)	301	unreviewed
A0AAD9L6I3	A0AAD9L6I3_PAPLA	Papiliotrema laurentii (Cryptococcus laurentii)	5418	cellular organisms (no rank), Eukaryota (domain), Opisthokonta (clade), Fungi (kingdom), Dikarya (subkingdom), Basidiomycota (phylum), Agaricomycotina (subphylum), Tremellomycetes (class), Tremellales (order), Rhynchogastremaceae (family), Papiliotrema (genus)	131567 (no rank), 2759 (domain), 33154 (clade), 4751 (kingdom), 451864 (subkingdom), 5204 (phylum), 5302 (subphylum), 155616 (class), 5234 (order), 1581159 (family), 189450 (genus)	295	unreviewed
A0ABN0WL22	A0ABN0WL22_9ACTN	Actinoallomurus spadix	79912	cellular organisms (no rank), Bacteria (domain), Bacillati (kingdom), Actinomycetota (phylum), Actinomycetes (class), Streptosporangiales (order), Thermomonosporaceae (family), Actinoallomurus (genus)	131567 (no rank), 2 (domain), 1783272 (kingdom), 201174 (phylum), 1760 (class), 85012 (order), 2012 (family), 667113 (genus)	346	unreviewed
A0ABN3KHS9	A0ABN3KHS9_9ACTN	Actinomadura vinacea	115336	cellular organisms (no rank), Bacteria (domain), Bacillati (kingdom), Actinomycetota (phylum), Actinomycetes (class), Streptosporangiales (order), Thermomonosporaceae (family), Actinomadura (genus)	131567 (no rank), 2 (domain), 1783272 (kingdom), 201174 (phylum), 1760 (class), 85012 (order), 2012 (family), 1988 (genus)	287	unreviewed
A0ABP5M1Z3	A0ABP5M1Z3_9ACTN	Actinomadura napierensis	267854	cellular organisms (no rank), Bacteria (domain), Bacillati (kingdom), Actinomycetota (phylum), Actinomycetes (class), Streptosporangiales (order), Thermomonosporaceae (family), Actinomadura (genus)	131567 (no rank), 2 (domain), 1783272 (kingdom), 201174 (phylum), 1760 (class), 85012 (order), 2012 (family), 1988 (genus)	305	unreviewed
A0ABP6BRL7	A0ABP6BRL7_9ACTN	Actinomadura fulvescens	46160	cellular organisms (no rank), Bacteria (domain), Bacillati (kingdom), Actinomycetota (phylum), Actinomycetes (class), Streptosporangiales (order), Thermomonosporaceae (family), Actinomadura (genus)	131567 (no rank), 2 (domain), 1783272 (kingdom), 201174 (phylum), 1760 (class), 85012 (order), 2012 (family), 1988 (genus)	292	unreviewed
A0ABP6LA22	A0ABP6LA22_9ACTN	Streptosporangium longisporum	46187	cellular organisms (no rank), Bacteria (domain), Bacillati (kingdom), Actinomycetota (phylum), Actinomycetes (class), Streptosporangiales (order), Streptosporangiaceae (family), Streptosporangium (genus)	131567 (no rank), 2 (domain), 1783272 (kingdom), 201174 (phylum), 1760 (class), 85012 (order), 2004 (family), 2000 (genus)	314	unreviewed
A0ABP6Q9G7	A0ABP6Q9G7_9ACTN	Actinocorallia longicatena	111803	cellular organisms (no rank), Bacteria (domain), Bacillati (kingdom), Actinomycetota (phylum), Actinomycetes (class), Streptosporangiales (order), Thermomonosporaceae (family), Actinocorallia (genus)	131567 (no rank), 2 (domain), 1783272 (kingdom), 201174 (phylum), 1760 (class), 85012 (order), 2012 (family), 58108 (genus)	280	unreviewed
A0ABP6QLT6	A0ABP6QLT6_9ACTN	Actinocorallia longicatena	111803	cellular organisms (no rank), Bacteria (domain), Bacillati (kingdom), Actinomycetota (phylum), Actinomycetes (class), Streptosporangiales (order), Thermomonosporaceae (family), Actinocorallia (genus)	131567 (no rank), 2 (domain), 1783272 (kingdom), 201174 (phylum), 1760 (class), 85012 (order), 2012 (family), 58108 (genus)	283	unreviewed
A0ABP7G4F1	A0ABP7G4F1_9ACTN	Salinactinospora qingdaonensis	702744	cellular organisms (no rank), Bacteria (domain), Bacillati (kingdom), Actinomycetota (phylum), Actinomycetes (class), Streptosporangiales (order), Nocardiopsidaceae (family), Salinactinospora (genus)	131567 (no rank), 2 (domain), 1783272 (kingdom), 201174 (phylum), 1760 (class), 85012 (order), 83676 (family), 1434041 (genus)	284	unreviewed
A0ABP7V404	A0ABP7V404_9ACTN	Actinomadura miaoliensis	430685	cellular organisms (no rank), Bacteria (domain), Bacillati (kingdom), Actinomycetota (phylum), Actinomycetes (class), Streptosporangiales (order), Thermomonosporaceae (family), Actinomadura (genus)	131567 (no rank), 2 (domain), 1783272 (kingdom), 201174 (phylum), 1760 (class), 85012 (order), 2012 (family), 1988 (genus)	340	unreviewed
A0A9P2WRG3	A0A9P2WRG3_THEFU	Thermobifida fusca TM51	1169414	cellular organisms (no rank), Bacteria (domain), Bacillati (kingdom), Actinomycetota (phylum), Actinomycetes (class), Streptosporangiales (order), Nocardiopsidaceae (family), Thermobifida (genus), Thermobifida fusca (species)	131567 (no rank), 2 (domain), 1783272 (kingdom), 201174 (phylum), 1760 (class), 85012 (order), 83676 (family), 83677 (genus), 2021 (species)	301	unreviewed
A0A9P7MUT5	A0A9P7MUT5_9HYPO	Claviceps arundinis	1623583	cellular organisms (no rank), Eukaryota (domain), Opisthokonta (clade), Fungi (kingdom), Dikarya (subkingdom), Ascomycota (phylum), saccharomyceta (clade), Pezizomycotina (subphylum), leotiomyceta (clade), sordariomyceta (clade), Sordariomycetes (class), Hypocreomycetidae (subclass), Hypocreales (order), Clavicipitaceae (family), Claviceps (genus)	131567 (no rank), 2759 (domain), 33154 (clade), 4751 (kingdom), 451864 (subkingdom), 4890 (phylum), 716545 (clade), 147538 (subphylum), 716546 (clade), 715989 (clade), 147550 (class), 222543 (subclass), 5125 (order), 34397 (family), 5110 (genus)	334	unreviewed
A0A9P7QA32	A0A9P7QA32_9HYPO	Claviceps humidiphila	1294629	cellular organisms (no rank), Eukaryota (domain), Opisthokonta (clade), Fungi (kingdom), Dikarya (subkingdom), Ascomycota (phylum), saccharomyceta (clade), Pezizomycotina (subphylum), leotiomyceta (clade), sordariomyceta (clade), Sordariomycetes (class), Hypocreomycetidae (subclass), Hypocreales (order), Clavicipitaceae (family), Claviceps (genus)	131567 (no rank), 2759 (domain), 33154 (clade), 4751 (kingdom), 451864 (subkingdom), 4890 (phylum), 716545 (clade), 147538 (subphylum), 716546 (clade), 715989 (clade), 147550 (class), 222543 (subclass), 5125 (order), 34397 (family), 5110 (genus)	337	unreviewed
A0A9P7SEW6	A0A9P7SEW6_9HYPO	Claviceps pazoutovae	1649127	cellular organisms (no rank), Eukaryota (domain), Opisthokonta (clade), Fungi (kingdom), Dikarya (subkingdom), Ascomycota (phylum), saccharomyceta (clade), Pezizomycotina (subphylum), leotiomyceta (clade), sordariomyceta (clade), Sordariomycetes (class), Hypocreomycetidae (subclass), Hypocreales (order), Clavicipitaceae (family), Claviceps (genus)	131567 (no rank), 2759 (domain), 33154 (clade), 4751 (kingdom), 451864 (subkingdom), 4890 (phylum), 716545 (clade), 147538 (subphylum), 716546 (clade), 715989 (clade), 147550 (class), 222543 (subclass), 5125 (order), 34397 (family), 5110 (genus)	334	unreviewed
A0A9X3P096	A0A9X3P096_9ACTN	Streptomonospora mangrovi	2883123	cellular organisms (no rank), Bacteria (domain), Bacillati (kingdom), Actinomycetota (phylum), Actinomycetes (class), Streptosporangiales (order), Nocardiopsidaceae (family), Streptomonospora (genus)	131567 (no rank), 2 (domain), 1783272 (kingdom), 201174 (phylum), 1760 (class), 85012 (order), 83676 (family), 104204 (genus)	283	unreviewed
A0AA97LXT2	A0AA97LXT2_9ACTN	Thermobifida halotolerans	483545	cellular organisms (no rank), Bacteria (domain), Bacillati (kingdom), Actinomycetota (phylum), Actinomycetes (class), Streptosporangiales (order), Nocardiopsidaceae (family), Thermobifida (genus)	131567 (no rank), 2 (domain), 1783272 (kingdom), 201174 (phylum), 1760 (class), 85012 (order), 83676 (family), 83677 (genus)	303	unreviewed
A0AA97M4A3	A0AA97M4A3_9ACTN	Thermobifida halotolerans	483545	cellular organisms (no rank), Bacteria (domain), Bacillati (kingdom), Actinomycetota (phylum), Actinomycetes (class), Streptosporangiales (order), Nocardiopsidaceae (family), Thermobifida (genus)	131567 (no rank), 2 (domain), 1783272 (kingdom), 201174 (phylum), 1760 (class), 85012 (order), 83676 (family), 83677 (genus)	309	unreviewed
A0AAX6MH28	A0AAX6MH28_9PEZI	Daldinia eschscholtzii	292717	cellular organisms (no rank), Eukaryota (domain), Opisthokonta (clade), Fungi (kingdom), Dikarya (subkingdom), Ascomycota (phylum), saccharomyceta (clade), Pezizomycotina (subphylum), leotiomyceta (clade), sordariomyceta (clade), Sordariomycetes (class), Xylariomycetidae (subclass), Xylariales (order), Hypoxylaceae (family), Daldinia (genus)	131567 (no rank), 2759 (domain), 33154 (clade), 4751 (kingdom), 451864 (subkingdom), 4890 (phylum), 716545 (clade), 147538 (subphylum), 716546 (clade), 715989 (clade), 147550 (class), 222545 (subclass), 37989 (order), 2033035 (family), 42360 (genus)	279	unreviewed
A0ABN1QG72	A0ABN1QG72_9ACTN	Actinocorallia libanotica	46162	cellular organisms (no rank), Bacteria (domain), Bacillati (kingdom), Actinomycetota (phylum), Actinomycetes (class), Streptosporangiales (order), Thermomonosporaceae (family), Actinocorallia (genus)	131567 (no rank), 2 (domain), 1783272 (kingdom), 201174 (phylum), 1760 (class), 85012 (order), 2012 (family), 58108 (genus)	305	unreviewed
A0ABN3D0Q6	A0ABN3D0Q6_9ACTN	Nonomuraea monospora	568818	cellular organisms (no rank), Bacteria (domain), Bacillati (kingdom), Actinomycetota (phylum), Actinomycetes (class), Streptosporangiales (order), Streptosporangiaceae (family), Nonomuraea (genus)	131567 (no rank), 2 (domain), 1783272 (kingdom), 201174 (phylum), 1760 (class), 85012 (order), 2004 (family), 83681 (genus)	281	unreviewed
A0ABN3PU34	A0ABN3PU34_9ACTN	Actinomadura fulvescens	46160	cellular organisms (no rank), Bacteria (domain), Bacillati (kingdom), Actinomycetota (phylum), Actinomycetes (class), Streptosporangiales (order), Thermomonosporaceae (family), Actinomadura (genus)	131567 (no rank), 2 (domain), 1783272 (kingdom), 201174 (phylum), 1760 (class), 85012 (order), 2012 (family), 1988 (genus)	278	unreviewed
A0ABN3PZQ6	A0ABN3PZQ6_9ACTN	Actinomadura fulvescens	46160	cellular organisms (no rank), Bacteria (domain), Bacillati (kingdom), Actinomycetota (phylum), Actinomycetes (class), Streptosporangiales (order), Thermomonosporaceae (family), Actinomadura (genus)	131567 (no rank), 2 (domain), 1783272 (kingdom), 201174 (phylum), 1760 (class), 85012 (order), 2012 (family), 1988 (genus)	287	unreviewed
A0ABP6YQH2	A0ABP6YQH2_9ACTN	Nonomuraea rosea	638574	cellular organisms (no rank), Bacteria (domain), Bacillati (kingdom), Actinomycetota (phylum), Actinomycetes (class), Streptosporangiales (order), Streptosporangiaceae (family), Nonomuraea (genus)	131567 (no rank), 2 (domain), 1783272 (kingdom), 201174 (phylum), 1760 (class), 85012 (order), 2004 (family), 83681 (genus)	275	unreviewed
A0A9Y2YA38	A0A9Y2YA38_THECS	Thermobifida cellulosilytica TB100	665004	cellular organisms (no rank), Bacteria (domain), Bacillati (kingdom), Actinomycetota (phylum), Actinomycetes (class), Streptosporangiales (order), Nocardiopsidaceae (family), Thermobifida (genus), Thermobifida cellulosilytica (species)	131567 (no rank), 2 (domain), 1783272 (kingdom), 201174 (phylum), 1760 (class), 85012 (order), 83676 (family), 83677 (genus), 144786 (species)	268	unreviewed
A0ABN3QL32	A0ABN3QL32_9ACTN	Actinomadura fulvescens	46160	cellular organisms (no rank), Bacteria (domain), Bacillati (kingdom), Actinomycetota (phylum), Actinomycetes (class), Streptosporangiales (order), Thermomonosporaceae (family), Actinomadura (genus)	131567 (no rank), 2 (domain), 1783272 (kingdom), 201174 (phylum), 1760 (class), 85012 (order), 2012 (family), 1988 (genus)	286	unreviewed
A0ABN3W1M5	A0ABN3W1M5_9ACTN	Streptosporangium fragile	46186	cellular organisms (no rank), Bacteria (domain), Bacillati (kingdom), Actinomycetota (phylum), Actinomycetes (class), Streptosporangiales (order), Streptosporangiaceae (family), Streptosporangium (genus)	131567 (no rank), 2 (domain), 1783272 (kingdom), 201174 (phylum), 1760 (class), 85012 (order), 2004 (family), 2000 (genus)	305	unreviewed
A0ABP6BUZ4	A0ABP6BUZ4_9ACTN	Actinomadura fulvescens	46160	cellular organisms (no rank), Bacteria (domain), Bacillati (kingdom), Actinomycetota (phylum), Actinomycetes (class), Streptosporangiales (order), Thermomonosporaceae (family), Actinomadura (genus)	131567 (no rank), 2 (domain), 1783272 (kingdom), 201174 (phylum), 1760 (class), 85012 (order), 2012 (family), 1988 (genus)	289	unreviewed
A0ABP6P8F5	A0ABP6P8F5_9ACTN	Actinocorallia glomerata	46203	cellular organisms (no rank), Bacteria (domain), Bacillati (kingdom), Actinomycetota (phylum), Actinomycetes (class), Streptosporangiales (order), Thermomonosporaceae (family), Actinocorallia (genus)	131567 (no rank), 2 (domain), 1783272 (kingdom), 201174 (phylum), 1760 (class), 85012 (order), 2012 (family), 58108 (genus)	308	unreviewed
A0ABP6QD18	A0ABP6QD18_9ACTN	Actinocorallia longicatena	111803	cellular organisms (no rank), Bacteria (domain), Bacillati (kingdom), Actinomycetota (phylum), Actinomycetes (class), Streptosporangiales (order), Thermomonosporaceae (family), Actinocorallia (genus)	131567 (no rank), 2 (domain), 1783272 (kingdom), 201174 (phylum), 1760 (class), 85012 (order), 2012 (family), 58108 (genus)	292	unreviewed
A0ABP7VCC9	A0ABP7VCC9_9ACTN	Actinomadura miaoliensis	430685	cellular organisms (no rank), Bacteria (domain), Bacillati (kingdom), Actinomycetota (phylum), Actinomycetes (class), Streptosporangiales (order), Thermomonosporaceae (family), Actinomadura (genus)	131567 (no rank), 2 (domain), 1783272 (kingdom), 201174 (phylum), 1760 (class), 85012 (order), 2012 (family), 1988 (genus)	290	unreviewed
A0AA41URL4	A0AA41URL4_9BACT	Desulfatitalea alkaliphila	2929485	cellular organisms (no rank), Bacteria (domain), Pseudomonadati (kingdom), Thermodesulfobacteriota (phylum), Desulfobacteria (class), Desulfobacterales (order), Desulfosarcinaceae (family), Desulfatitalea (genus)	131567 (no rank), 2 (domain), 3379134 (kingdom), 200940 (phylum), 3024418 (class), 213118 (order), 3031624 (family), 1303912 (genus)	278	unreviewed
A0AAJ0BJF8	A0AAJ0BJF8_9PEZI	Echria macrotheca	438768	cellular organisms (no rank), Eukaryota (domain), Opisthokonta (clade), Fungi (kingdom), Dikarya (subkingdom), Ascomycota (phylum), saccharomyceta (clade), Pezizomycotina (subphylum), leotiomyceta (clade), sordariomyceta (clade), Sordariomycetes (class), Sordariomycetidae (subclass), Sordariales (order), Schizotheciaceae (family), Echria (genus)	131567 (no rank), 2759 (domain), 33154 (clade), 4751 (kingdom), 451864 (subkingdom), 4890 (phylum), 716545 (clade), 147538 (subphylum), 716546 (clade), 715989 (clade), 147550 (class), 222544 (subclass), 5139 (order), 2891592 (family), 1538025 (genus)	271	unreviewed
A0AAN1WLP8	A0AAN1WLP8_9GAMM	Marinagarivorans cellulosilyticus	2721545	cellular organisms (no rank), Bacteria (domain), Pseudomonadati (kingdom), Pseudomonadota (phylum), Gammaproteobacteria (class), Cellvibrionales (order), Cellvibrionaceae (family), Marinagarivorans (genus)	131567 (no rank), 2 (domain), 3379134 (kingdom), 1224 (phylum), 1236 (class), 1706369 (order), 1706371 (family), 1792291 (genus)	270	unreviewed
A0ABN2YDJ9	A0ABN2YDJ9_9ACTN	Streptomyces synnematoformans	415721	cellular organisms (no rank), Bacteria (domain), Bacillati (kingdom), Actinomycetota (phylum), Actinomycetes (class), Kitasatosporales (order), Streptomycetaceae (family), Streptomyces (genus)	131567 (no rank), 2 (domain), 1783272 (kingdom), 201174 (phylum), 1760 (class), 85011 (order), 2062 (family), 1883 (genus)	306	unreviewed
A0ABN3T5D2	A0ABN3T5D2_9ACTN	Nonomuraea recticatena	46178	cellular organisms (no rank), Bacteria (domain), Bacillati (kingdom), Actinomycetota (phylum), Actinomycetes (class), Streptosporangiales (order), Streptosporangiaceae (family), Nonomuraea (genus)	131567 (no rank), 2 (domain), 1783272 (kingdom), 201174 (phylum), 1760 (class), 85012 (order), 2004 (family), 83681 (genus)	269	unreviewed
A0ABN3VI24	A0ABN3VI24_9PSEU	Saccharopolyspora taberi	60895	cellular organisms (no rank), Bacteria (domain), Bacillati (kingdom), Actinomycetota (phylum), Actinomycetes (class), Pseudonocardiales (order), Pseudonocardiaceae (family), Saccharopolyspora (genus)	131567 (no rank), 2 (domain), 1783272 (kingdom), 201174 (phylum), 1760 (class), 85010 (order), 2070 (family), 1835 (genus)	293	unreviewed
A0AA41QZD2	A0AA41QZD2_9BACT	Desulfatitalea alkaliphila	2929485	cellular organisms (no rank), Bacteria (domain), Pseudomonadati (kingdom), Thermodesulfobacteriota (phylum), Desulfobacteria (class), Desulfobacterales (order), Desulfosarcinaceae (family), Desulfatitalea (genus)	131567 (no rank), 2 (domain), 3379134 (kingdom), 200940 (phylum), 3024418 (class), 213118 (order), 3031624 (family), 1303912 (genus)	274	unreviewed
A0AA82WPI3	A0AA82WPI3_9BURK	Caldimonas taiwanensis	307483	cellular organisms (no rank), Bacteria (domain), Pseudomonadati (kingdom), Pseudomonadota (phylum), Betaproteobacteria (class), Burkholderiales (order), Sphaerotilaceae (family), Caldimonas (genus)	131567 (no rank), 2 (domain), 3379134 (kingdom), 1224 (phylum), 28216 (class), 80840 (order), 2975441 (family), 196013 (genus)	270	unreviewed
A0AAU4JZP8	A0AAU4JZP8_9NOCA	Williamsia herbipolensis	1603258	cellular organisms (no rank), Bacteria (domain), Bacillati (kingdom), Actinomycetota (phylum), Actinomycetes (class), Mycobacteriales (order), Nocardiaceae (family), Williamsia (genus)	131567 (no rank), 2 (domain), 1783272 (kingdom), 201174 (phylum), 1760 (class), 85007 (order), 85025 (family), 85043 (genus)	336	unreviewed
A0AAV9GS71	A0AAV9GS71_9PEZI	Podospora aff. communis PSN243	3040156	cellular organisms (no rank), Eukaryota (domain), Opisthokonta (clade), Fungi (kingdom), Dikarya (subkingdom), Ascomycota (phylum), saccharomyceta (clade), Pezizomycotina (subphylum), leotiomyceta (clade), sordariomyceta (clade), Sordariomycetes (class), Sordariomycetidae (subclass), Sordariales (order), Podosporaceae (family), Podospora (genus)	131567 (no rank), 2759 (domain), 33154 (clade), 4751 (kingdom), 451864 (subkingdom), 4890 (phylum), 716545 (clade), 147538 (subphylum), 716546 (clade), 715989 (clade), 147550 (class), 222544 (subclass), 5139 (order), 2609812 (family), 5144 (genus)	280	unreviewed
A0ABN1N6L8	A0ABN1N6L8_9PSEU	Pseudonocardia zijingensis	153376	cellular organisms (no rank), Bacteria (domain), Bacillati (kingdom), Actinomycetota (phylum), Actinomycetes (class), Pseudonocardiales (order), Pseudonocardiaceae (family), Pseudonocardia (genus)	131567 (no rank), 2 (domain), 1783272 (kingdom), 201174 (phylum), 1760 (class), 85010 (order), 2070 (family), 1847 (genus)	295	unreviewed
A0ABN1ZI34	A0ABN1ZI34_9ACTN	Dactylosporangium maewongense	634393	cellular organisms (no rank), Bacteria (domain), Bacillati (kingdom), Actinomycetota (phylum), Actinomycetes (class), Micromonosporales (order), Micromonosporaceae (family), Dactylosporangium (genus)	131567 (no rank), 2 (domain), 1783272 (kingdom), 201174 (phylum), 1760 (class), 85008 (order), 28056 (family), 35753 (genus)	312	unreviewed
A0ABP4UM75	A0ABP4UM75_9ACTN	Kribbella yunnanensis	190194	cellular organisms (no rank), Bacteria (domain), Bacillati (kingdom), Actinomycetota (phylum), Actinomycetes (class), Propionibacteriales (order), Kribbellaceae (family), Kribbella (genus)	131567 (no rank), 2 (domain), 1783272 (kingdom), 201174 (phylum), 1760 (class), 85009 (order), 2726069 (family), 182639 (genus)	274	unreviewed
A0ABP7JH16	A0ABP7JH16_9PSEU	Amycolatopsis tucumanensis	401106	cellular organisms (no rank), Bacteria (domain), Bacillati (kingdom), Actinomycetota (phylum), Actinomycetes (class), Pseudonocardiales (order), Pseudonocardiaceae (family), Amycolatopsis (genus)	131567 (no rank), 2 (domain), 1783272 (kingdom), 201174 (phylum), 1760 (class), 85010 (order), 2070 (family), 1813 (genus)	307	unreviewed
A0A9W7BKJ7	A0A9W7BKJ7_9STRA	Triparma verrucosa	1606542	cellular organisms (no rank), Eukaryota (domain), Sar (clade), Stramenopiles (clade), Ochrophyta (clade), Bolidophyceae (class), Parmales (order), Triparmaceae (family), Triparma (genus)	131567 (no rank), 2759 (domain), 2698737 (clade), 33634 (clade), 2696291 (clade), 91989 (class), 722750 (order), 722751 (family), 722752 (genus)	280	unreviewed
A0A9W7GMR5	A0A9W7GMR5_9STRA	Triparma columacea	722753	cellular organisms (no rank), Eukaryota (domain), Sar (clade), Stramenopiles (clade), Ochrophyta (clade), Bolidophyceae (class), Parmales (order), Triparmaceae (family), Triparma (genus)	131567 (no rank), 2759 (domain), 2698737 (clade), 33634 (clade), 2696291 (clade), 91989 (class), 722750 (order), 722751 (family), 722752 (genus)	284	unreviewed
A0AA41ULH5	A0AA41ULH5_9BACT	Desulfatitalea alkaliphila	2929485	cellular organisms (no rank), Bacteria (domain), Pseudomonadati (kingdom), Thermodesulfobacteriota (phylum), Desulfobacteria (class), Desulfobacterales (order), Desulfosarcinaceae (family), Desulfatitalea (genus)	131567 (no rank), 2 (domain), 3379134 (kingdom), 200940 (phylum), 3024418 (class), 213118 (order), 3031624 (family), 1303912 (genus)	276	unreviewed
A0AAE0KVQ0	A0AAE0KVQ0_9CHLO	Cymbomonas tetramitiformis	36881	cellular organisms (no rank), Eukaryota (domain), Viridiplantae (kingdom), Chlorophyta (phylum), Pyramimonadophyceae (class), Pyramimonadales (order), Pyramimonadaceae (family), Cymbomonas (genus)	131567 (no rank), 2759 (domain), 33090 (kingdom), 3041 (phylum), 2704063 (class), 38834 (order), 2682468 (family), 36880 (genus)	345	unreviewed
A0AAU4JYB3	A0AAU4JYB3_9NOCA	Williamsia herbipolensis	1603258	cellular organisms (no rank), Bacteria (domain), Bacillati (kingdom), Actinomycetota (phylum), Actinomycetes (class), Mycobacteriales (order), Nocardiaceae (family), Williamsia (genus)	131567 (no rank), 2 (domain), 1783272 (kingdom), 201174 (phylum), 1760 (class), 85007 (order), 85025 (family), 85043 (genus)	336	unreviewed
A0AAV3U1W9	A0AAV3U1W9_9ALTE	Halioxenophilus aromaticivorans	1306992	cellular organisms (no rank), Bacteria (domain), Pseudomonadati (kingdom), Pseudomonadota (phylum), Gammaproteobacteria (class), Alteromonadales (order), Alteromonadaceae (family), Halioxenophilus (genus)	131567 (no rank), 2 (domain), 3379134 (kingdom), 1224 (phylum), 1236 (class), 135622 (order), 72275 (family), 2108524 (genus)	297	unreviewed
A0ABN2B888	A0ABN2B888_9ACTN	Dactylosporangium maewongense	634393	cellular organisms (no rank), Bacteria (domain), Bacillati (kingdom), Actinomycetota (phylum), Actinomycetes (class), Micromonosporales (order), Micromonosporaceae (family), Dactylosporangium (genus)	131567 (no rank), 2 (domain), 1783272 (kingdom), 201174 (phylum), 1760 (class), 85008 (order), 28056 (family), 35753 (genus)	267	unreviewed
A0ABP5DB21	A0ABP5DB21_9PSEU	Amycolatopsis minnesotensis	337894	cellular organisms (no rank), Bacteria (domain), Bacillati (kingdom), Actinomycetota (phylum), Actinomycetes (class), Pseudonocardiales (order), Pseudonocardiaceae (family), Amycolatopsis (genus)	131567 (no rank), 2 (domain), 1783272 (kingdom), 201174 (phylum), 1760 (class), 85010 (order), 2070 (family), 1813 (genus)	292	unreviewed
A0A9W7CBH4	A0A9W7CBH4_9STRA	Triparma strigata	1606541	cellular organisms (no rank), Eukaryota (domain), Sar (clade), Stramenopiles (clade), Ochrophyta (clade), Bolidophyceae (class), Parmales (order), Triparmaceae (family), Triparma (genus)	131567 (no rank), 2759 (domain), 2698737 (clade), 33634 (clade), 2696291 (clade), 91989 (class), 722750 (order), 722751 (family), 722752 (genus)	282	unreviewed
A0A9X3I6H8	A0A9X3I6H8_9ACTN	Gordonia aquimaris	2984863	cellular organisms (no rank), Bacteria (domain), Bacillati (kingdom), Actinomycetota (phylum), Actinomycetes (class), Mycobacteriales (order), Gordoniaceae (family), Gordonia (genus)	131567 (no rank), 2 (domain), 1783272 (kingdom), 201174 (phylum), 1760 (class), 85007 (order), 85026 (family), 2053 (genus)	335	unreviewed
A0AA41QZH1	A0AA41QZH1_9BACT	Desulfatitalea alkaliphila	2929485	cellular organisms (no rank), Bacteria (domain), Pseudomonadati (kingdom), Thermodesulfobacteriota (phylum), Desulfobacteria (class), Desulfobacterales (order), Desulfosarcinaceae (family), Desulfatitalea (genus)	131567 (no rank), 2 (domain), 3379134 (kingdom), 200940 (phylum), 3024418 (class), 213118 (order), 3031624 (family), 1303912 (genus)	279	unreviewed
A0AA41Z6E8	A0AA41Z6E8_9SPHN	Sphingomonas lycopersici	2951807	cellular organisms (no rank), Bacteria (domain), Pseudomonadati (kingdom), Pseudomonadota (phylum), Alphaproteobacteria (class), Sphingomonadales (order), Sphingomonadaceae (family), Sphingomonas (genus)	131567 (no rank), 2 (domain), 3379134 (kingdom), 1224 (phylum), 28211 (class), 204457 (order), 41297 (family), 13687 (genus)	321	unreviewed
A0AA82WPD4	A0AA82WPD4_9ZZZZ	unidentified	32644	unclassified entries (no rank), unclassified sequences (no rank)	2787823 (no rank), 12908 (no rank)	267	unreviewed
A0AA82WPI4	A0AA82WPI4_9BURK	Caldimonas taiwanensis	307483	cellular organisms (no rank), Bacteria (domain), Pseudomonadati (kingdom), Pseudomonadota (phylum), Betaproteobacteria (class), Burkholderiales (order), Sphaerotilaceae (family), Caldimonas (genus)	131567 (no rank), 2 (domain), 3379134 (kingdom), 1224 (phylum), 28216 (class), 80840 (order), 2975441 (family), 196013 (genus)	270	unreviewed
A0AAE6YIC9	A0AAE6YIC9_STRAT	Streptomyces antibioticus	1890	cellular organisms (no rank), Bacteria (domain), Bacillati (kingdom), Actinomycetota (phylum), Actinomycetes (class), Kitasatosporales (order), Streptomycetaceae (family), Streptomyces (genus)	131567 (no rank), 2 (domain), 1783272 (kingdom), 201174 (phylum), 1760 (class), 85011 (order), 2062 (family), 1883 (genus)	300	unreviewed
A0ABN2ALD9	A0ABN2ALD9_9ACTN	Dactylosporangium maewongense	634393	cellular organisms (no rank), Bacteria (domain), Bacillati (kingdom), Actinomycetota (phylum), Actinomycetes (class), Micromonosporales (order), Micromonosporaceae (family), Dactylosporangium (genus)	131567 (no rank), 2 (domain), 1783272 (kingdom), 201174 (phylum), 1760 (class), 85008 (order), 28056 (family), 35753 (genus)	343	unreviewed
A0ABP6K992	A0ABP6K992_9ACTN	Streptomyces enissocaesilis	332589	cellular organisms (no rank), Bacteria (domain), Bacillati (kingdom), Actinomycetota (phylum), Actinomycetes (class), Kitasatosporales (order), Streptomycetaceae (family), Streptomyces (genus), Streptomyces rochei group (no rank)	131567 (no rank), 2 (domain), 1783272 (kingdom), 201174 (phylum), 1760 (class), 85011 (order), 2062 (family), 1883 (genus), 2867164 (no rank)	291	unreviewed
A0ABP7P388	A0ABP7P388_9ACTN	Gordonia caeni	1007097	cellular organisms (no rank), Bacteria (domain), Bacillati (kingdom), Actinomycetota (phylum), Actinomycetes (class), Mycobacteriales (order), Gordoniaceae (family), Gordonia (genus)	131567 (no rank), 2 (domain), 1783272 (kingdom), 201174 (phylum), 1760 (class), 85007 (order), 85026 (family), 2053 (genus)	274	unreviewed
A0A9W7DQE9	A0A9W7DQE9_9STRA	Triparma laevis f. longispina	1714387	cellular organisms (no rank), Eukaryota (domain), Sar (clade), Stramenopiles (clade), Ochrophyta (clade), Bolidophyceae (class), Parmales (order), Triparmaceae (family), Triparma (genus), Triparma laevis (species)	131567 (no rank), 2759 (domain), 2698737 (clade), 33634 (clade), 2696291 (clade), 91989 (class), 722750 (order), 722751 (family), 722752 (genus), 1534972 (species)	334	unreviewed
A0A9W7GF60	A0A9W7GF60_9STRA	Triparma columacea	722753	cellular organisms (no rank), Eukaryota (domain), Sar (clade), Stramenopiles (clade), Ochrophyta (clade), Bolidophyceae (class), Parmales (order), Triparmaceae (family), Triparma (genus)	131567 (no rank), 2759 (domain), 2698737 (clade), 33634 (clade), 2696291 (clade), 91989 (class), 722750 (order), 722751 (family), 722752 (genus)	332	unreviewed
A0AA82WPI5	A0AA82WPI5_9BURK	Caldimonas taiwanensis	307483	cellular organisms (no rank), Bacteria (domain), Pseudomonadati (kingdom), Pseudomonadota (phylum), Betaproteobacteria (class), Burkholderiales (order), Sphaerotilaceae (family), Caldimonas (genus)	131567 (no rank), 2 (domain), 3379134 (kingdom), 1224 (phylum), 28216 (class), 80840 (order), 2975441 (family), 196013 (genus)	270	unreviewed
A0ABN6WHT5	A0ABN6WHT5_9GAMM	Marinomonas pontica	264739	cellular organisms (no rank), Bacteria (domain), Pseudomonadati (kingdom), Pseudomonadota (phylum), Gammaproteobacteria (class), Oceanospirillales (order), Oceanospirillaceae (family), Marinomonas (genus)	131567 (no rank), 2 (domain), 3379134 (kingdom), 1224 (phylum), 1236 (class), 135619 (order), 135620 (family), 28253 (genus)	338	unreviewed
A0ABP4V4N0	A0ABP4V4N0_9ACTN	Kribbella yunnanensis	190194	cellular organisms (no rank), Bacteria (domain), Bacillati (kingdom), Actinomycetota (phylum), Actinomycetes (class), Propionibacteriales (order), Kribbellaceae (family), Kribbella (genus)	131567 (no rank), 2 (domain), 1783272 (kingdom), 201174 (phylum), 1760 (class), 85009 (order), 2726069 (family), 182639 (genus)	277	unreviewed
A0ABR3W7G3	A0ABR3W7G3_9PEZI	Diaporthe australafricana	127596	cellular organisms (no rank), Eukaryota (domain), Opisthokonta (clade), Fungi (kingdom), Dikarya (subkingdom), Ascomycota (phylum), saccharomyceta (clade), Pezizomycotina (subphylum), leotiomyceta (clade), sordariomyceta (clade), Sordariomycetes (class), Sordariomycetidae (subclass), Diaporthales (order), Diaporthaceae (family), Diaporthe (genus)	131567 (no rank), 2759 (domain), 33154 (clade), 4751 (kingdom), 451864 (subkingdom), 4890 (phylum), 716545 (clade), 147538 (subphylum), 716546 (clade), 715989 (clade), 147550 (class), 222544 (subclass), 5114 (order), 767018 (family), 36922 (genus)	340	unreviewed
A0ABT4UC71	A0ABT4UC71_9ACTN	Nocardiopsis endophytica	3018445	cellular organisms (no rank), Bacteria (domain), Bacillati (kingdom), Actinomycetota (phylum), Actinomycetes (class), Streptosporangiales (order), Nocardiopsidaceae (family), Nocardiopsis (genus)	131567 (no rank), 2 (domain), 1783272 (kingdom), 201174 (phylum), 1760 (class), 85012 (order), 83676 (family), 2013 (genus)	291	unreviewed
A0ABQ8NHJ6	A0ABQ8NHJ6_PYRGI	Pyricularia grisea (Crabgrass-specific blast fungus) (Magnaporthe grisea)	148305	cellular organisms (no rank), Eukaryota (domain), Opisthokonta (clade), Fungi (kingdom), Dikarya (subkingdom), Ascomycota (phylum), saccharomyceta (clade), Pezizomycotina (subphylum), leotiomyceta (clade), sordariomyceta (clade), Sordariomycetes (class), Sordariomycetidae (subclass), Magnaporthales (order), Pyriculariaceae (family), Pyricularia (genus)	131567 (no rank), 2759 (domain), 33154 (clade), 4751 (kingdom), 451864 (subkingdom), 4890 (phylum), 716545 (clade), 147538 (subphylum), 716546 (clade), 715989 (clade), 147550 (class), 222544 (subclass), 639021 (order), 2528436 (family), 48558 (genus)	287	unreviewed
A0ABR0RY44	A0ABR0RY44_9EURO	Knufia obscura	1635080	cellular organisms (no rank), Eukaryota (domain), Opisthokonta (clade), Fungi (kingdom), Dikarya (subkingdom), Ascomycota (phylum), saccharomyceta (clade), Pezizomycotina (subphylum), leotiomyceta (clade), Eurotiomycetes (class), Chaetothyriomycetidae (subclass), Chaetothyriales (order), Trichomeriaceae (family), Knufia (genus)	131567 (no rank), 2759 (domain), 33154 (clade), 4751 (kingdom), 451864 (subkingdom), 4890 (phylum), 716545 (clade), 147538 (subphylum), 716546 (clade), 147545 (class), 451870 (subclass), 34395 (order), 1233474 (family), 430999 (genus)	325	unreviewed
A0ABT4TY48	A0ABT4TY48_9ACTN	Nocardiopsis endophytica	3018445	cellular organisms (no rank), Bacteria (domain), Bacillati (kingdom), Actinomycetota (phylum), Actinomycetes (class), Streptosporangiales (order), Nocardiopsidaceae (family), Nocardiopsis (genus)	131567 (no rank), 2 (domain), 1783272 (kingdom), 201174 (phylum), 1760 (class), 85012 (order), 83676 (family), 2013 (genus)	309	unreviewed
A0ABP9GGR8	A0ABP9GGR8_9ACTN	Streptomonospora halophila	427369	cellular organisms (no rank), Bacteria (domain), Bacillati (kingdom), Actinomycetota (phylum), Actinomycetes (class), Streptosporangiales (order), Nocardiopsidaceae (family), Streptomonospora (genus)	131567 (no rank), 2 (domain), 1783272 (kingdom), 201174 (phylum), 1760 (class), 85012 (order), 83676 (family), 104204 (genus)	308	unreviewed
A0ABQ0LFI9	A0ABQ0LFI9_MYCCL	Mycena chlorophos (Agaric fungus) (Agaricus chlorophos)	658473	cellular organisms (no rank), Eukaryota (domain), Opisthokonta (clade), Fungi (kingdom), Dikarya (subkingdom), Basidiomycota (phylum), Agaricomycotina (subphylum), Agaricomycetes (class), Agaricomycetidae (subclass), Agaricales (order), Marasmiineae (suborder), Mycenaceae (family), Mycena (genus)	131567 (no rank), 2759 (domain), 33154 (clade), 4751 (kingdom), 451864 (subkingdom), 5204 (phylum), 5302 (subphylum), 155619 (class), 452333 (subclass), 5338 (order), 2982316 (suborder), 2024004 (family), 41247 (genus)	293	unreviewed
A0ABQ4HI96	A0ABQ4HI96_9ACTN	Planomonospora parontospora subsp. parontospora	97194	cellular organisms (no rank), Bacteria (domain), Bacillati (kingdom), Actinomycetota (phylum), Actinomycetes (class), Streptosporangiales (order), Streptosporangiaceae (family), Planomonospora (genus), Planomonospora parontospora (species)	131567 (no rank), 2 (domain), 1783272 (kingdom), 201174 (phylum), 1760 (class), 85012 (order), 2004 (family), 1998 (genus), 58119 (species)	299	unreviewed
A0ABR9JQE4	A0ABR9JQE4_9ACTN	Actinomadura algeriensis	1679523	cellular organisms (no rank), Bacteria (domain), Bacillati (kingdom), Actinomycetota (phylum), Actinomycetes (class), Streptosporangiales (order), Thermomonosporaceae (family), Actinomadura (genus)	131567 (no rank), 2 (domain), 1783272 (kingdom), 201174 (phylum), 1760 (class), 85012 (order), 2012 (family), 1988 (genus)	304	unreviewed
A0ABR9P363	A0ABR9P363_9ACTN	Nocardiopsis coralli	2772213	cellular organisms (no rank), Bacteria (domain), Bacillati (kingdom), Actinomycetota (phylum), Actinomycetes (class), Streptosporangiales (order), Nocardiopsidaceae (family), Nocardiopsis (genus)	131567 (no rank), 2 (domain), 1783272 (kingdom), 201174 (phylum), 1760 (class), 85012 (order), 83676 (family), 2013 (genus)	291	unreviewed
A0ABS3RHW4	A0ABS3RHW4_9ACTN	Actinomadura violacea	2819934	cellular organisms (no rank), Bacteria (domain), Bacillati (kingdom), Actinomycetota (phylum), Actinomycetes (class), Streptosporangiales (order), Thermomonosporaceae (family), Actinomadura (genus)	131567 (no rank), 2 (domain), 1783272 (kingdom), 201174 (phylum), 1760 (class), 85012 (order), 2012 (family), 1988 (genus)	293	unreviewed
A0ABT0G6E6	A0ABT0G6E6_ACTLZ	Actinomadura luzonensis	2805427	cellular organisms (no rank), Bacteria (domain), Bacillati (kingdom), Actinomycetota (phylum), Actinomycetes (class), Streptosporangiales (order), Thermomonosporaceae (family), Actinomadura (genus)	131567 (no rank), 2 (domain), 1783272 (kingdom), 201174 (phylum), 1760 (class), 85012 (order), 2012 (family), 1988 (genus)	284	unreviewed
A0ABT1KBG4	A0ABT1KBG4_9ACTN	Nonomuraea roseoviolacea subsp. carminata	160689	cellular organisms (no rank), Bacteria (domain), Bacillati (kingdom), Actinomycetota (phylum), Actinomycetes (class), Streptosporangiales (order), Streptosporangiaceae (family), Nonomuraea (genus), Nonomuraea roseoviolacea (species)	131567 (no rank), 2 (domain), 1783272 (kingdom), 201174 (phylum), 1760 (class), 85012 (order), 2004 (family), 83681 (genus), 103837 (species)	284	unreviewed
A0ABT9R9S9	A0ABT9R9S9_9ACTN	Streptosporangium brasiliense	47480	cellular organisms (no rank), Bacteria (domain), Bacillati (kingdom), Actinomycetota (phylum), Actinomycetes (class), Streptosporangiales (order), Streptosporangiaceae (family), Streptosporangium (genus)	131567 (no rank), 2 (domain), 1783272 (kingdom), 201174 (phylum), 1760 (class), 85012 (order), 2004 (family), 2000 (genus)	287	unreviewed
A0ABU7K983	A0ABU7K983_9ACTN	Nocardiopsis codii	3065942	cellular organisms (no rank), Bacteria (domain), Bacillati (kingdom), Actinomycetota (phylum), Actinomycetes (class), Streptosporangiales (order), Nocardiopsidaceae (family), Nocardiopsis (genus)	131567 (no rank), 2 (domain), 1783272 (kingdom), 201174 (phylum), 1760 (class), 85012 (order), 83676 (family), 2013 (genus)	284	unreviewed
A0ABV0AYA2	A0ABV0AYA2_9ACTN	Microbispora maris	3144104	cellular organisms (no rank), Bacteria (domain), Bacillati (kingdom), Actinomycetota (phylum), Actinomycetes (class), Streptosporangiales (order), Streptosporangiaceae (family), Microbispora (genus)	131567 (no rank), 2 (domain), 1783272 (kingdom), 201174 (phylum), 1760 (class), 85012 (order), 2004 (family), 2005 (genus)	304	unreviewed
A0ABV1ZP13	A0ABV1ZP13_9ACTN	Nocardiopsis tropica	109330	cellular organisms (no rank), Bacteria (domain), Bacillati (kingdom), Actinomycetota (phylum), Actinomycetes (class), Streptosporangiales (order), Nocardiopsidaceae (family), Nocardiopsis (genus)	131567 (no rank), 2 (domain), 1783272 (kingdom), 201174 (phylum), 1760 (class), 85012 (order), 83676 (family), 2013 (genus)	308	unreviewed
A0ABV3GLG2	A0ABV3GLG2_MICGL	Microtetraspora glauca	1996	cellular organisms (no rank), Bacteria (domain), Bacillati (kingdom), Actinomycetota (phylum), Actinomycetes (class), Streptosporangiales (order), Streptosporangiaceae (family), Microtetraspora (genus)	131567 (no rank), 2 (domain), 1783272 (kingdom), 201174 (phylum), 1760 (class), 85012 (order), 2004 (family), 1995 (genus)	308	unreviewed
A0ABV5IXZ4	A0ABV5IXZ4_9ACTN	Nonomuraea spiralis	46182	cellular organisms (no rank), Bacteria (domain), Bacillati (kingdom), Actinomycetota (phylum), Actinomycetes (class), Streptosporangiales (order), Streptosporangiaceae (family), Nonomuraea (genus)	131567 (no rank), 2 (domain), 1783272 (kingdom), 201174 (phylum), 1760 (class), 85012 (order), 2004 (family), 83681 (genus)	285	unreviewed
A0ABP7YWN7	A0ABP7YWN7_9ACTN	Actinomadura keratinilytica	547461	cellular organisms (no rank), Bacteria (domain), Bacillati (kingdom), Actinomycetota (phylum), Actinomycetes (class), Streptosporangiales (order), Thermomonosporaceae (family), Actinomadura (genus)	131567 (no rank), 2 (domain), 1783272 (kingdom), 201174 (phylum), 1760 (class), 85012 (order), 2012 (family), 1988 (genus)	340	unreviewed
A0ABQ4GPX9	A0ABQ4GPX9_9ACTN	Microbispora siamensis	564413	cellular organisms (no rank), Bacteria (domain), Bacillati (kingdom), Actinomycetota (phylum), Actinomycetes (class), Streptosporangiales (order), Streptosporangiaceae (family), Microbispora (genus)	131567 (no rank), 2 (domain), 1783272 (kingdom), 201174 (phylum), 1760 (class), 85012 (order), 2004 (family), 2005 (genus)	295	unreviewed
A0ABR9JL03	A0ABR9JL03_9ACTN	Actinomadura algeriensis	1679523	cellular organisms (no rank), Bacteria (domain), Bacillati (kingdom), Actinomycetota (phylum), Actinomycetes (class), Streptosporangiales (order), Thermomonosporaceae (family), Actinomadura (genus)	131567 (no rank), 2 (domain), 1783272 (kingdom), 201174 (phylum), 1760 (class), 85012 (order), 2012 (family), 1988 (genus)	288	unreviewed
A0ABR9JTI2	A0ABR9JTI2_9ACTN	Actinomadura algeriensis	1679523	cellular organisms (no rank), Bacteria (domain), Bacillati (kingdom), Actinomycetota (phylum), Actinomycetes (class), Streptosporangiales (order), Thermomonosporaceae (family), Actinomadura (genus)	131567 (no rank), 2 (domain), 1783272 (kingdom), 201174 (phylum), 1760 (class), 85012 (order), 2012 (family), 1988 (genus)	281	unreviewed
A0ABS3RDC0	A0ABS3RDC0_9ACTN	Actinomadura nitritigenes	134602	cellular organisms (no rank), Bacteria (domain), Bacillati (kingdom), Actinomycetota (phylum), Actinomycetes (class), Streptosporangiales (order), Thermomonosporaceae (family), Actinomadura (genus)	131567 (no rank), 2 (domain), 1783272 (kingdom), 201174 (phylum), 1760 (class), 85012 (order), 2012 (family), 1988 (genus)	305	unreviewed
A0ABT4SKH4	A0ABT4SKH4_9ACTN	Nonomuraea corallina	2989783	cellular organisms (no rank), Bacteria (domain), Bacillati (kingdom), Actinomycetota (phylum), Actinomycetes (class), Streptosporangiales (order), Streptosporangiaceae (family), Nonomuraea (genus)	131567 (no rank), 2 (domain), 1783272 (kingdom), 201174 (phylum), 1760 (class), 85012 (order), 2004 (family), 83681 (genus)	289	unreviewed
A0ABT4SVI9	A0ABT4SVI9_9ACTN	Nonomuraea ferruginea	46174	cellular organisms (no rank), Bacteria (domain), Bacillati (kingdom), Actinomycetota (phylum), Actinomycetes (class), Streptosporangiales (order), Streptosporangiaceae (family), Nonomuraea (genus)	131567 (no rank), 2 (domain), 1783272 (kingdom), 201174 (phylum), 1760 (class), 85012 (order), 2004 (family), 83681 (genus)	266	unreviewed
A0ABT4TDN8	A0ABT4TDN8_9ACTN	Nonomuraea ferruginea	46174	cellular organisms (no rank), Bacteria (domain), Bacillati (kingdom), Actinomycetota (phylum), Actinomycetes (class), Streptosporangiales (order), Streptosporangiaceae (family), Nonomuraea (genus)	131567 (no rank), 2 (domain), 1783272 (kingdom), 201174 (phylum), 1760 (class), 85012 (order), 2004 (family), 83681 (genus)	289	unreviewed
A0ABU2KYZ7	A0ABU2KYZ7_9ACTN	Streptomonospora wellingtoniae	3075544	cellular organisms (no rank), Bacteria (domain), Bacillati (kingdom), Actinomycetota (phylum), Actinomycetes (class), Streptosporangiales (order), Nocardiopsidaceae (family), Streptomonospora (genus)	131567 (no rank), 2 (domain), 1783272 (kingdom), 201174 (phylum), 1760 (class), 85012 (order), 83676 (family), 104204 (genus)	308	unreviewed
A0ABU2M2I4	A0ABU2M2I4_9ACTN	Nocardiopsis lambiniae	3075539	cellular organisms (no rank), Bacteria (domain), Bacillati (kingdom), Actinomycetota (phylum), Actinomycetes (class), Streptosporangiales (order), Nocardiopsidaceae (family), Nocardiopsis (genus)	131567 (no rank), 2 (domain), 1783272 (kingdom), 201174 (phylum), 1760 (class), 85012 (order), 83676 (family), 2013 (genus)	275	unreviewed
A0ABV3GPG2	A0ABV3GPG2_MICGL	Microtetraspora glauca	1996	cellular organisms (no rank), Bacteria (domain), Bacillati (kingdom), Actinomycetota (phylum), Actinomycetes (class), Streptosporangiales (order), Streptosporangiaceae (family), Microtetraspora (genus)	131567 (no rank), 2 (domain), 1783272 (kingdom), 201174 (phylum), 1760 (class), 85012 (order), 2004 (family), 1995 (genus)	285	unreviewed
A0ABV4R3C7	A0ABV4R3C7_9ACTN	Actinomadura chokoriensis	454156	cellular organisms (no rank), Bacteria (domain), Bacillati (kingdom), Actinomycetota (phylum), Actinomycetes (class), Streptosporangiales (order), Thermomonosporaceae (family), Actinomadura (genus)	131567 (no rank), 2 (domain), 1783272 (kingdom), 201174 (phylum), 1760 (class), 85012 (order), 2012 (family), 1988 (genus)	281	unreviewed
A0ABV5SC32	A0ABV5SC32_9ACTN	Nonomuraea helvata	37484	cellular organisms (no rank), Bacteria (domain), Bacillati (kingdom), Actinomycetota (phylum), Actinomycetes (class), Streptosporangiales (order), Streptosporangiaceae (family), Nonomuraea (genus)	131567 (no rank), 2 (domain), 1783272 (kingdom), 201174 (phylum), 1760 (class), 85012 (order), 2004 (family), 83681 (genus)	285	unreviewed
A0ABP9GSJ2	A0ABP9GSJ2_9ACTN	Streptomonospora halophila	427369	cellular organisms (no rank), Bacteria (domain), Bacillati (kingdom), Actinomycetota (phylum), Actinomycetes (class), Streptosporangiales (order), Nocardiopsidaceae (family), Streptomonospora (genus)	131567 (no rank), 2 (domain), 1783272 (kingdom), 201174 (phylum), 1760 (class), 85012 (order), 83676 (family), 104204 (genus)	278	unreviewed
A0ABR8L573	A0ABR8L573_9ACTN	Microbispora bryophytorum subsp. camponoti	1677852	cellular organisms (no rank), Bacteria (domain), Bacillati (kingdom), Actinomycetota (phylum), Actinomycetes (class), Streptosporangiales (order), Streptosporangiaceae (family), Microbispora (genus), Microbispora bryophytorum (species)	131567 (no rank), 2 (domain), 1783272 (kingdom), 201174 (phylum), 1760 (class), 85012 (order), 2004 (family), 2005 (genus), 1460882 (species)	281	unreviewed
A0ABR9HFT4	A0ABR9HFT4_9ACTN	Nocardiopsis terrae	372655	cellular organisms (no rank), Bacteria (domain), Bacillati (kingdom), Actinomycetota (phylum), Actinomycetes (class), Streptosporangiales (order), Nocardiopsidaceae (family), Nocardiopsis (genus)	131567 (no rank), 2 (domain), 1783272 (kingdom), 201174 (phylum), 1760 (class), 85012 (order), 83676 (family), 2013 (genus)	285	unreviewed
A0ABR9LVG0	A0ABR9LVG0_9ACTN	Nonomuraea angiospora	46172	cellular organisms (no rank), Bacteria (domain), Bacillati (kingdom), Actinomycetota (phylum), Actinomycetes (class), Streptosporangiales (order), Streptosporangiaceae (family), Nonomuraea (genus)	131567 (no rank), 2 (domain), 1783272 (kingdom), 201174 (phylum), 1760 (class), 85012 (order), 2004 (family), 83681 (genus)	275	unreviewed
A0ABT4TFD0	A0ABT4TFD0_9ACTN	Nocardiopsis suaedae	3018444	cellular organisms (no rank), Bacteria (domain), Bacillati (kingdom), Actinomycetota (phylum), Actinomycetes (class), Streptosporangiales (order), Nocardiopsidaceae (family), Nocardiopsis (genus)	131567 (no rank), 2 (domain), 1783272 (kingdom), 201174 (phylum), 1760 (class), 85012 (order), 83676 (family), 2013 (genus)	308	unreviewed
A0ABU2HAA2	A0ABU2HAA2_9ACTN	Lipingzhangella rawalii	2055835	cellular organisms (no rank), Bacteria (domain), Bacillati (kingdom), Actinomycetota (phylum), Actinomycetes (class), Streptosporangiales (order), Nocardiopsidaceae (family), Lipingzhangella (genus)	131567 (no rank), 2 (domain), 1783272 (kingdom), 201174 (phylum), 1760 (class), 85012 (order), 83676 (family), 1874625 (genus)	284	unreviewed
A0ABV3H590	A0ABV3H590_9ACTN	Nonomuraea bangladeshensis	404385	cellular organisms (no rank), Bacteria (domain), Bacillati (kingdom), Actinomycetota (phylum), Actinomycetes (class), Streptosporangiales (order), Streptosporangiaceae (family), Nonomuraea (genus)	131567 (no rank), 2 (domain), 1783272 (kingdom), 201174 (phylum), 1760 (class), 85012 (order), 2004 (family), 83681 (genus)	284	unreviewed
A0ABQ2QK59	A0ABQ2QK59_9ACTN	Streptosporangium pseudovulgare	35765	cellular organisms (no rank), Bacteria (domain), Bacillati (kingdom), Actinomycetota (phylum), Actinomycetes (class), Streptosporangiales (order), Streptosporangiaceae (family), Streptosporangium (genus)	131567 (no rank), 2 (domain), 1783272 (kingdom), 201174 (phylum), 1760 (class), 85012 (order), 2004 (family), 2000 (genus)	332	unreviewed
A0ABR1R449	A0ABR1R449_9PEZI	Apiospora marii	335849	cellular organisms (no rank), Eukaryota (domain), Opisthokonta (clade), Fungi (kingdom), Dikarya (subkingdom), Ascomycota (phylum), saccharomyceta (clade), Pezizomycotina (subphylum), leotiomyceta (clade), sordariomyceta (clade), Sordariomycetes (class), Xylariomycetidae (subclass), Amphisphaeriales (order), Apiosporaceae (family), Apiospora (genus)	131567 (no rank), 2759 (domain), 33154 (clade), 4751 (kingdom), 451864 (subkingdom), 4890 (phylum), 716545 (clade), 147538 (subphylum), 716546 (clade), 715989 (clade), 147550 (class), 222545 (subclass), 3402561 (order), 106263 (family), 1811811 (genus)	252	unreviewed
A0ABR1W775	A0ABR1W775_9PEZI	Apiospora phragmitis	2905665	cellular organisms (no rank), Eukaryota (domain), Opisthokonta (clade), Fungi (kingdom), Dikarya (subkingdom), Ascomycota (phylum), saccharomyceta (clade), Pezizomycotina (subphylum), leotiomyceta (clade), sordariomyceta (clade), Sordariomycetes (class), Xylariomycetidae (subclass), Amphisphaeriales (order), Apiosporaceae (family), Apiospora (genus)	131567 (no rank), 2759 (domain), 33154 (clade), 4751 (kingdom), 451864 (subkingdom), 4890 (phylum), 716545 (clade), 147538 (subphylum), 716546 (clade), 715989 (clade), 147550 (class), 222545 (subclass), 3402561 (order), 106263 (family), 1811811 (genus)	250	unreviewed
A0ABR9HP34	A0ABR9HP34_9ACTN	Nocardiopsis terrae	372655	cellular organisms (no rank), Bacteria (domain), Bacillati (kingdom), Actinomycetota (phylum), Actinomycetes (class), Streptosporangiales (order), Nocardiopsidaceae (family), Nocardiopsis (genus)	131567 (no rank), 2 (domain), 1783272 (kingdom), 201174 (phylum), 1760 (class), 85012 (order), 83676 (family), 2013 (genus)	310	unreviewed
A0ABR9JQE6	A0ABR9JQE6_9ACTN	Actinomadura algeriensis	1679523	cellular organisms (no rank), Bacteria (domain), Bacillati (kingdom), Actinomycetota (phylum), Actinomycetes (class), Streptosporangiales (order), Thermomonosporaceae (family), Actinomadura (genus)	131567 (no rank), 2 (domain), 1783272 (kingdom), 201174 (phylum), 1760 (class), 85012 (order), 2012 (family), 1988 (genus)	301	unreviewed
A0ABU2HBR0	A0ABU2HBR0_9ACTN	Lipingzhangella rawalii	2055835	cellular organisms (no rank), Bacteria (domain), Bacillati (kingdom), Actinomycetota (phylum), Actinomycetes (class), Streptosporangiales (order), Nocardiopsidaceae (family), Lipingzhangella (genus)	131567 (no rank), 2 (domain), 1783272 (kingdom), 201174 (phylum), 1760 (class), 85012 (order), 83676 (family), 1874625 (genus)	259	unreviewed
A0ABV0AN13	A0ABV0AN13_9ACTN	Microbispora maris	3144104	cellular organisms (no rank), Bacteria (domain), Bacillati (kingdom), Actinomycetota (phylum), Actinomycetes (class), Streptosporangiales (order), Streptosporangiaceae (family), Microbispora (genus)	131567 (no rank), 2 (domain), 1783272 (kingdom), 201174 (phylum), 1760 (class), 85012 (order), 2004 (family), 2005 (genus)	281	unreviewed
A0ABV2A015	A0ABV2A015_9ACTN	Nocardiopsis tropica	109330	cellular organisms (no rank), Bacteria (domain), Bacillati (kingdom), Actinomycetota (phylum), Actinomycetes (class), Streptosporangiales (order), Nocardiopsidaceae (family), Nocardiopsis (genus)	131567 (no rank), 2 (domain), 1783272 (kingdom), 201174 (phylum), 1760 (class), 85012 (order), 83676 (family), 2013 (genus)	284	unreviewed
A0ABV3HHB8	A0ABV3HHB8_9ACTN	Nonomuraea bangladeshensis	404385	cellular organisms (no rank), Bacteria (domain), Bacillati (kingdom), Actinomycetota (phylum), Actinomycetes (class), Streptosporangiales (order), Streptosporangiaceae (family), Nonomuraea (genus)	131567 (no rank), 2 (domain), 1783272 (kingdom), 201174 (phylum), 1760 (class), 85012 (order), 2004 (family), 83681 (genus)	299	unreviewed
A0ABV4QBN9	A0ABV4QBN9_9ACTN	Actinomadura monticuli	3097367	cellular organisms (no rank), Bacteria (domain), Bacillati (kingdom), Actinomycetota (phylum), Actinomycetes (class), Streptosporangiales (order), Thermomonosporaceae (family), Actinomadura (genus)	131567 (no rank), 2 (domain), 1783272 (kingdom), 201174 (phylum), 1760 (class), 85012 (order), 2012 (family), 1988 (genus)	281	unreviewed
A0ABV5INF8	A0ABV5INF8_9ACTN	Nonomuraea spiralis	46182	cellular organisms (no rank), Bacteria (domain), Bacillati (kingdom), Actinomycetota (phylum), Actinomycetes (class), Streptosporangiales (order), Streptosporangiaceae (family), Nonomuraea (genus)	131567 (no rank), 2 (domain), 1783272 (kingdom), 201174 (phylum), 1760 (class), 85012 (order), 2004 (family), 83681 (genus)	266	unreviewed
A0ABV5P1V8	A0ABV5P1V8_9ACTN	Nonomuraea salmonea	46181	cellular organisms (no rank), Bacteria (domain), Bacillati (kingdom), Actinomycetota (phylum), Actinomycetes (class), Streptosporangiales (order), Streptosporangiaceae (family), Nonomuraea (genus)	131567 (no rank), 2 (domain), 1783272 (kingdom), 201174 (phylum), 1760 (class), 85012 (order), 2004 (family), 83681 (genus)	304	unreviewed
A0ABV5QFF4	A0ABV5QFF4_9ACTN	Nonomuraea roseola	46179	cellular organisms (no rank), Bacteria (domain), Bacillati (kingdom), Actinomycetota (phylum), Actinomycetes (class), Streptosporangiales (order), Streptosporangiaceae (family), Nonomuraea (genus)	131567 (no rank), 2 (domain), 1783272 (kingdom), 201174 (phylum), 1760 (class), 85012 (order), 2004 (family), 83681 (genus)	275	unreviewed
A0ABV5TKN4	A0ABV5TKN4_9ACTN	Streptosporangium vulgare	46190	cellular organisms (no rank), Bacteria (domain), Bacillati (kingdom), Actinomycetota (phylum), Actinomycetes (class), Streptosporangiales (order), Streptosporangiaceae (family), Streptosporangium (genus)	131567 (no rank), 2 (domain), 1783272 (kingdom), 201174 (phylum), 1760 (class), 85012 (order), 2004 (family), 2000 (genus)	289	unreviewed
A0ABR7LML6	A0ABR7LML6_9ACTN	Actinomadura alba	406431	cellular organisms (no rank), Bacteria (domain), Bacillati (kingdom), Actinomycetota (phylum), Actinomycetes (class), Streptosporangiales (order), Thermomonosporaceae (family), Actinomadura (genus)	131567 (no rank), 2 (domain), 1783272 (kingdom), 201174 (phylum), 1760 (class), 85012 (order), 2012 (family), 1988 (genus)	289	unreviewed
A0ABR8LI65	A0ABR8LI65_9ACTN	Microbispora bryophytorum subsp. camponoti	1677852	cellular organisms (no rank), Bacteria (domain), Bacillati (kingdom), Actinomycetota (phylum), Actinomycetes (class), Streptosporangiales (order), Streptosporangiaceae (family), Microbispora (genus), Microbispora bryophytorum (species)	131567 (no rank), 2 (domain), 1783272 (kingdom), 201174 (phylum), 1760 (class), 85012 (order), 2004 (family), 2005 (genus), 1460882 (species)	306	unreviewed
A0ABS3RIL7	A0ABS3RIL7_9ACTN	Actinomadura violacea	2819934	cellular organisms (no rank), Bacteria (domain), Bacillati (kingdom), Actinomycetota (phylum), Actinomycetes (class), Streptosporangiales (order), Thermomonosporaceae (family), Actinomadura (genus)	131567 (no rank), 2 (domain), 1783272 (kingdom), 201174 (phylum), 1760 (class), 85012 (order), 2012 (family), 1988 (genus)	307	unreviewed
A0ABS3RLG2	A0ABS3RLG2_9ACTN	Actinomadura violacea	2819934	cellular organisms (no rank), Bacteria (domain), Bacillati (kingdom), Actinomycetota (phylum), Actinomycetes (class), Streptosporangiales (order), Thermomonosporaceae (family), Actinomadura (genus)	131567 (no rank), 2 (domain), 1783272 (kingdom), 201174 (phylum), 1760 (class), 85012 (order), 2012 (family), 1988 (genus)	283	unreviewed
A0ABS7FP06	A0ABS7FP06_9ACTN	Actinomadura parmotrematis	2864039	cellular organisms (no rank), Bacteria (domain), Bacillati (kingdom), Actinomycetota (phylum), Actinomycetes (class), Streptosporangiales (order), Thermomonosporaceae (family), Actinomadura (genus)	131567 (no rank), 2 (domain), 1783272 (kingdom), 201174 (phylum), 1760 (class), 85012 (order), 2012 (family), 1988 (genus)	295	unreviewed
A0ABT9QDD4	A0ABT9QDD4_9ACTN	Streptosporangium lutulentum	1461250	cellular organisms (no rank), Bacteria (domain), Bacillati (kingdom), Actinomycetota (phylum), Actinomycetes (class), Streptosporangiales (order), Streptosporangiaceae (family), Streptosporangium (genus)	131567 (no rank), 2 (domain), 1783272 (kingdom), 201174 (phylum), 1760 (class), 85012 (order), 2004 (family), 2000 (genus)	324	unreviewed
A0ABU2MB52	A0ABU2MB52_9ACTN	Nocardiopsis lambiniae	3075539	cellular organisms (no rank), Bacteria (domain), Bacillati (kingdom), Actinomycetota (phylum), Actinomycetes (class), Streptosporangiales (order), Nocardiopsidaceae (family), Nocardiopsis (genus)	131567 (no rank), 2 (domain), 1783272 (kingdom), 201174 (phylum), 1760 (class), 85012 (order), 83676 (family), 2013 (genus)	286	unreviewed
A0ABU7KBV8	A0ABU7KBV8_9ACTN	Nocardiopsis codii	3065942	cellular organisms (no rank), Bacteria (domain), Bacillati (kingdom), Actinomycetota (phylum), Actinomycetes (class), Streptosporangiales (order), Nocardiopsidaceae (family), Nocardiopsis (genus)	131567 (no rank), 2 (domain), 1783272 (kingdom), 201174 (phylum), 1760 (class), 85012 (order), 83676 (family), 2013 (genus)	290	unreviewed
A0ABV5NZ31	A0ABV5NZ31_9ACTN	Nonomuraea salmonea	46181	cellular organisms (no rank), Bacteria (domain), Bacillati (kingdom), Actinomycetota (phylum), Actinomycetes (class), Streptosporangiales (order), Streptosporangiaceae (family), Nonomuraea (genus)	131567 (no rank), 2 (domain), 1783272 (kingdom), 201174 (phylum), 1760 (class), 85012 (order), 2004 (family), 83681 (genus)	302	unreviewed
A0ABV5TE52	A0ABV5TE52_9ACTN	Streptosporangium vulgare	46190	cellular organisms (no rank), Bacteria (domain), Bacillati (kingdom), Actinomycetota (phylum), Actinomycetes (class), Streptosporangiales (order), Streptosporangiaceae (family), Streptosporangium (genus)	131567 (no rank), 2 (domain), 1783272 (kingdom), 201174 (phylum), 1760 (class), 85012 (order), 2004 (family), 2000 (genus)	314	unreviewed
A0ABQ1P236	A0ABQ1P236_9GAMM	Halopseudomonas salina	1323744	cellular organisms (no rank), Bacteria (domain), Pseudomonadati (kingdom), Pseudomonadota (phylum), Gammaproteobacteria (class), Pseudomonadales (order), Pseudomonadaceae (family), Halopseudomonas (genus)	131567 (no rank), 2 (domain), 3379134 (kingdom), 1224 (phylum), 1236 (class), 72274 (order), 135621 (family), 2901189 (genus)	291	unreviewed
A0ABQ1V8J4	A0ABQ1V8J4_9NOCA	Williamsia phyllosphaerae	885042	cellular organisms (no rank), Bacteria (domain), Bacillati (kingdom), Actinomycetota (phylum), Actinomycetes (class), Mycobacteriales (order), Nocardiaceae (family), Williamsia (genus)	131567 (no rank), 2 (domain), 1783272 (kingdom), 201174 (phylum), 1760 (class), 85007 (order), 85025 (family), 85043 (genus)	331	unreviewed
A0ABQ2CPK6	A0ABQ2CPK6_9GAMM	Halopseudomonas pertucinogena	86175	cellular organisms (no rank), Bacteria (domain), Pseudomonadati (kingdom), Pseudomonadota (phylum), Gammaproteobacteria (class), Pseudomonadales (order), Pseudomonadaceae (family), Halopseudomonas (genus), Halopseudomonas pertucinogena group (no rank)	131567 (no rank), 2 (domain), 3379134 (kingdom), 1224 (phylum), 1236 (class), 72274 (order), 135621 (family), 2901189 (genus), 136844 (no rank)	286	unreviewed
A0ABT2D2X6	A0ABT2D2X6_9BURK	Massilia terrae	1811224	cellular organisms (no rank), Bacteria (domain), Pseudomonadati (kingdom), Pseudomonadota (phylum), Betaproteobacteria (class), Burkholderiales (order), Oxalobacteraceae (family), Telluria group (no rank), Massilia (genus)	131567 (no rank), 2 (domain), 3379134 (kingdom), 1224 (phylum), 28216 (class), 80840 (order), 75682 (family), 2895353 (no rank), 149698 (genus)	303	unreviewed
A0ABT9HCX2	A0ABT9HCX2_9GAMM	Psychrobacter faecalis	180588	cellular organisms (no rank), Bacteria (domain), Pseudomonadati (kingdom), Pseudomonadota (phylum), Gammaproteobacteria (class), Moraxellales (order), Moraxellaceae (family), Psychrobacter (genus)	131567 (no rank), 2 (domain), 3379134 (kingdom), 1224 (phylum), 1236 (class), 2887326 (order), 468 (family), 497 (genus)	347	unreviewed
A0ABU1XE86	A0ABU1XE86_9NOCA	Nocardia kruczakiae	261477	cellular organisms (no rank), Bacteria (domain), Bacillati (kingdom), Actinomycetota (phylum), Actinomycetes (class), Mycobacteriales (order), Nocardiaceae (family), Nocardia (genus)	131567 (no rank), 2 (domain), 1783272 (kingdom), 201174 (phylum), 1760 (class), 85007 (order), 85025 (family), 1817 (genus)	322	unreviewed
A0ABP8D4A2	A0ABP8D4A2_9ACTN	Dactylosporangium darangshiense	579108	cellular organisms (no rank), Bacteria (domain), Bacillati (kingdom), Actinomycetota (phylum), Actinomycetes (class), Micromonosporales (order), Micromonosporaceae (family), Dactylosporangium (genus)	131567 (no rank), 2 (domain), 1783272 (kingdom), 201174 (phylum), 1760 (class), 85008 (order), 28056 (family), 35753 (genus)	334	unreviewed
A0ABQ3KFS6	A0ABQ3KFS6_9PSEU	Amycolatopsis bullii	941987	cellular organisms (no rank), Bacteria (domain), Bacillati (kingdom), Actinomycetota (phylum), Actinomycetes (class), Pseudonocardiales (order), Pseudonocardiaceae (family), Amycolatopsis (genus)	131567 (no rank), 2 (domain), 1783272 (kingdom), 201174 (phylum), 1760 (class), 85010 (order), 2070 (family), 1813 (genus)	308	unreviewed
A0ABQ3KU58	A0ABQ3KU58_9PSEU	Amycolatopsis bullii	941987	cellular organisms (no rank), Bacteria (domain), Bacillati (kingdom), Actinomycetota (phylum), Actinomycetes (class), Pseudonocardiales (order), Pseudonocardiaceae (family), Amycolatopsis (genus)	131567 (no rank), 2 (domain), 1783272 (kingdom), 201174 (phylum), 1760 (class), 85010 (order), 2070 (family), 1813 (genus)	285	unreviewed
A0ABQ3PN33	A0ABQ3PN33_9ACTN	Streptomyces hydrogenans	1873719	cellular organisms (no rank), Bacteria (domain), Bacillati (kingdom), Actinomycetota (phylum), Actinomycetes (class), Kitasatosporales (order), Streptomycetaceae (family), Streptomyces (genus)	131567 (no rank), 2 (domain), 1783272 (kingdom), 201174 (phylum), 1760 (class), 85011 (order), 2062 (family), 1883 (genus)	292	unreviewed
A0ABQ3XT05	A0ABQ3XT05_9ACTN	Actinoplanes couchii	403638	cellular organisms (no rank), Bacteria (domain), Bacillati (kingdom), Actinomycetota (phylum), Actinomycetes (class), Micromonosporales (order), Micromonosporaceae (family), Actinoplanes (genus)	131567 (no rank), 2 (domain), 1783272 (kingdom), 201174 (phylum), 1760 (class), 85008 (order), 28056 (family), 1865 (genus)	347	unreviewed
A0ABV3FKY4	A0ABV3FKY4_9NOCA	Nocardia aurea	2144174	cellular organisms (no rank), Bacteria (domain), Bacillati (kingdom), Actinomycetota (phylum), Actinomycetes (class), Mycobacteriales (order), Nocardiaceae (family), Nocardia (genus)	131567 (no rank), 2 (domain), 1783272 (kingdom), 201174 (phylum), 1760 (class), 85007 (order), 85025 (family), 1817 (genus)	337	unreviewed
A0ABP9ZZD8	A0ABP9ZZD8_9GAMM	Thalassolituus maritimus	484498	cellular organisms (no rank), Bacteria (domain), Pseudomonadati (kingdom), Pseudomonadota (phylum), Gammaproteobacteria (class), Oceanospirillales (order), Oceanospirillaceae (family), Thalassolituus (genus)	131567 (no rank), 2 (domain), 3379134 (kingdom), 1224 (phylum), 1236 (class), 135619 (order), 135620 (family), 187492 (genus)	267	unreviewed
A0ABQ2CGJ6	A0ABQ2CGJ6_9GAMM	Halopseudomonas pertucinogena	86175	cellular organisms (no rank), Bacteria (domain), Pseudomonadati (kingdom), Pseudomonadota (phylum), Gammaproteobacteria (class), Pseudomonadales (order), Pseudomonadaceae (family), Halopseudomonas (genus), Halopseudomonas pertucinogena group (no rank)	131567 (no rank), 2 (domain), 3379134 (kingdom), 1224 (phylum), 1236 (class), 72274 (order), 135621 (family), 2901189 (genus), 136844 (no rank)	279	unreviewed
A0ABQ2W6F4	A0ABQ2W6F4_9ACTN	Streptomyces gelaticus	285446	cellular organisms (no rank), Bacteria (domain), Bacillati (kingdom), Actinomycetota (phylum), Actinomycetes (class), Kitasatosporales (order), Streptomycetaceae (family), Streptomyces (genus)	131567 (no rank), 2 (domain), 1783272 (kingdom), 201174 (phylum), 1760 (class), 85011 (order), 2062 (family), 1883 (genus)	284	unreviewed
A0ABQ3X1A2	A0ABQ3X1A2_9ACTN	Actinoplanes couchii	403638	cellular organisms (no rank), Bacteria (domain), Bacillati (kingdom), Actinomycetota (phylum), Actinomycetes (class), Micromonosporales (order), Micromonosporaceae (family), Actinoplanes (genus)	131567 (no rank), 2 (domain), 1783272 (kingdom), 201174 (phylum), 1760 (class), 85008 (order), 28056 (family), 1865 (genus)	302	unreviewed
A0ABQ6YHT9	A0ABQ6YHT9_9NOCA	Nocardia caishijiensis	184756	cellular organisms (no rank), Bacteria (domain), Bacillati (kingdom), Actinomycetota (phylum), Actinomycetes (class), Mycobacteriales (order), Nocardiaceae (family), Nocardia (genus)	131567 (no rank), 2 (domain), 1783272 (kingdom), 201174 (phylum), 1760 (class), 85007 (order), 85025 (family), 1817 (genus)	270	unreviewed
A0ABS1WUN4	A0ABS1WUN4_9GAMM	Steroidobacter gossypii	2805490	cellular organisms (no rank), Bacteria (domain), Pseudomonadati (kingdom), Pseudomonadota (phylum), Gammaproteobacteria (class), Steroidobacterales (order), Steroidobacteraceae (family), Steroidobacter (genus)	131567 (no rank), 2 (domain), 3379134 (kingdom), 1224 (phylum), 1236 (class), 3060226 (order), 2689614 (family), 469322 (genus)	286	unreviewed
A0ABS4QJ61	A0ABS4QJ61_9NOCA	Nocardia goodfellowii	882446	cellular organisms (no rank), Bacteria (domain), Bacillati (kingdom), Actinomycetota (phylum), Actinomycetes (class), Mycobacteriales (order), Nocardiaceae (family), Nocardia (genus)	131567 (no rank), 2 (domain), 1783272 (kingdom), 201174 (phylum), 1760 (class), 85007 (order), 85025 (family), 1817 (genus)	336	unreviewed
A0ABU3EK19	A0ABU3EK19_9RHOB	Paracoccus broussonetiae	3075834	cellular organisms (no rank), Bacteria (domain), Pseudomonadati (kingdom), Pseudomonadota (phylum), Alphaproteobacteria (class), Rhodobacterales (order), Paracoccaceae (family), Paracoccus (genus)	131567 (no rank), 2 (domain), 3379134 (kingdom), 1224 (phylum), 28211 (class), 204455 (order), 31989 (family), 265 (genus)	300	unreviewed
A0ABU9M430	A0ABU9M430_STUCH	Stutzerimonas chloritidismutans (Pseudomonas chloritidismutans)	203192	cellular organisms (no rank), Bacteria (domain), Pseudomonadati (kingdom), Pseudomonadota (phylum), Gammaproteobacteria (class), Pseudomonadales (order), Pseudomonadaceae (family), Stutzerimonas (genus), Stutzerimonas stutzeri group (no rank), Stutzerimonas stutzeri subgroup (no rank)	131567 (no rank), 2 (domain), 3379134 (kingdom), 1224 (phylum), 1236 (class), 72274 (order), 135621 (family), 2901164 (genus), 136846 (no rank), 578833 (no rank)	298	unreviewed
A0ABQ3B214	A0ABQ3B214_9GAMM	Cellvibrio zantedeschiae	1237077	cellular organisms (no rank), Bacteria (domain), Pseudomonadati (kingdom), Pseudomonadota (phylum), Gammaproteobacteria (class), Cellvibrionales (order), Cellvibrionaceae (family), Cellvibrio (genus)	131567 (no rank), 2 (domain), 3379134 (kingdom), 1224 (phylum), 1236 (class), 1706369 (order), 1706371 (family), 10 (genus)	298	unreviewed
A0ABQ3IUC3	A0ABQ3IUC3_9PSEU	Amycolatopsis deserti	185696	cellular organisms (no rank), Bacteria (domain), Bacillati (kingdom), Actinomycetota (phylum), Actinomycetes (class), Pseudonocardiales (order), Pseudonocardiaceae (family), Amycolatopsis (genus)	131567 (no rank), 2 (domain), 1783272 (kingdom), 201174 (phylum), 1760 (class), 85010 (order), 2070 (family), 1813 (genus)	309	unreviewed
A0ABQ3M249	A0ABQ3M249_9PSEU	Amycolatopsis oliviviridis	1471590	cellular organisms (no rank), Bacteria (domain), Bacillati (kingdom), Actinomycetota (phylum), Actinomycetes (class), Pseudonocardiales (order), Pseudonocardiaceae (family), Amycolatopsis (genus)	131567 (no rank), 2 (domain), 1783272 (kingdom), 201174 (phylum), 1760 (class), 85010 (order), 2070 (family), 1813 (genus)	275	unreviewed
A0ABS5AQW8	A0ABS5AQW8_9PSEU	Crossiella equi	130796	cellular organisms (no rank), Bacteria (domain), Bacillati (kingdom), Actinomycetota (phylum), Actinomycetes (class), Pseudonocardiales (order), Pseudonocardiaceae (family), Crossiella (genus)	131567 (no rank), 2 (domain), 1783272 (kingdom), 201174 (phylum), 1760 (class), 85010 (order), 2070 (family), 130795 (genus)	280	unreviewed
A0ABT7INI8	A0ABT7INI8_9BURK	Mesosutterella faecium	2925194	cellular organisms (no rank), Bacteria (domain), Pseudomonadati (kingdom), Pseudomonadota (phylum), Betaproteobacteria (class), Burkholderiales (order), Sutterellaceae (family), Mesosutterella (genus)	131567 (no rank), 2 (domain), 3379134 (kingdom), 1224 (phylum), 28216 (class), 80840 (order), 995019 (family), 2494213 (genus)	307	unreviewed
A0ABU8S4G3	A0ABU8S4G3_9SPHN	Novosphingobium aquae	3133435	cellular organisms (no rank), Bacteria (domain), Pseudomonadati (kingdom), Pseudomonadota (phylum), Alphaproteobacteria (class), Sphingomonadales (order), Sphingomonadaceae (family), Novosphingobium (genus)	131567 (no rank), 2 (domain), 3379134 (kingdom), 1224 (phylum), 28211 (class), 204457 (order), 41297 (family), 165696 (genus)	292	unreviewed
A0ABQ3AXI4	A0ABQ3AXI4_9GAMM	Marinobacter zhanjiangensis	578215	cellular organisms (no rank), Bacteria (domain), Pseudomonadati (kingdom), Pseudomonadota (phylum), Gammaproteobacteria (class), Pseudomonadales (order), Marinobacteraceae (family), Marinobacter (genus)	131567 (no rank), 2 (domain), 3379134 (kingdom), 1224 (phylum), 1236 (class), 72274 (order), 2887365 (family), 2742 (genus)	275	unreviewed
A0ABQ3YI37	A0ABQ3YI37_9ACTN	Paractinoplanes deccanensis	113561	cellular organisms (no rank), Bacteria (domain), Bacillati (kingdom), Actinomycetota (phylum), Actinomycetes (class), Micromonosporales (order), Micromonosporaceae (family), Paractinoplanes (genus)	131567 (no rank), 2 (domain), 1783272 (kingdom), 201174 (phylum), 1760 (class), 85008 (order), 28056 (family), 3240234 (genus)	274	unreviewed
A0ABQ6MIH9	A0ABQ6MIH9_9STRA	Tetraparma gracilis	2962635	cellular organisms (no rank), Eukaryota (domain), Sar (clade), Stramenopiles (clade), Ochrophyta (clade), Bolidophyceae (class), Parmales (order), Triparmaceae (family), Tetraparma (genus)	131567 (no rank), 2759 (domain), 2698737 (clade), 33634 (clade), 2696291 (clade), 91989 (class), 722750 (order), 722751 (family), 2962634 (genus)	343	unreviewed
A0ABR4ZJ15	A0ABR4ZJ15_9NOCA	Nocardia vulneris	1141657	cellular organisms (no rank), Bacteria (domain), Bacillati (kingdom), Actinomycetota (phylum), Actinomycetes (class), Mycobacteriales (order), Nocardiaceae (family), Nocardia (genus)	131567 (no rank), 2 (domain), 1783272 (kingdom), 201174 (phylum), 1760 (class), 85007 (order), 85025 (family), 1817 (genus)	324	unreviewed
A0ABS2D9K8	A0ABS2D9K8_9SPHN	Sphingomonas longa	2778730	cellular organisms (no rank), Bacteria (domain), Pseudomonadati (kingdom), Pseudomonadota (phylum), Alphaproteobacteria (class), Sphingomonadales (order), Sphingomonadaceae (family), Sphingomonas (genus)	131567 (no rank), 2 (domain), 3379134 (kingdom), 1224 (phylum), 28211 (class), 204457 (order), 41297 (family), 13687 (genus)	295	unreviewed
A0ABS4PT05	A0ABS4PT05_9PSEU	Amycolatopsis magusensis	882444	cellular organisms (no rank), Bacteria (domain), Bacillati (kingdom), Actinomycetota (phylum), Actinomycetes (class), Pseudonocardiales (order), Pseudonocardiaceae (family), Amycolatopsis (genus)	131567 (no rank), 2 (domain), 1783272 (kingdom), 201174 (phylum), 1760 (class), 85010 (order), 2070 (family), 1813 (genus)	278	unreviewed
A0ABS6BE04	A0ABS6BE04_9NOCA	Nocardia albiluteola	2842303	cellular organisms (no rank), Bacteria (domain), Bacillati (kingdom), Actinomycetota (phylum), Actinomycetes (class), Mycobacteriales (order), Nocardiaceae (family), Nocardia (genus)	131567 (no rank), 2 (domain), 1783272 (kingdom), 201174 (phylum), 1760 (class), 85007 (order), 85025 (family), 1817 (genus)	319	unreviewed
A0ABU1PVP3	A0ABU1PVP3_9PSEU	Saccharothrix longispora	33920	cellular organisms (no rank), Bacteria (domain), Bacillati (kingdom), Actinomycetota (phylum), Actinomycetes (class), Pseudonocardiales (order), Pseudonocardiaceae (family), Saccharothrix (genus)	131567 (no rank), 2 (domain), 1783272 (kingdom), 201174 (phylum), 1760 (class), 85010 (order), 2070 (family), 2071 (genus)	274	unreviewed
A0ABU8S5Q1	A0ABU8S5Q1_9SPHN	Novosphingobium aquae	3133435	cellular organisms (no rank), Bacteria (domain), Pseudomonadati (kingdom), Pseudomonadota (phylum), Alphaproteobacteria (class), Sphingomonadales (order), Sphingomonadaceae (family), Novosphingobium (genus)	131567 (no rank), 2 (domain), 3379134 (kingdom), 1224 (phylum), 28211 (class), 204457 (order), 41297 (family), 165696 (genus)	320	unreviewed
A0ABV3F3X9	A0ABV3F3X9_9NOCA	Nocardia fusca	941183	cellular organisms (no rank), Bacteria (domain), Bacillati (kingdom), Actinomycetota (phylum), Actinomycetes (class), Mycobacteriales (order), Nocardiaceae (family), Nocardia (genus)	131567 (no rank), 2 (domain), 1783272 (kingdom), 201174 (phylum), 1760 (class), 85007 (order), 85025 (family), 1817 (genus)	337	unreviewed
A6WFI5	CUTI_KINRD	Kineococcus radiotolerans (strain ATCC BAA-149 / DSM 14245 / SRS30216)	266940	cellular organisms (no rank), Bacteria (domain), Bacillati (kingdom), Actinomycetota (phylum), Actinomycetes (class), Kineosporiales (order), Kineosporiaceae (family), Kineococcus (genus), Kineococcus radiotolerans (species)	131567 (no rank), 2 (domain), 1783272 (kingdom), 201174 (phylum), 1760 (class), 622452 (order), 83778 (family), 33981 (genus), 131568 (species)	294	reviewed
D4Q9N1	PETH1_THEAE	Thermobifida alba (Thermomonospora alba)	53522	cellular organisms (no rank), Bacteria (domain), Bacillati (kingdom), Actinomycetota (phylum), Actinomycetes (class), Streptosporangiales (order), Nocardiopsidaceae (family), Thermobifida (genus)	131567 (no rank), 2 (domain), 1783272 (kingdom), 201174 (phylum), 1760 (class), 85012 (order), 83676 (family), 83677 (genus)	296	reviewed
A0R619	CUP6H_MYCS2	Mycolicibacterium smegmatis (strain ATCC 700084 / mc(2)155) (Mycobacterium smegmatis)	246196	cellular organisms (no rank), Bacteria (domain), Bacillati (kingdom), Actinomycetota (phylum), Actinomycetes (class), Mycobacteriales (order), Mycobacteriaceae (family), Mycolicibacterium (genus), Mycolicibacterium smegmatis (species)	131567 (no rank), 2 (domain), 1783272 (kingdom), 201174 (phylum), 1760 (class), 85007 (order), 1762 (family), 1866885 (genus), 1772 (species)	337	reviewed
A0ABW3EGR7	A0ABW3EGR7_9ACTN	Actinomadura sediminis	1038904	cellular organisms (no rank), Bacteria (domain), Bacillati (kingdom), Actinomycetota (phylum), Actinomycetes (class), Streptosporangiales (order), Thermomonosporaceae (family), Actinomadura (genus)	131567 (no rank), 2 (domain), 1783272 (kingdom), 201174 (phylum), 1760 (class), 85012 (order), 2012 (family), 1988 (genus)	307	unreviewed
A0ABX8BMQ5	A0ABX8BMQ5_9ACTN	Nocardiopsis changdeensis	2831969	cellular organisms (no rank), Bacteria (domain), Bacillati (kingdom), Actinomycetota (phylum), Actinomycetes (class), Streptosporangiales (order), Nocardiopsidaceae (family), Nocardiopsis (genus)	131567 (no rank), 2 (domain), 1783272 (kingdom), 201174 (phylum), 1760 (class), 85012 (order), 83676 (family), 2013 (genus)	312	unreviewed
A0ABV9E7U1	A0ABV9E7U1_9ACTN	Sphaerisporangium corydalis	1441875	cellular organisms (no rank), Bacteria (domain), Bacillati (kingdom), Actinomycetota (phylum), Actinomycetes (class), Streptosporangiales (order), Streptosporangiaceae (family), Sphaerisporangium (genus)	131567 (no rank), 2 (domain), 1783272 (kingdom), 201174 (phylum), 1760 (class), 85012 (order), 2004 (family), 321315 (genus)	283	unreviewed
A0ABW1AIT3	A0ABW1AIT3_9ACTN	Actinomadura rugatobispora	1994	cellular organisms (no rank), Bacteria (domain), Bacillati (kingdom), Actinomycetota (phylum), Actinomycetes (class), Streptosporangiales (order), Thermomonosporaceae (family), Actinomadura (genus)	131567 (no rank), 2 (domain), 1783272 (kingdom), 201174 (phylum), 1760 (class), 85012 (order), 2012 (family), 1988 (genus)	290	unreviewed
A0ABW1BVW6	A0ABW1BVW6_9ACTN	Nonomuraea harbinensis	1286938	cellular organisms (no rank), Bacteria (domain), Bacillati (kingdom), Actinomycetota (phylum), Actinomycetes (class), Streptosporangiales (order), Streptosporangiaceae (family), Nonomuraea (genus)	131567 (no rank), 2 (domain), 1783272 (kingdom), 201174 (phylum), 1760 (class), 85012 (order), 2004 (family), 83681 (genus)	302	unreviewed
A0ABW1CGM7	A0ABW1CGM7_9ACTN	Nonomuraea insulae	1616787	cellular organisms (no rank), Bacteria (domain), Bacillati (kingdom), Actinomycetota (phylum), Actinomycetes (class), Streptosporangiales (order), Streptosporangiaceae (family), Nonomuraea (genus)	131567 (no rank), 2 (domain), 1783272 (kingdom), 201174 (phylum), 1760 (class), 85012 (order), 2004 (family), 83681 (genus)	296	unreviewed
A0ABW2CTX2	A0ABW2CTX2_9ACTN	Actinomadura yumaensis	111807	cellular organisms (no rank), Bacteria (domain), Bacillati (kingdom), Actinomycetota (phylum), Actinomycetes (class), Streptosporangiales (order), Thermomonosporaceae (family), Actinomadura (genus)	131567 (no rank), 2 (domain), 1783272 (kingdom), 201174 (phylum), 1760 (class), 85012 (order), 2012 (family), 1988 (genus)	267	unreviewed
A0ABW2SY79	A0ABW2SY79_9ACTN	Streptosporangium amethystogenes subsp. fukuiense	698418	cellular organisms (no rank), Bacteria (domain), Bacillati (kingdom), Actinomycetota (phylum), Actinomycetes (class), Streptosporangiales (order), Streptosporangiaceae (family), Streptosporangium (genus), Streptosporangium amethystogenes (species)	131567 (no rank), 2 (domain), 1783272 (kingdom), 201174 (phylum), 1760 (class), 85012 (order), 2004 (family), 2000 (genus), 2002 (species)	314	unreviewed
A0ABW3CKK1	A0ABW3CKK1_9ACTN	Actinomadura adrarensis	1819600	cellular organisms (no rank), Bacteria (domain), Bacillati (kingdom), Actinomycetota (phylum), Actinomycetes (class), Streptosporangiales (order), Thermomonosporaceae (family), Actinomadura (genus)	131567 (no rank), 2 (domain), 1783272 (kingdom), 201174 (phylum), 1760 (class), 85012 (order), 2012 (family), 1988 (genus)	265	unreviewed
A0ABW3EHY5	A0ABW3EHY5_9ACTN	Actinomadura sediminis	1038904	cellular organisms (no rank), Bacteria (domain), Bacillati (kingdom), Actinomycetota (phylum), Actinomycetes (class), Streptosporangiales (order), Thermomonosporaceae (family), Actinomadura (genus)	131567 (no rank), 2 (domain), 1783272 (kingdom), 201174 (phylum), 1760 (class), 85012 (order), 2012 (family), 1988 (genus)	308	unreviewed
A0ABW3EQF3	A0ABW3EQF3_9ACTN	Actinomadura sediminis	1038904	cellular organisms (no rank), Bacteria (domain), Bacillati (kingdom), Actinomycetota (phylum), Actinomycetes (class), Streptosporangiales (order), Thermomonosporaceae (family), Actinomadura (genus)	131567 (no rank), 2 (domain), 1783272 (kingdom), 201174 (phylum), 1760 (class), 85012 (order), 2012 (family), 1988 (genus)	279	unreviewed
A0ABW4SKE7	A0ABW4SKE7_9ACTN	Nonomuraea mangrovi	2316207	cellular organisms (no rank), Bacteria (domain), Bacillati (kingdom), Actinomycetota (phylum), Actinomycetes (class), Streptosporangiales (order), Streptosporangiaceae (family), Nonomuraea (genus)	131567 (no rank), 2 (domain), 1783272 (kingdom), 201174 (phylum), 1760 (class), 85012 (order), 2004 (family), 83681 (genus)	282	unreviewed
A0ABW6SQH1	A0ABW6SQH1_9ACTN	Microtetraspora malaysiensis	161358	cellular organisms (no rank), Bacteria (domain), Bacillati (kingdom), Actinomycetota (phylum), Actinomycetes (class), Streptosporangiales (order), Streptosporangiaceae (family), Microtetraspora (genus)	131567 (no rank), 2 (domain), 1783272 (kingdom), 201174 (phylum), 1760 (class), 85012 (order), 2004 (family), 1995 (genus)	285	unreviewed
A0ABW8A0E3	A0ABW8A0E3_9ACTN	Nonomuraea indica	1581193	cellular organisms (no rank), Bacteria (domain), Bacillati (kingdom), Actinomycetota (phylum), Actinomycetes (class), Streptosporangiales (order), Streptosporangiaceae (family), Nonomuraea (genus)	131567 (no rank), 2 (domain), 1783272 (kingdom), 201174 (phylum), 1760 (class), 85012 (order), 2004 (family), 83681 (genus)	271	unreviewed
A0ABX8C4W7	A0ABX8C4W7_9ACTN	Nocardiopsis akebiae	2831968	cellular organisms (no rank), Bacteria (domain), Bacillati (kingdom), Actinomycetota (phylum), Actinomycetes (class), Streptosporangiales (order), Nocardiopsidaceae (family), Nocardiopsis (genus)	131567 (no rank), 2 (domain), 1783272 (kingdom), 201174 (phylum), 1760 (class), 85012 (order), 83676 (family), 2013 (genus)	311	unreviewed
A0ABY4L3P7	A0ABY4L3P7_THEAE	Thermobifida alba (Thermomonospora alba)	53522	cellular organisms (no rank), Bacteria (domain), Bacillati (kingdom), Actinomycetota (phylum), Actinomycetes (class), Streptosporangiales (order), Nocardiopsidaceae (family), Thermobifida (genus)	131567 (no rank), 2 (domain), 1783272 (kingdom), 201174 (phylum), 1760 (class), 85012 (order), 83676 (family), 83677 (genus)	281	unreviewed
A0ABY6YT52	A0ABY6YT52_9ACTN	Streptomonospora nanhaiensis	1323731	cellular organisms (no rank), Bacteria (domain), Bacillati (kingdom), Actinomycetota (phylum), Actinomycetes (class), Streptosporangiales (order), Nocardiopsidaceae (family), Streptomonospora (genus)	131567 (no rank), 2 (domain), 1783272 (kingdom), 201174 (phylum), 1760 (class), 85012 (order), 83676 (family), 104204 (genus)	284	unreviewed
D7AYZ5	D7AYZ5_NOCDD	Nocardiopsis dassonvillei (strain ATCC 23218 / DSM 43111 / CIP 107115 / JCM 7437 / KCTC 9190 / NBRC 14626 / NCTC 10488 / NRRL B-5397 / IMRU 509) (Actinomadura dassonvillei)	446468	cellular organisms (no rank), Bacteria (domain), Bacillati (kingdom), Actinomycetota (phylum), Actinomycetes (class), Streptosporangiales (order), Nocardiopsidaceae (family), Nocardiopsis (genus), Nocardiopsis dassonvillei (species), Nocardiopsis dassonvillei subsp. dassonvillei (subspecies)	131567 (no rank), 2 (domain), 1783272 (kingdom), 201174 (phylum), 1760 (class), 85012 (order), 83676 (family), 2013 (genus), 2014 (species), 568208 (subspecies)	311	unreviewed
A0ABV8IEE0	A0ABV8IEE0_9ACTN	Planomonospora corallina	1806052	cellular organisms (no rank), Bacteria (domain), Bacillati (kingdom), Actinomycetota (phylum), Actinomycetes (class), Streptosporangiales (order), Streptosporangiaceae (family), Planomonospora (genus)	131567 (no rank), 2 (domain), 1783272 (kingdom), 201174 (phylum), 1760 (class), 85012 (order), 2004 (family), 1998 (genus)	306	unreviewed
A0ABV9U3U3	A0ABV9U3U3_9ACTN	Actinomadura gamaensis	1763541	cellular organisms (no rank), Bacteria (domain), Bacillati (kingdom), Actinomycetota (phylum), Actinomycetes (class), Streptosporangiales (order), Thermomonosporaceae (family), Actinomadura (genus)	131567 (no rank), 2 (domain), 1783272 (kingdom), 201174 (phylum), 1760 (class), 85012 (order), 2012 (family), 1988 (genus)	337	unreviewed
A0ABW1NJ96	A0ABW1NJ96_9ACTN	Sphaerisporangium aureirubrum	1544736	cellular organisms (no rank), Bacteria (domain), Bacillati (kingdom), Actinomycetota (phylum), Actinomycetes (class), Streptosporangiales (order), Streptosporangiaceae (family), Sphaerisporangium (genus)	131567 (no rank), 2 (domain), 1783272 (kingdom), 201174 (phylum), 1760 (class), 85012 (order), 2004 (family), 321315 (genus)	295	unreviewed
A0ABW2SVA4	A0ABW2SVA4_9ACTN	Streptosporangium amethystogenes subsp. fukuiense	698418	cellular organisms (no rank), Bacteria (domain), Bacillati (kingdom), Actinomycetota (phylum), Actinomycetes (class), Streptosporangiales (order), Streptosporangiaceae (family), Streptosporangium (genus), Streptosporangium amethystogenes (species)	131567 (no rank), 2 (domain), 1783272 (kingdom), 201174 (phylum), 1760 (class), 85012 (order), 2004 (family), 2000 (genus), 2002 (species)	291	unreviewed
A0ABW4SNQ3	A0ABW4SNQ3_9ACTN	Nonomuraea mangrovi	2316207	cellular organisms (no rank), Bacteria (domain), Bacillati (kingdom), Actinomycetota (phylum), Actinomycetes (class), Streptosporangiales (order), Streptosporangiaceae (family), Nonomuraea (genus)	131567 (no rank), 2 (domain), 1783272 (kingdom), 201174 (phylum), 1760 (class), 85012 (order), 2004 (family), 83681 (genus)	275	unreviewed
A0ABW7YQ16	A0ABW7YQ16_9ACTN	Nonomuraea typhae	2603600	cellular organisms (no rank), Bacteria (domain), Bacillati (kingdom), Actinomycetota (phylum), Actinomycetes (class), Streptosporangiales (order), Streptosporangiaceae (family), Nonomuraea (genus)	131567 (no rank), 2 (domain), 1783272 (kingdom), 201174 (phylum), 1760 (class), 85012 (order), 2004 (family), 83681 (genus)	278	unreviewed
A0ABX1BJM1	A0ABX1BJM1_9ACTN	Nonomuraea composti	2720023	cellular organisms (no rank), Bacteria (domain), Bacillati (kingdom), Actinomycetota (phylum), Actinomycetes (class), Streptosporangiales (order), Streptosporangiaceae (family), Nonomuraea (genus)	131567 (no rank), 2 (domain), 1783272 (kingdom), 201174 (phylum), 1760 (class), 85012 (order), 2004 (family), 83681 (genus)	300	unreviewed
A0ABY4KWX3	A0ABY4KWX3_THEAE	Thermobifida alba (Thermomonospora alba)	53522	cellular organisms (no rank), Bacteria (domain), Bacillati (kingdom), Actinomycetota (phylum), Actinomycetes (class), Streptosporangiales (order), Nocardiopsidaceae (family), Thermobifida (genus)	131567 (no rank), 2 (domain), 1783272 (kingdom), 201174 (phylum), 1760 (class), 85012 (order), 83676 (family), 83677 (genus)	296	unreviewed
D1A2H1	D1A2H1_THECD	Thermomonospora curvata (strain ATCC 19995 / DSM 43183 / JCM 3096 / KCTC 9072 / NBRC 15933 / NCIMB 10081 / Henssen B9)	471852	cellular organisms (no rank), Bacteria (domain), Bacillati (kingdom), Actinomycetota (phylum), Actinomycetes (class), Streptosporangiales (order), Thermomonosporaceae (family), Thermomonospora (genus), Thermomonospora curvata (species)	131567 (no rank), 2 (domain), 1783272 (kingdom), 201174 (phylum), 1760 (class), 85012 (order), 2012 (family), 2019 (genus), 2020 (species)	292	unreviewed
D2B6W3	D2B6W3_STRRD	Streptosporangium roseum (strain ATCC 12428 / DSM 43021 / JCM 3005 / KCTC 9067 / NCIMB 10171 / NRRL 2505 / NI 9100)	479432	cellular organisms (no rank), Bacteria (domain), Bacillati (kingdom), Actinomycetota (phylum), Actinomycetes (class), Streptosporangiales (order), Streptosporangiaceae (family), Streptosporangium (genus), Streptosporangium roseum (species)	131567 (no rank), 2 (domain), 1783272 (kingdom), 201174 (phylum), 1760 (class), 85012 (order), 2004 (family), 2000 (genus), 2001 (species)	285	unreviewed
A0ABV8G720	A0ABV8G720_9ACTN	Nonomuraea purpurea	1849276	cellular organisms (no rank), Bacteria (domain), Bacillati (kingdom), Actinomycetota (phylum), Actinomycetes (class), Streptosporangiales (order), Streptosporangiaceae (family), Nonomuraea (genus)	131567 (no rank), 2 (domain), 1783272 (kingdom), 201174 (phylum), 1760 (class), 85012 (order), 2004 (family), 83681 (genus)	274	unreviewed
A0ABV9C836	A0ABV9C836_9ACTN	Sphaerisporangium dianthi	1436120	cellular organisms (no rank), Bacteria (domain), Bacillati (kingdom), Actinomycetota (phylum), Actinomycetes (class), Streptosporangiales (order), Streptosporangiaceae (family), Sphaerisporangium (genus)	131567 (no rank), 2 (domain), 1783272 (kingdom), 201174 (phylum), 1760 (class), 85012 (order), 2004 (family), 321315 (genus)	285	unreviewed
A0ABV9SNT9	A0ABV9SNT9_9ACTN	Streptomonospora arabica	412417	cellular organisms (no rank), Bacteria (domain), Bacillati (kingdom), Actinomycetota (phylum), Actinomycetes (class), Streptosporangiales (order), Nocardiopsidaceae (family), Streptomonospora (genus)	131567 (no rank), 2 (domain), 1783272 (kingdom), 201174 (phylum), 1760 (class), 85012 (order), 83676 (family), 104204 (genus)	278	unreviewed
A0ABW1D4K0	A0ABW1D4K0_9ACTN	Nonomuraea insulae	1616787	cellular organisms (no rank), Bacteria (domain), Bacillati (kingdom), Actinomycetota (phylum), Actinomycetes (class), Streptosporangiales (order), Streptosporangiaceae (family), Nonomuraea (genus)	131567 (no rank), 2 (domain), 1783272 (kingdom), 201174 (phylum), 1760 (class), 85012 (order), 2004 (family), 83681 (genus)	275	unreviewed
A0ABW2CM09	A0ABW2CM09_9ACTN	Actinomadura yumaensis	111807	cellular organisms (no rank), Bacteria (domain), Bacillati (kingdom), Actinomycetota (phylum), Actinomycetes (class), Streptosporangiales (order), Thermomonosporaceae (family), Actinomadura (genus)	131567 (no rank), 2 (domain), 1783272 (kingdom), 201174 (phylum), 1760 (class), 85012 (order), 2012 (family), 1988 (genus)	283	unreviewed
A0ABW2PE71	A0ABW2PE71_9ACTN	Sphaerisporangium rhizosphaerae	2269375	cellular organisms (no rank), Bacteria (domain), Bacillati (kingdom), Actinomycetota (phylum), Actinomycetes (class), Streptosporangiales (order), Streptosporangiaceae (family), Sphaerisporangium (genus)	131567 (no rank), 2 (domain), 1783272 (kingdom), 201174 (phylum), 1760 (class), 85012 (order), 2004 (family), 321315 (genus)	285	unreviewed
A0ABW2SV52	A0ABW2SV52_9ACTN	Streptosporangium amethystogenes subsp. fukuiense	698418	cellular organisms (no rank), Bacteria (domain), Bacillati (kingdom), Actinomycetota (phylum), Actinomycetes (class), Streptosporangiales (order), Streptosporangiaceae (family), Streptosporangium (genus), Streptosporangium amethystogenes (species)	131567 (no rank), 2 (domain), 1783272 (kingdom), 201174 (phylum), 1760 (class), 85012 (order), 2004 (family), 2000 (genus), 2002 (species)	300	unreviewed
A0ABW2Y2H3	A0ABW2Y2H3_9ACTN	Actinomadura fibrosa	111802	cellular organisms (no rank), Bacteria (domain), Bacillati (kingdom), Actinomycetota (phylum), Actinomycetes (class), Streptosporangiales (order), Thermomonosporaceae (family), Actinomadura (genus)	131567 (no rank), 2 (domain), 1783272 (kingdom), 201174 (phylum), 1760 (class), 85012 (order), 2012 (family), 1988 (genus)	269	unreviewed
A0ABW6V0T4	A0ABW6V0T4_MICFU	Microtetraspora fusca	1997	cellular organisms (no rank), Bacteria (domain), Bacillati (kingdom), Actinomycetota (phylum), Actinomycetes (class), Streptosporangiales (order), Streptosporangiaceae (family), Microtetraspora (genus)	131567 (no rank), 2 (domain), 1783272 (kingdom), 201174 (phylum), 1760 (class), 85012 (order), 2004 (family), 1995 (genus)	285	unreviewed
A0ABX1B1C3	A0ABX1B1C3_9ACTN	Nonomuraea composti	2720023	cellular organisms (no rank), Bacteria (domain), Bacillati (kingdom), Actinomycetota (phylum), Actinomycetes (class), Streptosporangiales (order), Streptosporangiaceae (family), Nonomuraea (genus)	131567 (no rank), 2 (domain), 1783272 (kingdom), 201174 (phylum), 1760 (class), 85012 (order), 2004 (family), 83681 (genus)	303	unreviewed
A0ABX8C9P2	A0ABX8C9P2_9ACTN	Nocardiopsis akebiae	2831968	cellular organisms (no rank), Bacteria (domain), Bacillati (kingdom), Actinomycetota (phylum), Actinomycetes (class), Streptosporangiales (order), Nocardiopsidaceae (family), Nocardiopsis (genus)	131567 (no rank), 2 (domain), 1783272 (kingdom), 201174 (phylum), 1760 (class), 85012 (order), 83676 (family), 2013 (genus)	281	unreviewed
A0ABY4KWB4	A0ABY4KWB4_THEAE	Thermobifida alba (Thermomonospora alba)	53522	cellular organisms (no rank), Bacteria (domain), Bacillati (kingdom), Actinomycetota (phylum), Actinomycetes (class), Streptosporangiales (order), Nocardiopsidaceae (family), Thermobifida (genus)	131567 (no rank), 2 (domain), 1783272 (kingdom), 201174 (phylum), 1760 (class), 85012 (order), 83676 (family), 83677 (genus)	300	unreviewed
D1A646	D1A646_THECD	Thermomonospora curvata (strain ATCC 19995 / DSM 43183 / JCM 3096 / KCTC 9072 / NBRC 15933 / NCIMB 10081 / Henssen B9)	471852	cellular organisms (no rank), Bacteria (domain), Bacillati (kingdom), Actinomycetota (phylum), Actinomycetes (class), Streptosporangiales (order), Thermomonosporaceae (family), Thermomonospora (genus), Thermomonospora curvata (species)	131567 (no rank), 2 (domain), 1783272 (kingdom), 201174 (phylum), 1760 (class), 85012 (order), 2012 (family), 2019 (genus), 2020 (species)	295	unreviewed
D2B3P3	D2B3P3_STRRD	Streptosporangium roseum (strain ATCC 12428 / DSM 43021 / JCM 3005 / KCTC 9067 / NCIMB 10171 / NRRL 2505 / NI 9100)	479432	cellular organisms (no rank), Bacteria (domain), Bacillati (kingdom), Actinomycetota (phylum), Actinomycetes (class), Streptosporangiales (order), Streptosporangiaceae (family), Streptosporangium (genus), Streptosporangium roseum (species)	131567 (no rank), 2 (domain), 1783272 (kingdom), 201174 (phylum), 1760 (class), 85012 (order), 2004 (family), 2000 (genus), 2001 (species)	318	unreviewed
A0ABV5TPH8	A0ABV5TPH8_9ACTN	Streptosporangium vulgare	46190	cellular organisms (no rank), Bacteria (domain), Bacillati (kingdom), Actinomycetota (phylum), Actinomycetes (class), Streptosporangiales (order), Streptosporangiaceae (family), Streptosporangium (genus)	131567 (no rank), 2 (domain), 1783272 (kingdom), 201174 (phylum), 1760 (class), 85012 (order), 2004 (family), 2000 (genus)	291	unreviewed
A0ABV9ST98	A0ABV9ST98_9ACTN	Streptomonospora arabica	412417	cellular organisms (no rank), Bacteria (domain), Bacillati (kingdom), Actinomycetota (phylum), Actinomycetes (class), Streptosporangiales (order), Nocardiopsidaceae (family), Streptomonospora (genus)	131567 (no rank), 2 (domain), 1783272 (kingdom), 201174 (phylum), 1760 (class), 85012 (order), 83676 (family), 104204 (genus)	308	unreviewed
A0ABV9U430	A0ABV9U430_9ACTN	Actinomadura gamaensis	1763541	cellular organisms (no rank), Bacteria (domain), Bacillati (kingdom), Actinomycetota (phylum), Actinomycetes (class), Streptosporangiales (order), Thermomonosporaceae (family), Actinomadura (genus)	131567 (no rank), 2 (domain), 1783272 (kingdom), 201174 (phylum), 1760 (class), 85012 (order), 2012 (family), 1988 (genus)	284	unreviewed
A0ABW2CZA0	A0ABW2CZA0_9ACTN	Actinomadura yumaensis	111807	cellular organisms (no rank), Bacteria (domain), Bacillati (kingdom), Actinomycetota (phylum), Actinomycetes (class), Streptosporangiales (order), Thermomonosporaceae (family), Actinomadura (genus)	131567 (no rank), 2 (domain), 1783272 (kingdom), 201174 (phylum), 1760 (class), 85012 (order), 2012 (family), 1988 (genus)	313	unreviewed
A0ABW2TCC5	A0ABW2TCC5_9ACTN	Streptosporangium amethystogenes subsp. fukuiense	698418	cellular organisms (no rank), Bacteria (domain), Bacillati (kingdom), Actinomycetota (phylum), Actinomycetes (class), Streptosporangiales (order), Streptosporangiaceae (family), Streptosporangium (genus), Streptosporangium amethystogenes (species)	131567 (no rank), 2 (domain), 1783272 (kingdom), 201174 (phylum), 1760 (class), 85012 (order), 2004 (family), 2000 (genus), 2002 (species)	266	unreviewed
A0ABW2XQE4	A0ABW2XQE4_9ACTN	Actinomadura fibrosa	111802	cellular organisms (no rank), Bacteria (domain), Bacillati (kingdom), Actinomycetota (phylum), Actinomycetes (class), Streptosporangiales (order), Thermomonosporaceae (family), Actinomadura (genus)	131567 (no rank), 2 (domain), 1783272 (kingdom), 201174 (phylum), 1760 (class), 85012 (order), 2012 (family), 1988 (genus)	313	unreviewed
A0ABW3BH01	A0ABW3BH01_9ACTN	Streptomonospora algeriensis	995084	cellular organisms (no rank), Bacteria (domain), Bacillati (kingdom), Actinomycetota (phylum), Actinomycetes (class), Streptosporangiales (order), Nocardiopsidaceae (family), Streptomonospora (genus)	131567 (no rank), 2 (domain), 1783272 (kingdom), 201174 (phylum), 1760 (class), 85012 (order), 83676 (family), 104204 (genus)	277	unreviewed
A0ABW3BHY7	A0ABW3BHY7_9ACTN	Streptomonospora algeriensis	995084	cellular organisms (no rank), Bacteria (domain), Bacillati (kingdom), Actinomycetota (phylum), Actinomycetes (class), Streptosporangiales (order), Nocardiopsidaceae (family), Streptomonospora (genus)	131567 (no rank), 2 (domain), 1783272 (kingdom), 201174 (phylum), 1760 (class), 85012 (order), 83676 (family), 104204 (genus)	317	unreviewed
A0ABW7Z7B4	A0ABW7Z7B4_9ACTN	Nonomuraea typhae	2603600	cellular organisms (no rank), Bacteria (domain), Bacillati (kingdom), Actinomycetota (phylum), Actinomycetes (class), Streptosporangiales (order), Streptosporangiaceae (family), Nonomuraea (genus)	131567 (no rank), 2 (domain), 1783272 (kingdom), 201174 (phylum), 1760 (class), 85012 (order), 2004 (family), 83681 (genus)	274	unreviewed
A0ABX8BSA1	A0ABX8BSA1_9ACTN	Nocardiopsis changdeensis	2831969	cellular organisms (no rank), Bacteria (domain), Bacillati (kingdom), Actinomycetota (phylum), Actinomycetes (class), Streptosporangiales (order), Nocardiopsidaceae (family), Nocardiopsis (genus)	131567 (no rank), 2 (domain), 1783272 (kingdom), 201174 (phylum), 1760 (class), 85012 (order), 83676 (family), 2013 (genus)	279	unreviewed
A0ABX8TX11	A0ABX8TX11_9ACTN	Nonomuraea coxensis DSM 45129	1122611	cellular organisms (no rank), Bacteria (domain), Bacillati (kingdom), Actinomycetota (phylum), Actinomycetes (class), Streptosporangiales (order), Streptosporangiaceae (family), Nonomuraea (genus), Nonomuraea coxensis (species)	131567 (no rank), 2 (domain), 1783272 (kingdom), 201174 (phylum), 1760 (class), 85012 (order), 2004 (family), 83681 (genus), 404386 (species)	300	unreviewed
A0ABY5DI48	A0ABY5DI48_9ACTN	Nocardiopsis exhalans	163604	cellular organisms (no rank), Bacteria (domain), Bacillati (kingdom), Actinomycetota (phylum), Actinomycetes (class), Streptosporangiales (order), Nocardiopsidaceae (family), Nocardiopsis (genus)	131567 (no rank), 2 (domain), 1783272 (kingdom), 201174 (phylum), 1760 (class), 85012 (order), 83676 (family), 2013 (genus)	290	unreviewed
A0ABY6YXF2	A0ABY6YXF2_9ACTN	Streptomonospora nanhaiensis	1323731	cellular organisms (no rank), Bacteria (domain), Bacillati (kingdom), Actinomycetota (phylum), Actinomycetes (class), Streptosporangiales (order), Nocardiopsidaceae (family), Streptomonospora (genus)	131567 (no rank), 2 (domain), 1783272 (kingdom), 201174 (phylum), 1760 (class), 85012 (order), 83676 (family), 104204 (genus)	308	unreviewed
A0ACC0DK89	A0ACC0DK89_9PEZI	Hypoxylon rubiginosum	110542	cellular organisms (no rank), Eukaryota (domain), Opisthokonta (clade), Fungi (kingdom), Dikarya (subkingdom), Ascomycota (phylum), saccharomyceta (clade), Pezizomycotina (subphylum), leotiomyceta (clade), sordariomyceta (clade), Sordariomycetes (class), Xylariomycetidae (subclass), Xylariales (order), Hypoxylaceae (family), Hypoxylon (genus)	131567 (no rank), 2759 (domain), 33154 (clade), 4751 (kingdom), 451864 (subkingdom), 4890 (phylum), 716545 (clade), 147538 (subphylum), 716546 (clade), 715989 (clade), 147550 (class), 222545 (subclass), 37989 (order), 2033035 (family), 42308 (genus)	284	unreviewed
D1A9G5	D1A9G5_THECD	Thermomonospora curvata (strain ATCC 19995 / DSM 43183 / JCM 3096 / KCTC 9072 / NBRC 15933 / NCIMB 10081 / Henssen B9)	471852	cellular organisms (no rank), Bacteria (domain), Bacillati (kingdom), Actinomycetota (phylum), Actinomycetes (class), Streptosporangiales (order), Thermomonosporaceae (family), Thermomonospora (genus), Thermomonospora curvata (species)	131567 (no rank), 2 (domain), 1783272 (kingdom), 201174 (phylum), 1760 (class), 85012 (order), 2012 (family), 2019 (genus), 2020 (species)	289	unreviewed
D2B3R3	D2B3R3_STRRD	Streptosporangium roseum (strain ATCC 12428 / DSM 43021 / JCM 3005 / KCTC 9067 / NCIMB 10171 / NRRL 2505 / NI 9100)	479432	cellular organisms (no rank), Bacteria (domain), Bacillati (kingdom), Actinomycetota (phylum), Actinomycetes (class), Streptosporangiales (order), Streptosporangiaceae (family), Streptosporangium (genus), Streptosporangium roseum (species)	131567 (no rank), 2 (domain), 1783272 (kingdom), 201174 (phylum), 1760 (class), 85012 (order), 2004 (family), 2000 (genus), 2001 (species)	301	unreviewed
D2BFB4	D2BFB4_STRRD	Streptosporangium roseum (strain ATCC 12428 / DSM 43021 / JCM 3005 / KCTC 9067 / NCIMB 10171 / NRRL 2505 / NI 9100)	479432	cellular organisms (no rank), Bacteria (domain), Bacillati (kingdom), Actinomycetota (phylum), Actinomycetes (class), Streptosporangiales (order), Streptosporangiaceae (family), Streptosporangium (genus), Streptosporangium roseum (species)	131567 (no rank), 2 (domain), 1783272 (kingdom), 201174 (phylum), 1760 (class), 85012 (order), 2004 (family), 2000 (genus), 2001 (species)	323	unreviewed
A0ABV8EUA0	A0ABV8EUA0_9ACTN	Streptosporangium jomthongense	1193683	cellular organisms (no rank), Bacteria (domain), Bacillati (kingdom), Actinomycetota (phylum), Actinomycetes (class), Streptosporangiales (order), Streptosporangiaceae (family), Streptosporangium (genus)	131567 (no rank), 2 (domain), 1783272 (kingdom), 201174 (phylum), 1760 (class), 85012 (order), 2004 (family), 2000 (genus)	285	unreviewed
A0ABV9U3N1	A0ABV9U3N1_9ACTN	Actinomadura gamaensis	1763541	cellular organisms (no rank), Bacteria (domain), Bacillati (kingdom), Actinomycetota (phylum), Actinomycetes (class), Streptosporangiales (order), Thermomonosporaceae (family), Actinomadura (genus)	131567 (no rank), 2 (domain), 1783272 (kingdom), 201174 (phylum), 1760 (class), 85012 (order), 2012 (family), 1988 (genus)	290	unreviewed
A0ABW1A748	A0ABW1A748_9ACTN	Actinomadura rugatobispora	1994	cellular organisms (no rank), Bacteria (domain), Bacillati (kingdom), Actinomycetota (phylum), Actinomycetes (class), Streptosporangiales (order), Thermomonosporaceae (family), Actinomadura (genus)	131567 (no rank), 2 (domain), 1783272 (kingdom), 201174 (phylum), 1760 (class), 85012 (order), 2012 (family), 1988 (genus)	282	unreviewed
A0ABW1ACU7	A0ABW1ACU7_9ACTN	Actinomadura rugatobispora	1994	cellular organisms (no rank), Bacteria (domain), Bacillati (kingdom), Actinomycetota (phylum), Actinomycetes (class), Streptosporangiales (order), Thermomonosporaceae (family), Actinomadura (genus)	131567 (no rank), 2 (domain), 1783272 (kingdom), 201174 (phylum), 1760 (class), 85012 (order), 2012 (family), 1988 (genus)	306	unreviewed
A0ABW1CC56	A0ABW1CC56_9ACTN	Nonomuraea insulae	1616787	cellular organisms (no rank), Bacteria (domain), Bacillati (kingdom), Actinomycetota (phylum), Actinomycetes (class), Streptosporangiales (order), Streptosporangiaceae (family), Nonomuraea (genus)	131567 (no rank), 2 (domain), 1783272 (kingdom), 201174 (phylum), 1760 (class), 85012 (order), 2004 (family), 83681 (genus)	300	unreviewed
A0ABW2Y2K9	A0ABW2Y2K9_9ACTN	Actinomadura fibrosa	111802	cellular organisms (no rank), Bacteria (domain), Bacillati (kingdom), Actinomycetota (phylum), Actinomycetes (class), Streptosporangiales (order), Thermomonosporaceae (family), Actinomadura (genus)	131567 (no rank), 2 (domain), 1783272 (kingdom), 201174 (phylum), 1760 (class), 85012 (order), 2012 (family), 1988 (genus)	310	unreviewed
A0ABW3DN90	A0ABW3DN90_9ACTN	Streptosporangium algeriense	1682748	cellular organisms (no rank), Bacteria (domain), Bacillati (kingdom), Actinomycetota (phylum), Actinomycetes (class), Streptosporangiales (order), Streptosporangiaceae (family), Streptosporangium (genus)	131567 (no rank), 2 (domain), 1783272 (kingdom), 201174 (phylum), 1760 (class), 85012 (order), 2004 (family), 2000 (genus)	285	unreviewed
A0ABZ1STP3	A0ABZ1STP3_9ACTN	Microbispora hainanensis	568844	cellular organisms (no rank), Bacteria (domain), Bacillati (kingdom), Actinomycetota (phylum), Actinomycetes (class), Streptosporangiales (order), Streptosporangiaceae (family), Microbispora (genus)	131567 (no rank), 2 (domain), 1783272 (kingdom), 201174 (phylum), 1760 (class), 85012 (order), 2004 (family), 2005 (genus)	301	unreviewed
A0ABZ1T1R0	A0ABZ1T1R0_9ACTN	Microbispora hainanensis	568844	cellular organisms (no rank), Bacteria (domain), Bacillati (kingdom), Actinomycetota (phylum), Actinomycetes (class), Streptosporangiales (order), Streptosporangiaceae (family), Microbispora (genus)	131567 (no rank), 2 (domain), 1783272 (kingdom), 201174 (phylum), 1760 (class), 85012 (order), 2004 (family), 2005 (genus)	272	unreviewed
D2BF75	D2BF75_STRRD	Streptosporangium roseum (strain ATCC 12428 / DSM 43021 / JCM 3005 / KCTC 9067 / NCIMB 10171 / NRRL 2505 / NI 9100)	479432	cellular organisms (no rank), Bacteria (domain), Bacillati (kingdom), Actinomycetota (phylum), Actinomycetes (class), Streptosporangiales (order), Streptosporangiaceae (family), Streptosporangium (genus), Streptosporangium roseum (species)	131567 (no rank), 2 (domain), 1783272 (kingdom), 201174 (phylum), 1760 (class), 85012 (order), 2004 (family), 2000 (genus), 2001 (species)	279	unreviewed
A0ABW6NKE0	A0ABW6NKE0_9NOCA	Nocardia africana	134964	cellular organisms (no rank), Bacteria (domain), Bacillati (kingdom), Actinomycetota (phylum), Actinomycetes (class), Mycobacteriales (order), Nocardiaceae (family), Nocardia (genus)	131567 (no rank), 2 (domain), 1783272 (kingdom), 201174 (phylum), 1760 (class), 85007 (order), 85025 (family), 1817 (genus)	322	unreviewed
A0ABW9FX93	A0ABW9FX93_9NOCA	Prescottella soli	1543852	cellular organisms (no rank), Bacteria (domain), Bacillati (kingdom), Actinomycetota (phylum), Actinomycetes (class), Mycobacteriales (order), Nocardiaceae (family), Prescottella (genus)	131567 (no rank), 2 (domain), 1783272 (kingdom), 201174 (phylum), 1760 (class), 85007 (order), 85025 (family), 2979332 (genus)	334	unreviewed
A0ABZ2K0W2	A0ABZ2K0W2_9BACT	Pendulispora brunnea	2905690	cellular organisms (no rank), Bacteria (domain), Pseudomonadati (kingdom), Myxococcota (phylum), Myxococcia (class), Myxococcales (order), Sorangiineae (suborder), Pendulisporaceae (family), Pendulispora (genus)	131567 (no rank), 2 (domain), 3379134 (kingdom), 2818505 (phylum), 32015 (class), 29 (order), 80812 (suborder), 3375061 (family), 3375062 (genus)	318	unreviewed
A0ABZ2LU00	A0ABZ2LU00_9BACT	Pendulispora albinea	2741071	cellular organisms (no rank), Bacteria (domain), Pseudomonadati (kingdom), Myxococcota (phylum), Myxococcia (class), Myxococcales (order), Sorangiineae (suborder), Pendulisporaceae (family), Pendulispora (genus)	131567 (no rank), 2 (domain), 3379134 (kingdom), 2818505 (phylum), 32015 (class), 29 (order), 80812 (suborder), 3375061 (family), 3375062 (genus)	284	unreviewed
A0ABY5MAY1	A0ABY5MAY1_9ACTN	Aeromicrobium wangtongii	2969247	cellular organisms (no rank), Bacteria (domain), Bacillati (kingdom), Actinomycetota (phylum), Actinomycetes (class), Propionibacteriales (order), Nocardioidaceae (family), Aeromicrobium (genus)	131567 (no rank), 2 (domain), 1783272 (kingdom), 201174 (phylum), 1760 (class), 85009 (order), 85015 (family), 2040 (genus)	312	unreviewed
B4CYG8	B4CYG8_9BACT	Chthoniobacter flavus Ellin428	497964	cellular organisms (no rank), Bacteria (domain), Pseudomonadati (kingdom), PVC group (clade), Verrucomicrobiota (phylum), Spartobacteria (class), Chthoniobacterales (order), Chthoniobacteraceae (family), Chthoniobacter (genus), Chthoniobacter flavus (species)	131567 (no rank), 2 (domain), 3379134 (kingdom), 1783257 (clade), 74201 (phylum), 134549 (class), 1836787 (order), 1836792 (family), 295577 (genus), 191863 (species)	324	unreviewed
A0ABV9G053	A0ABV9G053_9NOCA	Rhodococcus kronopolitis	1460226	cellular organisms (no rank), Bacteria (domain), Bacillati (kingdom), Actinomycetota (phylum), Actinomycetes (class), Mycobacteriales (order), Nocardiaceae (family), Rhodococcus (genus)	131567 (no rank), 2 (domain), 1783272 (kingdom), 201174 (phylum), 1760 (class), 85007 (order), 85025 (family), 1827 (genus)	330	unreviewed
A0ABW6QPJ9	A0ABW6QPJ9_9NOCA	Nocardia suismassiliense	2077092	cellular organisms (no rank), Bacteria (domain), Bacillati (kingdom), Actinomycetota (phylum), Actinomycetes (class), Mycobacteriales (order), Nocardiaceae (family), Nocardia (genus)	131567 (no rank), 2 (domain), 1783272 (kingdom), 201174 (phylum), 1760 (class), 85007 (order), 85025 (family), 1817 (genus)	323	unreviewed
A0ABY2UDA5	A0ABY2UDA5_9GAMM	Microbulbifer harenosus	2576840	cellular organisms (no rank), Bacteria (domain), Pseudomonadati (kingdom), Pseudomonadota (phylum), Gammaproteobacteria (class), Cellvibrionales (order), Microbulbiferaceae (family), Microbulbifer (genus)	131567 (no rank), 2 (domain), 3379134 (kingdom), 1224 (phylum), 1236 (class), 1706369 (order), 1706373 (family), 48073 (genus)	296	unreviewed
A0ABY8XKD1	A0ABY8XKD1_9PSEU	Amycolatopsis nalaikhensis	715472	cellular organisms (no rank), Bacteria (domain), Bacillati (kingdom), Actinomycetota (phylum), Actinomycetes (class), Pseudonocardiales (order), Pseudonocardiaceae (family), Amycolatopsis (genus)	131567 (no rank), 2 (domain), 1783272 (kingdom), 201174 (phylum), 1760 (class), 85010 (order), 2070 (family), 1813 (genus)	304	unreviewed
A0ABZ0W4G4	A0ABZ0W4G4_9BACT	Niabella yanshanensis	577386	cellular organisms (no rank), Bacteria (domain), Pseudomonadati (kingdom), FCB group (clade), Bacteroidota/Chlorobiota group (clade), Bacteroidota (phylum), Chitinophagia (class), Chitinophagales (order), Chitinophagaceae (family), Niabella (genus)	131567 (no rank), 2 (domain), 3379134 (kingdom), 1783270 (clade), 68336 (clade), 976 (phylum), 1853228 (class), 1853229 (order), 563835 (family), 379899 (genus)	305	unreviewed
A0ABZ1NDW4	A0ABZ1NDW4_9NOCA	Nocardia salmonicida	53431	cellular organisms (no rank), Bacteria (domain), Bacillati (kingdom), Actinomycetota (phylum), Actinomycetes (class), Mycobacteriales (order), Nocardiaceae (family), Nocardia (genus)	131567 (no rank), 2 (domain), 1783272 (kingdom), 201174 (phylum), 1760 (class), 85007 (order), 85025 (family), 1817 (genus)	336	unreviewed
C1IC18	C1IC18_9ACTN	Streptomyces asoensis	249586	cellular organisms (no rank), Bacteria (domain), Bacillati (kingdom), Actinomycetota (phylum), Actinomycetes (class), Kitasatosporales (order), Streptomycetaceae (family), Streptomyces (genus)	131567 (no rank), 2 (domain), 1783272 (kingdom), 201174 (phylum), 1760 (class), 85011 (order), 2062 (family), 1883 (genus)	311	unreviewed
E4T1B9	E4T1B9_PALPW	Paludibacter propionicigenes (strain DSM 17365 / JCM 13257 / WB4)	694427	cellular organisms (no rank), Bacteria (domain), Pseudomonadati (kingdom), FCB group (clade), Bacteroidota/Chlorobiota group (clade), Bacteroidota (phylum), Bacteroidia (class), Bacteroidales (order), Paludibacteraceae (family), Paludibacter (genus), Paludibacter propionicigenes (species)	131567 (no rank), 2 (domain), 3379134 (kingdom), 1783270 (clade), 68336 (clade), 976 (phylum), 200643 (class), 171549 (order), 2005523 (family), 346096 (genus), 185300 (species)	304	unreviewed
A0ABW5EHM2	A0ABW5EHM2_9GAMM	Microbulbifer halophilus	453963	cellular organisms (no rank), Bacteria (domain), Pseudomonadati (kingdom), Pseudomonadota (phylum), Gammaproteobacteria (class), Cellvibrionales (order), Microbulbiferaceae (family), Microbulbifer (genus)	131567 (no rank), 2 (domain), 3379134 (kingdom), 1224 (phylum), 1236 (class), 1706369 (order), 1706373 (family), 48073 (genus)	272	unreviewed
A0ABW6NYV4	A0ABW6NYV4_9NOCA	Nocardia aobensis	257277	cellular organisms (no rank), Bacteria (domain), Bacillati (kingdom), Actinomycetota (phylum), Actinomycetes (class), Mycobacteriales (order), Nocardiaceae (family), Nocardia (genus)	131567 (no rank), 2 (domain), 1783272 (kingdom), 201174 (phylum), 1760 (class), 85007 (order), 85025 (family), 1817 (genus)	322	unreviewed
A0ABY2RG97	A0ABY2RG97_9NOCA	Rhodococcus oryzae	2571143	cellular organisms (no rank), Bacteria (domain), Bacillati (kingdom), Actinomycetota (phylum), Actinomycetes (class), Mycobacteriales (order), Nocardiaceae (family), Rhodococcus (genus)	131567 (no rank), 2 (domain), 1783272 (kingdom), 201174 (phylum), 1760 (class), 85007 (order), 85025 (family), 1827 (genus)	334	unreviewed
A0ABY5PK17	A0ABY5PK17_9ACTN	Svornostia abyssi	2898438	cellular organisms (no rank), Bacteria (domain), Bacillati (kingdom), Actinomycetota (phylum), Thermoleophilia (class), Solirubrobacterales (order), Baekduiaceae (family), Svornostia (genus)	131567 (no rank), 2 (domain), 1783272 (kingdom), 201174 (phylum), 1497346 (class), 588673 (order), 2600303 (family), 3231543 (genus)	285	unreviewed
A0ACE2MB26	A0ACE2MB26_9DEIO	Deinococcus saxicola	249406	cellular organisms (no rank), Bacteria (domain), Thermotogati (kingdom), Deinococcota (phylum), Deinococci (class), Deinococcales (order), Deinococcaceae (family), Deinococcus (genus)	131567 (no rank), 2 (domain), 3384194 (kingdom), 1297 (phylum), 188787 (class), 118964 (order), 183710 (family), 1298 (genus)	315	unreviewed
C7MVV4	C7MVV4_SACVD	Saccharomonospora viridis (strain ATCC 15386 / DSM 43017 / JCM 3036 / CCUG 5913 / NBRC 12207 / NCIMB 9602 / P101) (Thermoactinomyces viridis)	471857	cellular organisms (no rank), Bacteria (domain), Bacillati (kingdom), Actinomycetota (phylum), Actinomycetes (class), Pseudonocardiales (order), Pseudonocardiaceae (family), Saccharomonospora (genus), Saccharomonospora viridis (species)	131567 (no rank), 2 (domain), 1783272 (kingdom), 201174 (phylum), 1760 (class), 85010 (order), 2070 (family), 1851 (genus), 1852 (species)	284	unreviewed
F2R1W4	F2R1W4_STRVP	Streptomyces venezuelae (strain ATCC 10712 / CBS 650.69 / DSM 40230 / JCM 4526 / NBRC 13096 / PD 04745)	953739	cellular organisms (no rank), Bacteria (domain), Bacillati (kingdom), Actinomycetota (phylum), Actinomycetes (class), Kitasatosporales (order), Streptomycetaceae (family), Streptomyces (genus), Streptomyces venezuelae (species)	131567 (no rank), 2 (domain), 1783272 (kingdom), 201174 (phylum), 1760 (class), 85011 (order), 2062 (family), 1883 (genus), 54571 (species)	291	unreviewed
A0ABV5UGY4	A0ABV5UGY4_9PSEU	Amycolatopsis plumensis	236508	cellular organisms (no rank), Bacteria (domain), Bacillati (kingdom), Actinomycetota (phylum), Actinomycetes (class), Pseudonocardiales (order), Pseudonocardiaceae (family), Amycolatopsis (genus)	131567 (no rank), 2 (domain), 1783272 (kingdom), 201174 (phylum), 1760 (class), 85010 (order), 2070 (family), 1813 (genus)	311	unreviewed
A0ABX8CQK4	A0ABX8CQK4_9NOCA	Nocardia tengchongensis	2055889	cellular organisms (no rank), Bacteria (domain), Bacillati (kingdom), Actinomycetota (phylum), Actinomycetes (class), Mycobacteriales (order), Nocardiaceae (family), Nocardia (genus)	131567 (no rank), 2 (domain), 1783272 (kingdom), 201174 (phylum), 1760 (class), 85007 (order), 85025 (family), 1817 (genus)	322	unreviewed
A0ABY9URI4	A0ABY9URI4_9ACTN	Streptomyces luomodiensis	3026192	cellular organisms (no rank), Bacteria (domain), Bacillati (kingdom), Actinomycetota (phylum), Actinomycetes (class), Kitasatosporales (order), Streptomycetaceae (family), Streptomyces (genus)	131567 (no rank), 2 (domain), 1783272 (kingdom), 201174 (phylum), 1760 (class), 85011 (order), 2062 (family), 1883 (genus)	322	unreviewed
A0ABZ2KRG5	A0ABZ2KRG5_9BACT	Pendulispora rubella	2741070	cellular organisms (no rank), Bacteria (domain), Pseudomonadati (kingdom), Myxococcota (phylum), Myxococcia (class), Myxococcales (order), Sorangiineae (suborder), Pendulisporaceae (family), Pendulispora (genus)	131567 (no rank), 2 (domain), 3379134 (kingdom), 2818505 (phylum), 32015 (class), 29 (order), 80812 (suborder), 3375061 (family), 3375062 (genus)	318	unreviewed
A4Y035	A4Y035_ECTM1	Ectopseudomonas mendocina (strain ymp) (Pseudomonas mendocina)	399739	cellular organisms (no rank), Bacteria (domain), Pseudomonadati (kingdom), Pseudomonadota (phylum), Gammaproteobacteria (class), Pseudomonadales (order), Pseudomonadaceae (family), Ectopseudomonas (genus), Ectopseudomonas mendocina (species)	131567 (no rank), 2 (domain), 3379134 (kingdom), 1224 (phylum), 1236 (class), 72274 (order), 135621 (family), 3236654 (genus), 300 (species)	280	unreviewed
C6VZJ3	C6VZJ3_DYAFD	Dyadobacter fermentans (strain ATCC 700827 / DSM 18053 / CIP 107007 / KCTC 52180 / NS114)	471854	cellular organisms (no rank), Bacteria (domain), Pseudomonadati (kingdom), FCB group (clade), Bacteroidota/Chlorobiota group (clade), Bacteroidota (phylum), Cytophagia (class), Cytophagales (order), Spirosomataceae (family), Dyadobacter (genus), Dyadobacter fermentans (species)	131567 (no rank), 2 (domain), 3379134 (kingdom), 1783270 (clade), 68336 (clade), 976 (phylum), 768503 (class), 768507 (order), 2896860 (family), 120831 (genus), 94254 (species)	295	unreviewed
D3F610	D3F610_CONWI	Conexibacter woesei (strain DSM 14684 / CCUG 47730 / CIP 108061 / JCM 11494 / NBRC 100937 / ID131577)	469383	cellular organisms (no rank), Bacteria (domain), Bacillati (kingdom), Actinomycetota (phylum), Thermoleophilia (class), Solirubrobacterales (order), Conexibacteraceae (family), Conexibacter (genus), Conexibacter woesei (species)	131567 (no rank), 2 (domain), 1783272 (kingdom), 201174 (phylum), 1497346 (class), 588673 (order), 320583 (family), 191494 (genus), 191495 (species)	286	unreviewed
G9BY57	PETH_UNKP	Unknown prokaryotic organism	2725	cellular organisms (no rank), Bacteria (domain), environmental samples (no rank)	131567 (no rank), 2 (domain), 48479 (no rank)	293	reviewed
Q47RJ6	PETH2_THEFY	Thermobifida fusca (strain YX)	269800	cellular organisms (no rank), Bacteria (domain), Bacillati (kingdom), Actinomycetota (phylum), Actinomycetes (class), Streptosporangiales (order), Nocardiopsidaceae (family), Thermobifida (genus), Thermobifida fusca (species)	131567 (no rank), 2 (domain), 1783272 (kingdom), 201174 (phylum), 1760 (class), 85012 (order), 83676 (family), 83677 (genus), 2021 (species)	301	reviewed
F7IX06	PETH2_THEAE	Thermobifida alba (Thermomonospora alba)	53522	cellular organisms (no rank), Bacteria (domain), Bacillati (kingdom), Actinomycetota (phylum), Actinomycetes (class), Streptosporangiales (order), Nocardiopsidaceae (family), Thermobifida (genus)	131567 (no rank), 2 (domain), 1783272 (kingdom), 201174 (phylum), 1760 (class), 85012 (order), 83676 (family), 83677 (genus)	300	reviewed
P0DX29	PETH1_AMYMS	Amycolatopsis mediterranei (strain S699) (Nocardia mediterranei)	713604	cellular organisms (no rank), Bacteria (domain), Bacillati (kingdom), Actinomycetota (phylum), Actinomycetes (class), Pseudonocardiales (order), Pseudonocardiaceae (family), Amycolatopsis (genus), Amycolatopsis mediterranei (species)	131567 (no rank), 2 (domain), 1783272 (kingdom), 201174 (phylum), 1760 (class), 85010 (order), 2070 (family), 1813 (genus), 33910 (species)	309	reviewed
G8GER6	PETH1_THEFU	Thermobifida fusca (Thermomonospora fusca)	2021	cellular organisms (no rank), Bacteria (domain), Bacillati (kingdom), Actinomycetota (phylum), Actinomycetes (class), Streptosporangiales (order), Nocardiopsidaceae (family), Thermobifida (genus)	131567 (no rank), 2 (domain), 1783272 (kingdom), 201174 (phylum), 1760 (class), 85012 (order), 83676 (family), 83677 (genus)	319	reviewed
O53581	CULP6_MYCTU	Mycobacterium tuberculosis (strain ATCC 25618 / H37Rv)	83332	cellular organisms (no rank), Bacteria (domain), Bacillati (kingdom), Actinomycetota (phylum), Actinomycetes (class), Mycobacteriales (order), Mycobacteriaceae (family), Mycobacterium (genus), Mycobacterium tuberculosis complex (no rank), Mycobacterium tuberculosis (species)	131567 (no rank), 2 (domain), 1783272 (kingdom), 201174 (phylum), 1760 (class), 85007 (order), 1762 (family), 1763 (genus), 77643 (no rank), 1773 (species)	336	reviewed
Q6A0I4	PETH2_THEFU	Thermobifida fusca (Thermomonospora fusca)	2021	cellular organisms (no rank), Bacteria (domain), Bacillati (kingdom), Actinomycetota (phylum), Actinomycetes (class), Streptosporangiales (order), Nocardiopsidaceae (family), Thermobifida (genus)	131567 (no rank), 2 (domain), 1783272 (kingdom), 201174 (phylum), 1760 (class), 85012 (order), 83676 (family), 83677 (genus)	301	reviewed
Q9L2J6	BHETH_STRCO	Streptomyces coelicolor (strain ATCC BAA-471 / A3(2) / M145)	100226	cellular organisms (no rank), Bacteria (domain), Bacillati (kingdom), Actinomycetota (phylum), Actinomycetes (class), Kitasatosporales (order), Streptomycetaceae (family), Streptomyces (genus), Streptomyces albidoflavus group (no rank), Streptomyces coelicolor (species)	131567 (no rank), 2 (domain), 1783272 (kingdom), 201174 (phylum), 1760 (class), 85011 (order), 2062 (family), 1883 (genus), 1477431 (no rank), 1902 (species)	310	reviewed
Q47RJ7	PETH1_THEFY	Thermobifida fusca (strain YX)	269800	cellular organisms (no rank), Bacteria (domain), Bacillati (kingdom), Actinomycetota (phylum), Actinomycetes (class), Streptosporangiales (order), Nocardiopsidaceae (family), Thermobifida (genus), Thermobifida fusca (species)	131567 (no rank), 2 (domain), 1783272 (kingdom), 201174 (phylum), 1760 (class), 85012 (order), 83676 (family), 83677 (genus), 2021 (species)	319	reviewed
Q51553	PHAG_PSEAE	Pseudomonas aeruginosa (strain ATCC 15692 / DSM 22644 / CIP 104116 / JCM 14847 / LMG 12228 / 1C / PRS 101 / PAO1)	208964	cellular organisms (no rank), Bacteria (domain), Pseudomonadati (kingdom), Pseudomonadota (phylum), Gammaproteobacteria (class), Pseudomonadales (order), Pseudomonadaceae (family), Pseudomonas (genus), Pseudomonas aeruginosa group (no rank), Pseudomonas aeruginosa (species)	131567 (no rank), 2 (domain), 3379134 (kingdom), 1224 (phylum), 1236 (class), 72274 (order), 135621 (family), 286 (genus), 136841 (no rank), 287 (species)	300	reviewed
Q9PDM3	BIOH_XYLFA	Xylella fastidiosa (strain 9a5c)	160492	cellular organisms (no rank), Bacteria (domain), Pseudomonadati (kingdom), Pseudomonadota (phylum), Gammaproteobacteria (class), Lysobacterales (order), Lysobacteraceae (family), Xylella (genus), Xylella fastidiosa (species)	131567 (no rank), 2 (domain), 3379134 (kingdom), 1224 (phylum), 1236 (class), 135614 (order), 32033 (family), 2370 (genus), 2371 (species)	255	reviewed
P9WP39	CULP3_MYCTU	Mycobacterium tuberculosis (strain ATCC 25618 / H37Rv)	83332	cellular organisms (no rank), Bacteria (domain), Bacillati (kingdom), Actinomycetota (phylum), Actinomycetes (class), Mycobacteriales (order), Mycobacteriaceae (family), Mycobacterium (genus), Mycobacterium tuberculosis complex (no rank), Mycobacterium tuberculosis (species)	131567 (no rank), 2 (domain), 1783272 (kingdom), 201174 (phylum), 1760 (class), 85007 (order), 1762 (family), 1763 (genus), 77643 (no rank), 1773 (species)	262	reviewed
P26495	PHAZ_ECTOL	Ectopseudomonas oleovorans (Pseudomonas oleovorans)	301	cellular organisms (no rank), Bacteria (domain), Pseudomonadati (kingdom), Pseudomonadota (phylum), Gammaproteobacteria (class), Pseudomonadales (order), Pseudomonadaceae (family), Ectopseudomonas (genus)	131567 (no rank), 2 (domain), 3379134 (kingdom), 1224 (phylum), 1236 (class), 72274 (order), 135621 (family), 3236654 (genus)	283	reviewed
Q8NLR5	CUP6H_CORGL	Corynebacterium glutamicum (strain ATCC 13032 / DSM 20300 / JCM 1318 / BCRC 11384 / CCUG 27702 / LMG 3730 / NBRC 12168 / NCIMB 10025 / NRRL B-2784 / 534)	196627	cellular organisms (no rank), Bacteria (domain), Bacillati (kingdom), Actinomycetota (phylum), Actinomycetes (class), Mycobacteriales (order), Corynebacteriaceae (family), Corynebacterium (genus), Corynebacterium glutamicum (species)	131567 (no rank), 2 (domain), 1783272 (kingdom), 201174 (phylum), 1760 (class), 85007 (order), 1653 (family), 1716 (genus), 1718 (species)	309	reviewed
Q9KJH8	PHAG_ECTOL	Ectopseudomonas oleovorans (Pseudomonas oleovorans)	301	cellular organisms (no rank), Bacteria (domain), Pseudomonadati (kingdom), Pseudomonadota (phylum), Gammaproteobacteria (class), Pseudomonadales (order), Pseudomonadaceae (family), Ectopseudomonas (genus)	131567 (no rank), 2 (domain), 3379134 (kingdom), 1224 (phylum), 1236 (class), 72274 (order), 135621 (family), 3236654 (genus)	295	reviewed
O85207	PHAG_PSEPK	Pseudomonas putida (strain ATCC 47054 / DSM 6125 / CFBP 8728 / NCIMB 11950 / KT2440)	160488	cellular organisms (no rank), Bacteria (domain), Pseudomonadati (kingdom), Pseudomonadota (phylum), Gammaproteobacteria (class), Pseudomonadales (order), Pseudomonadaceae (family), Pseudomonas (genus), Pseudomonas putida group (no rank), Pseudomonas putida (species)	131567 (no rank), 2 (domain), 3379134 (kingdom), 1224 (phylum), 1236 (class), 72274 (order), 135621 (family), 286 (genus), 136845 (no rank), 303 (species)	295	reviewed
P0A537	CULP3_MYCBO	Mycobacterium bovis (strain ATCC BAA-935 / AF2122/97)	233413	cellular organisms (no rank), Bacteria (domain), Bacillati (kingdom), Actinomycetota (phylum), Actinomycetes (class), Mycobacteriales (order), Mycobacteriaceae (family), Mycobacterium (genus), Mycobacterium tuberculosis complex (no rank), Mycobacterium tuberculosis (species), Mycobacterium bovis (biotype)	131567 (no rank), 2 (domain), 1783272 (kingdom), 201174 (phylum), 1760 (class), 85007 (order), 1762 (family), 1763 (genus), 77643 (no rank), 1773 (species), 1765 (biotype)	262	reviewed
P9WP38	CULP3_MYCTO	Mycobacterium tuberculosis (strain CDC 1551 / Oshkosh)	83331	cellular organisms (no rank), Bacteria (domain), Bacillati (kingdom), Actinomycetota (phylum), Actinomycetes (class), Mycobacteriales (order), Mycobacteriaceae (family), Mycobacterium (genus), Mycobacterium tuberculosis complex (no rank), Mycobacterium tuberculosis (species)	131567 (no rank), 2 (domain), 1783272 (kingdom), 201174 (phylum), 1760 (class), 85007 (order), 1762 (family), 1763 (genus), 77643 (no rank), 1773 (species)	262	reviewed
P19833	LIP1_MORS1	Moraxella sp. (strain TA144)	77152	cellular organisms (no rank), Bacteria (domain), Pseudomonadati (kingdom), Pseudomonadota (phylum), Gammaproteobacteria (class), Moraxellales (order), Moraxellaceae (family), Moraxella (genus), unclassified Moraxella (no rank)	131567 (no rank), 2 (domain), 3379134 (kingdom), 1224 (phylum), 1236 (class), 2887326 (order), 468 (family), 475 (genus), 2685852 (no rank)	319	reviewed
K1X9E7	K1X9E7_MARBU	Marssonina brunnea f. sp. multigermtubi (strain MB_m1) (Marssonina leaf spot fungus)	1072389	cellular organisms (no rank), Eukaryota (domain), Opisthokonta (clade), Fungi (kingdom), Dikarya (subkingdom), Ascomycota (phylum), saccharomyceta (clade), Pezizomycotina (subphylum), leotiomyceta (clade), sordariomyceta (clade), Leotiomycetes (class), Helotiales (order), Drepanopezizaceae (family), Drepanopeziza (genus), Drepanopeziza brunnea (species), Drepanopeziza brunnea f. sp. 'multigermtubi' (no rank)	131567 (no rank), 2759 (domain), 33154 (clade), 4751 (kingdom), 451864 (subkingdom), 4890 (phylum), 716545 (clade), 147538 (subphylum), 716546 (clade), 715989 (clade), 147548 (class), 5178 (order), 2793945 (family), 2081418 (genus), 698440 (species), 698441 (no rank)	292	unreviewed
G4MR24	G4MR24_PYRO7	Pyricularia oryzae (strain 70-15 / ATCC MYA-4617 / FGSC 8958) (Rice blast fungus) (Magnaporthe oryzae)	242507	cellular organisms (no rank), Eukaryota (domain), Opisthokonta (clade), Fungi (kingdom), Dikarya (subkingdom), Ascomycota (phylum), saccharomyceta (clade), Pezizomycotina (subphylum), leotiomyceta (clade), sordariomyceta (clade), Sordariomycetes (class), Sordariomycetidae (subclass), Magnaporthales (order), Pyriculariaceae (family), Pyricularia (genus), Pyricularia oryzae (species)	131567 (no rank), 2759 (domain), 33154 (clade), 4751 (kingdom), 451864 (subkingdom), 4890 (phylum), 716545 (clade), 147538 (subphylum), 716546 (clade), 715989 (clade), 147550 (class), 222544 (subclass), 639021 (order), 2528436 (family), 48558 (genus), 318829 (species)	287	unreviewed
W6YHF0	W6YHF0_COCC2	Cochliobolus carbonum (strain 26-R-13) (Maize leaf spot fungus) (Bipolaris zeicola)	930089	cellular organisms (no rank), Eukaryota (domain), Opisthokonta (clade), Fungi (kingdom), Dikarya (subkingdom), Ascomycota (phylum), saccharomyceta (clade), Pezizomycotina (subphylum), leotiomyceta (clade), dothideomyceta (clade), Dothideomycetes (class), Pleosporomycetidae (subclass), Pleosporales (order), Pleosporineae (suborder), Pleosporaceae (family), Bipolaris (genus), Cochliobolus carbonum (species)	131567 (no rank), 2759 (domain), 33154 (clade), 4751 (kingdom), 451864 (subkingdom), 4890 (phylum), 716545 (clade), 147538 (subphylum), 716546 (clade), 715962 (clade), 147541 (class), 451868 (subclass), 92860 (order), 715340 (suborder), 28556 (family), 33194 (genus), 5017 (species)	341	unreviewed
N1QM35	N1QM35_SPHMS	Sphaerulina musiva (strain SO2202) (Poplar stem canker fungus) (Septoria musiva)	692275	cellular organisms (no rank), Eukaryota (domain), Opisthokonta (clade), Fungi (kingdom), Dikarya (subkingdom), Ascomycota (phylum), saccharomyceta (clade), Pezizomycotina (subphylum), leotiomyceta (clade), dothideomyceta (clade), Dothideomycetes (class), Dothideomycetidae (subclass), Mycosphaerellales (order), Mycosphaerellaceae (family), Sphaerulina (genus), Sphaerulina musiva (species)	131567 (no rank), 2759 (domain), 33154 (clade), 4751 (kingdom), 451864 (subkingdom), 4890 (phylum), 716545 (clade), 147538 (subphylum), 716546 (clade), 715962 (clade), 147541 (class), 451867 (subclass), 2726947 (order), 93133 (family), 237179 (genus), 85929 (species)	332	unreviewed
Q59798	Q59798_9ACTN	Streptomyces albus	1888	cellular organisms (no rank), Bacteria (domain), Bacillati (kingdom), Actinomycetota (phylum), Actinomycetes (class), Kitasatosporales (order), Streptomycetaceae (family), Streptomyces (genus)	131567 (no rank), 2 (domain), 1783272 (kingdom), 201174 (phylum), 1760 (class), 85011 (order), 2062 (family), 1883 (genus)	304	unreviewed
U4LUU3	U4LUU3_PYROM	Pyronema omphalodes (strain CBS 100304) (Pyronema confluens)	1076935	cellular organisms (no rank), Eukaryota (domain), Opisthokonta (clade), Fungi (kingdom), Dikarya (subkingdom), Ascomycota (phylum), saccharomyceta (clade), Pezizomycotina (subphylum), Pezizomycetes (class), Pezizales (order), Pyronemataceae (family), Pyronema (genus), Pyronema omphalodes (species)	131567 (no rank), 2759 (domain), 33154 (clade), 4751 (kingdom), 451864 (subkingdom), 4890 (phylum), 716545 (clade), 147538 (subphylum), 147549 (class), 5185 (order), 110846 (family), 47204 (genus), 337075 (species)	263	unreviewed
W7J4Y7	W7J4Y7_9PSEU	Actinokineospora spheciospongiae	909613	cellular organisms (no rank), Bacteria (domain), Bacillati (kingdom), Actinomycetota (phylum), Actinomycetes (class), Pseudonocardiales (order), Pseudonocardiaceae (family), Actinokineospora (genus)	131567 (no rank), 2 (domain), 1783272 (kingdom), 201174 (phylum), 1760 (class), 85010 (order), 2070 (family), 39845 (genus)	308	unreviewed
F4Y3S0	F4Y3S0_9CYAN	Moorena producens 3L	489825	cellular organisms (no rank), Bacteria (domain), Bacillati (kingdom), Cyanobacteriota/Melainabacteria group (clade), Cyanobacteriota (phylum), Cyanophyceae (class), Coleofasciculales (order), Coleofasciculaceae (family), Moorena (genus), Moorena producens (species)	131567 (no rank), 2 (domain), 1783272 (kingdom), 1798711 (clade), 1117 (phylum), 3028117 (class), 3079753 (order), 1892251 (family), 1155738 (genus), 1155739 (species)	267	unreviewed
H0E877	H0E877_9ACTN	Patulibacter medicamentivorans	1097667	cellular organisms (no rank), Bacteria (domain), Bacillati (kingdom), Actinomycetota (phylum), Thermoleophilia (class), Solirubrobacterales (order), Patulibacteraceae (family), Patulibacter (genus)	131567 (no rank), 2 (domain), 1783272 (kingdom), 201174 (phylum), 1497346 (class), 588673 (order), 361606 (family), 361607 (genus)	291	unreviewed
J7G260	J7G260_9ACTN	Streptomyces aureochromogenes	1218961	cellular organisms (no rank), Bacteria (domain), Bacillati (kingdom), Actinomycetota (phylum), Actinomycetes (class), Kitasatosporales (order), Streptomycetaceae (family), Streptomyces (genus)	131567 (no rank), 2 (domain), 1783272 (kingdom), 201174 (phylum), 1760 (class), 85011 (order), 2062 (family), 1883 (genus)	311	unreviewed
X5DX37	X5DX37_9BACT	Draconibacterium orientale	1168034	cellular organisms (no rank), Bacteria (domain), Pseudomonadati (kingdom), FCB group (clade), Bacteroidota/Chlorobiota group (clade), Bacteroidota (phylum), Bacteroidia (class), Marinilabiliales (order), Prolixibacteraceae (family), Draconibacterium (genus)	131567 (no rank), 2 (domain), 3379134 (kingdom), 1783270 (clade), 68336 (clade), 976 (phylum), 200643 (class), 1970189 (order), 1471398 (family), 1471399 (genus)	299	unreviewed
F6CS36	F6CS36_MARPP	Marinomonas posidonica (strain CECT 7376 / NCIMB 14433 / IVIA-Po-181)	491952	cellular organisms (no rank), Bacteria (domain), Pseudomonadati (kingdom), Pseudomonadota (phylum), Gammaproteobacteria (class), Oceanospirillales (order), Oceanospirillaceae (family), Marinomonas (genus), Marinomonas posidonica (species)	131567 (no rank), 2 (domain), 3379134 (kingdom), 1224 (phylum), 1236 (class), 135619 (order), 135620 (family), 28253 (genus), 936476 (species)	337	unreviewed
Q6NJ46	Q6NJ46_CORDI	Corynebacterium diphtheriae (strain ATCC 700971 / NCTC 13129 / Biotype gravis)	257309	cellular organisms (no rank), Bacteria (domain), Bacillati (kingdom), Actinomycetota (phylum), Actinomycetes (class), Mycobacteriales (order), Corynebacteriaceae (family), Corynebacterium (genus), Corynebacterium diphtheriae (species)	131567 (no rank), 2 (domain), 1783272 (kingdom), 201174 (phylum), 1760 (class), 85007 (order), 1653 (family), 1716 (genus), 1717 (species)	287	unreviewed
R4T7Z6	R4T7Z6_9PSEU	Amycolatopsis keratiniphila	129921	cellular organisms (no rank), Bacteria (domain), Bacillati (kingdom), Actinomycetota (phylum), Actinomycetes (class), Pseudonocardiales (order), Pseudonocardiaceae (family), Amycolatopsis (genus), Amycolatopsis japonica group (no rank)	131567 (no rank), 2 (domain), 1783272 (kingdom), 201174 (phylum), 1760 (class), 85010 (order), 2070 (family), 1813 (genus), 2893673 (no rank)	278	unreviewed
R7WGV9	R7WGV9_9NOCA	Rhodococcus rhodnii LMG 5362	1273125	cellular organisms (no rank), Bacteria (domain), Bacillati (kingdom), Actinomycetota (phylum), Actinomycetes (class), Mycobacteriales (order), Nocardiaceae (family), Rhodococcus (genus), Rhodococcus rhodnii (species)	131567 (no rank), 2 (domain), 1783272 (kingdom), 201174 (phylum), 1760 (class), 85007 (order), 85025 (family), 1827 (genus), 38312 (species)	287	unreviewed
I0HDL6	I0HDL6_ACTM4	Actinoplanes missouriensis (strain ATCC 14538 / DSM 43046 / CBS 188.64 / JCM 3121 / NBRC 102363 / NCIMB 12654 / NRRL B-3342 / UNCC 431)	512565	cellular organisms (no rank), Bacteria (domain), Bacillati (kingdom), Actinomycetota (phylum), Actinomycetes (class), Micromonosporales (order), Micromonosporaceae (family), Actinoplanes (genus), Actinoplanes missouriensis (species)	131567 (no rank), 2 (domain), 1783272 (kingdom), 201174 (phylum), 1760 (class), 85008 (order), 28056 (family), 1865 (genus), 1866 (species)	271	unreviewed
Q8FS14	Q8FS14_COREF	Corynebacterium efficiens (strain DSM 44549 / YS-314 / AJ 12310 / JCM 11189 / NBRC 100395)	196164	cellular organisms (no rank), Bacteria (domain), Bacillati (kingdom), Actinomycetota (phylum), Actinomycetes (class), Mycobacteriales (order), Corynebacteriaceae (family), Corynebacterium (genus), Corynebacterium efficiens (species)	131567 (no rank), 2 (domain), 1783272 (kingdom), 201174 (phylum), 1760 (class), 85007 (order), 1653 (family), 1716 (genus), 152794 (species)	306	unreviewed
G4NHE7	G4NHE7_PYRO7	Pyricularia oryzae (strain 70-15 / ATCC MYA-4617 / FGSC 8958) (Rice blast fungus) (Magnaporthe oryzae)	242507	cellular organisms (no rank), Eukaryota (domain), Opisthokonta (clade), Fungi (kingdom), Dikarya (subkingdom), Ascomycota (phylum), saccharomyceta (clade), Pezizomycotina (subphylum), leotiomyceta (clade), sordariomyceta (clade), Sordariomycetes (class), Sordariomycetidae (subclass), Magnaporthales (order), Pyriculariaceae (family), Pyricularia (genus), Pyricularia oryzae (species)	131567 (no rank), 2759 (domain), 33154 (clade), 4751 (kingdom), 451864 (subkingdom), 4890 (phylum), 716545 (clade), 147538 (subphylum), 716546 (clade), 715989 (clade), 147550 (class), 222544 (subclass), 639021 (order), 2528436 (family), 48558 (genus), 318829 (species)	331	unreviewed
H8G8N0	H8G8N0_9PSEU	Saccharomonospora azurea NA-128	882081	cellular organisms (no rank), Bacteria (domain), Bacillati (kingdom), Actinomycetota (phylum), Actinomycetes (class), Pseudonocardiales (order), Pseudonocardiaceae (family), Saccharomonospora (genus), Saccharomonospora azurea (species)	131567 (no rank), 2 (domain), 1783272 (kingdom), 201174 (phylum), 1760 (class), 85010 (order), 2070 (family), 1851 (genus), 40988 (species)	305	unreviewed
M5DS72	M5DS72_9GAMM	Thalassolituus oleivorans MIL-1	1298593	cellular organisms (no rank), Bacteria (domain), Pseudomonadati (kingdom), Pseudomonadota (phylum), Gammaproteobacteria (class), Oceanospirillales (order), Oceanospirillaceae (family), Thalassolituus (genus), Thalassolituus oleivorans (species)	131567 (no rank), 2 (domain), 3379134 (kingdom), 1224 (phylum), 1236 (class), 135619 (order), 135620 (family), 187492 (genus), 187493 (species)	278	unreviewed
S3LSX7	S3LSX7_9SPIR	Treponema vincentii F0403	1125702	cellular organisms (no rank), Bacteria (domain), Pseudomonadati (kingdom), Spirochaetota (phylum), Spirochaetia (class), Spirochaetales (order), Treponemataceae (family), Treponema (genus), Treponema vincentii (species)	131567 (no rank), 2 (domain), 3379134 (kingdom), 203691 (phylum), 203692 (class), 136 (order), 2845253 (family), 157 (genus), 69710 (species)	342	unreviewed
W7INJ7	W7INJ7_9PSEU	Actinokineospora spheciospongiae	909613	cellular organisms (no rank), Bacteria (domain), Bacillati (kingdom), Actinomycetota (phylum), Actinomycetes (class), Pseudonocardiales (order), Pseudonocardiaceae (family), Actinokineospora (genus)	131567 (no rank), 2 (domain), 1783272 (kingdom), 201174 (phylum), 1760 (class), 85010 (order), 2070 (family), 39845 (genus)	275	unreviewed
M5DT34	M5DT34_9GAMM	Thalassolituus oleivorans MIL-1	1298593	cellular organisms (no rank), Bacteria (domain), Pseudomonadati (kingdom), Pseudomonadota (phylum), Gammaproteobacteria (class), Oceanospirillales (order), Oceanospirillaceae (family), Thalassolituus (genus), Thalassolituus oleivorans (species)	131567 (no rank), 2 (domain), 3379134 (kingdom), 1224 (phylum), 1236 (class), 135619 (order), 135620 (family), 187492 (genus), 187493 (species)	293	unreviewed
